IDT_MATRICULA,IDT_TURMA,COD_DISCIPLINA,VLR_MEDIA,DSC_SITUACAO_FINAL,1,2,3,4,5,6,7,8,9,10,11,12,13,14,15,16,17,18,19,20
9,1892,GSI005,74,Aprovado,1,1,1,1,1,2,2,1,1,2,2,2,1,1,2,1,2,1,1,1
14,2260,GSI005,11,Reprovado,1,0,0,1,1,2,1,2,1,2,2,2,1,1,2,2,2,1,1,1
18,2326,GSI005,60,Aprovado,1,1,2,2,1,2,2,1,1,2,2,2,1,1,1,1,2,1,1,1
19,2154,GSI005,60,Aprovado,1,2,1,1,2,2,2,1,1,2,2,2,1,1,1,2,2,1,1,1
20,1671,GSI005,60,Aprovado,1,0,1,2,1,1,2,2,2,0,2,2,1,1,2,1,2,1,1,2
25,2024,GSI005,72,Aprovado,0,1,1,0,2,2,2,1,1,2,2,2,1,1,1,2,2,1,1,1
30,1582,GSI005,3,Reprovado,1,0,0,0,0,2,0,0,0,2,2,0,0,0,2,2,2,0,0,2
31,1911,GSI005,64,Aprovado,0,1,1,1,1,1,2,2,2,1,2,2,1,1,1,1,2,1,1,1
32,1582,GSI005,8,Reprovado,1,1,1,0,0,2,1,1,1,2,2,1,0,1,2,2,2,0,1,2
35,2622,GSI005,95,Aprovado,1,1,1,1,1,2,2,1,1,2,2,2,1,1,2,1,2,1,1,1
36,2622,GSI005,60,Aprovado,1,1,1,1,1,2,2,1,1,2,2,2,1,1,2,1,2,1,1,1
38,2368,GSI005,2,Reprovado,0,0,2,2,1,1,2,1,2,2,1,1,2,0,2,0,2,0,0,0
43,2485,GSI005,18,Reprovado,1,0,2,2,1,2,2,0,1,2,2,2,0,0,1,0,2,1,1,1
51,1892,GSI005,88,Aprovado,1,1,1,1,1,2,2,1,1,2,2,2,1,1,2,1,2,1,1,1
52,1892,GSI005,75,Aprovado,1,1,1,1,1,2,2,1,1,2,2,2,1,1,2,1,2,1,1,1
54,2507,GSI005,13,Reprovado,1,1,1,1,1,2,2,1,1,2,2,2,1,1,2,1,2,1,0,1
55,2418,GSI005,72,Aprovado,1,1,1,0,1,1,2,1,2,2,1,1,2,0,2,1,2,1,1,0
58,2367,GSI005,0,Reprovado,0,0,2,2,0,2,2,0,0,0,2,2,0,0,0,0,2,0,0,0
63,2093,GSI005,73,Aprovado,1,2,1,1,2,2,2,1,1,2,2,2,1,1,1,2,2,1,1,1
64,2093,GSI005,76,Aprovado,1,2,1,1,2,2,2,1,1,2,2,2,1,1,1,2,2,1,1,1
65,2093,GSI005,13,Reprovado,1,2,1,0,2,2,2,1,1,2,2,2,0,0,0,2,2,1,0,1
67,2024,GSI005,15,Reprovado,1,1,1,1,2,2,2,1,1,2,2,2,1,1,1,2,2,1,1,1
72,1963,GSI005,6,Reprovado,1,1,1,1,1,2,1,0,2,1,2,2,0,1,2,2,2,0,1,2
76,1582,GSI005,71,Aprovado,1,1,1,1,1,2,1,1,1,2,2,0,0,1,2,2,2,1,1,2
79,1961,GSI005,90,Aprovado,1,1,1,1,2,2,2,1,1,2,2,2,1,2,1,2,2,1,1,1
80,2410,GSI005,72,Aprovado,1,1,2,2,1,2,2,1,1,2,2,2,1,1,1,1,2,1,1,1
82,2154,GSI005,65,Aprovado,1,2,1,1,2,2,2,1,1,2,2,2,1,1,1,2,2,1,1,1
84,1949,GSI005,63,Aprovado,1,1,1,1,2,2,2,1,1,1,2,1,1,1,1,1,2,1,1,1
88,2738,GSI005,63,Aprovado,1,1,1,1,1,2,2,1,1,2,2,2,1,1,2,1,2,1,1,1
91,2724,GSI005,67,Aprovado,1,1,1,1,1,2,2,1,1,2,2,2,1,1,2,1,2,1,1,1
94,2485,GSI005,60,Aprovado,1,1,2,2,1,2,2,1,1,2,2,2,1,1,0,1,2,1,1,1
96,2367,GSI005,68,Aprovado,1,1,2,2,1,2,2,1,1,1,2,2,1,1,1,1,2,1,1,1
99,2326,GSI005,62,Aprovado,1,0,2,2,1,2,2,1,1,2,2,2,1,1,1,1,2,1,1,1
102,2326,GSI005,41,Reprovado,1,1,2,2,1,2,2,1,1,2,2,2,1,1,1,1,2,1,1,1
108,1911,GSI005,46,Reprovado,1,1,1,1,1,0,2,2,2,0,2,2,1,1,1,1,2,1,1,1
109,2093,GSI005,69,Aprovado,1,2,1,1,2,2,2,1,1,2,2,2,1,1,1,2,2,1,1,1
111,1892,GSI005,100,Aprovado,1,1,1,1,1,2,2,1,1,2,2,2,1,1,2,1,2,1,1,1
115,2189,GSI005,0,Reprovado,0,0,0,0,2,2,2,0,0,2,2,2,0,0,0,2,2,0,0,1
117,1996,GSI005,1,Reprovado,1,1,1,1,2,2,2,1,1,2,2,2,1,1,1,2,2,1,1,1
118,1671,GSI005,16,Reprovado,1,0,1,2,1,1,2,2,2,0,2,2,1,0,2,1,2,0,1,2
119,2622,GSI005,60,Aprovado,1,1,1,1,1,2,2,1,1,2,2,2,1,1,2,1,2,1,1,1
121,2557,GSI005,73,Aprovado,1,1,2,2,1,2,1,1,1,0,2,2,1,1,0,1,2,1,1,1
122,1899,GSI005,40,Reprovado,1,1,1,2,0,1,2,1,1,2,2,2,2,1,2,1,2,1,1,1
123,2093,GSI005,80,Aprovado,1,2,1,1,2,2,2,1,1,2,2,2,1,1,1,2,2,1,1,1
127,1892,GSI005,76,Aprovado,1,1,1,1,1,2,2,1,1,2,2,2,1,1,2,1,2,1,1,1
130,2367,GSI005,1,Reprovado,1,1,2,2,1,2,2,1,1,1,2,2,1,0,1,1,2,1,1,1
131,1961,GSI005,61,Aprovado,1,1,1,1,2,2,2,1,1,2,2,2,1,2,1,2,2,1,1,1
132,1899,GSI005,0,Reprovado,0,0,0,2,0,0,2,0,0,2,2,2,2,0,2,0,2,1,0,1
133,2154,GSI005,60,Aprovado,1,2,1,1,2,2,2,1,1,2,2,2,1,1,1,2,2,1,1,1
134,1892,GSI005,49,Reprovado,1,1,1,1,1,2,2,1,1,2,2,2,1,1,2,1,2,1,1,1
135,1892,GSI005,70,Aprovado,1,1,1,1,1,2,2,1,1,2,2,2,1,1,2,1,2,1,1,1
138,1911,GSI005,70,Aprovado,0,1,0,1,1,1,2,2,2,1,2,2,1,1,1,1,2,1,1,1
143,2738,GSI005,79,Aprovado,1,1,1,1,1,2,2,1,1,2,2,2,1,1,2,1,2,1,1,1
145,2557,GSI005,60,Aprovado,1,1,2,2,1,2,1,1,1,1,2,2,1,1,1,1,2,1,1,0
146,2326,GSI005,0,Reprovado,0,0,2,2,0,2,2,0,0,2,2,2,0,0,0,0,2,0,1,1
149,2410,GSI005,63,Aprovado,1,1,2,2,1,2,2,1,1,2,2,2,1,1,1,1,2,1,1,1
154,1582,GSI005,0,Reprovado,0,1,1,0,0,2,0,0,0,2,2,0,0,0,2,2,2,0,0,2
155,1996,GSI005,60,Aprovado,1,1,1,1,2,2,2,1,1,2,2,2,1,1,1,2,2,1,1,1
160,2410,GSI005,60,Aprovado,1,1,2,2,1,2,2,1,1,2,2,2,1,1,1,1,2,1,1,1
161,2326,GSI005,20,Reprovado,0,1,2,2,1,2,2,1,1,2,2,2,1,1,1,1,2,1,1,1
164,2622,GSI005,68,Aprovado,1,1,1,1,1,2,2,1,1,2,2,2,1,1,2,1,2,1,1,1
168,2326,GSI005,14,Reprovado,1,0,2,2,1,2,2,1,1,2,2,2,1,1,1,1,2,1,1,1
171,1892,GSI005,71,Aprovado,1,1,1,1,1,2,2,1,1,2,2,2,1,1,2,1,2,1,1,1
175,2154,GSI005,80,Aprovado,1,2,1,1,2,2,2,1,1,2,2,2,1,1,1,2,2,1,1,1
177,1582,GSI005,21,Reprovado,1,1,1,0,0,2,1,1,1,2,2,0,0,0,2,2,2,0,1,2
181,1892,GSI005,85,Aprovado,1,1,1,1,1,2,2,1,1,2,2,2,1,1,2,1,2,1,1,1
183,2724,GSI005,60,Aprovado,1,1,1,1,1,2,2,1,1,2,2,2,1,1,2,1,2,1,1,1
184,1981,GSI005,30,Reprovado,0,0,0,0,1,2,1,2,0,2,2,2,1,0,0,0,2,1,1,1
185,1899,GSI005,10,Reprovado,1,0,1,2,0,0,2,0,0,2,2,2,2,0,2,0,2,1,0,1
186,2557,GSI005,83,Aprovado,1,0,2,2,1,2,1,1,1,0,2,2,1,0,1,1,2,1,1,0
207,1892,GSI005,91,Aprovado,1,1,1,1,1,2,2,1,1,2,2,2,1,1,2,1,2,1,1,1
208,2738,GSI005,64,Aprovado,1,1,1,1,1,2,2,1,1,2,2,2,1,1,2,1,2,1,1,1
210,2738,GSI005,89,Aprovado,1,1,1,1,1,2,2,1,1,2,2,2,1,1,2,1,2,1,1,1
211,2738,GSI005,60,Aprovado,1,1,1,1,1,2,2,1,1,2,2,2,1,1,2,1,2,1,1,1
212,1892,GSI005,0,Reprovado,1,1,1,1,1,2,2,1,1,2,2,2,1,1,2,1,2,1,1,1
215,1892,GSI005,100,Aprovado,1,1,1,1,1,2,2,1,1,2,2,2,1,1,2,1,2,1,1,1
216,1892,GSI005,78,Aprovado,1,1,1,1,1,2,2,1,1,2,2,2,1,1,2,1,2,1,1,1
217,1892,GSI005,39,Reprovado,1,1,1,1,1,2,2,1,1,2,2,2,1,1,2,1,2,1,1,1
218,1892,GSI005,12,Reprovado,1,1,1,1,1,2,2,1,1,2,2,2,1,1,2,1,2,1,1,1
219,2724,GSI005,82,Aprovado,1,1,1,1,1,2,2,1,1,2,2,2,1,1,2,1,2,1,1,1
220,2724,GSI005,64,Aprovado,1,1,1,1,1,2,2,1,1,2,2,2,1,1,2,1,2,1,1,1
224,1892,GSI005,67,Aprovado,1,1,1,1,1,2,2,1,1,2,2,2,1,1,2,1,2,1,1,1
225,1892,GSI005,60,Aprovado,1,1,1,1,1,2,2,1,1,2,2,2,1,1,2,1,2,1,1,1
228,1892,GSI005,24,Reprovado,1,1,1,1,1,2,2,1,1,2,2,2,1,1,2,1,2,1,1,1
229,1892,GSI005,96,Aprovado,1,1,1,1,1,2,2,1,1,2,2,2,1,1,2,1,2,1,1,1
230,2622,GSI005,67,Aprovado,1,1,1,1,1,2,2,1,1,2,2,2,1,1,2,1,2,1,1,1
234,2658,GSI005,0,Reprovado,1,1,1,1,1,2,2,1,1,2,2,2,1,1,2,1,2,1,1,1
235,2658,GSI005,75,Aprovado,1,1,1,1,1,2,2,1,1,2,2,2,1,1,2,1,2,1,1,1
237,2590,GSI005,60,Aprovado,1,1,1,1,1,2,2,1,1,2,2,2,1,1,2,1,2,1,1,1
241,2622,GSI005,71,Aprovado,1,1,1,1,1,2,2,1,1,2,2,2,1,1,2,1,2,1,1,1
242,2622,GSI005,100,Aprovado,1,1,1,1,1,2,2,1,1,2,2,2,1,1,2,1,2,1,1,1
243,2622,GSI005,73,Aprovado,1,1,1,1,1,2,2,1,1,2,2,2,1,1,2,1,2,1,1,1
244,2622,GSI005,60,Aprovado,1,1,1,1,1,2,2,1,1,2,2,2,1,1,2,1,2,1,1,1
247,2590,GSI005,60,Aprovado,1,1,1,1,1,2,2,1,1,2,2,2,1,1,2,1,2,1,1,1
248,2590,GSI005,60,Aprovado,1,1,1,1,1,2,2,1,1,2,2,2,1,1,2,1,2,1,1,1
249,2590,GSI005,60,Aprovado,1,1,1,1,1,2,2,1,1,2,2,2,1,1,2,1,2,1,1,1
251,2368,GSI005,0,Reprovado,0,0,2,2,0,0,2,0,2,2,0,0,2,0,2,0,2,0,0,0
252,2557,GSI005,66,Aprovado,0,0,2,2,1,2,1,1,1,1,2,2,1,1,0,1,2,1,1,0
254,2557,GSI005,60,Aprovado,1,1,2,2,1,2,0,1,1,0,2,2,0,0,1,1,2,1,1,1
255,2557,GSI005,12,Reprovado,1,1,2,2,0,2,0,1,0,0,2,2,0,0,1,0,2,1,1,0
256,2557,GSI005,60,Aprovado,1,1,2,2,1,2,1,1,1,1,2,2,1,1,1,1,2,1,1,1
257,2410,GSI005,0,Reprovado,1,0,2,2,0,2,2,0,0,2,2,2,0,0,1,0,2,0,0,0
261,2485,GSI005,60,Aprovado,1,0,2,2,1,2,2,1,1,2,2,2,1,1,1,1,2,1,1,1
262,2410,GSI005,38,Reprovado,1,0,2,2,1,2,2,1,1,2,2,2,1,0,0,0,2,1,1,1
265,2418,GSI005,87,Aprovado,1,1,0,1,1,1,2,0,2,2,1,1,2,1,2,1,2,1,1,1
267,2332,GSI005,0,Reprovado,0,0,2,1,1,1,2,1,2,1,2,2,2,1,0,1,1,0,0,1
271,2326,GSI005,21,Reprovado,1,0,2,2,1,2,2,1,1,2,2,2,1,1,1,1,2,1,1,1
272,2375,GSI005,91,Aprovado,1,1,2,0,1,1,2,0,2,2,1,1,2,0,2,0,2,1,1,1
274,2326,GSI005,24,Reprovado,1,1,2,2,1,2,2,1,0,2,2,2,0,1,1,1,2,1,1,1
275,2332,GSI005,0,Reprovado,0,0,2,1,1,1,2,1,2,1,2,2,2,1,0,1,1,0,0,1
276,2332,GSI005,69,Aprovado,1,0,2,1,1,1,2,1,2,1,2,2,2,1,1,1,1,1,0,1
277,2332,GSI005,95,Aprovado,1,1,2,1,1,1,2,1,2,1,2,2,2,1,1,1,1,1,1,1
280,2326,GSI005,0,Reprovado,1,1,2,2,1,2,2,1,0,2,2,2,0,1,1,1,2,1,1,1
284,2326,GSI005,56,Reprovado,1,0,2,2,1,2,2,1,1,2,2,2,1,1,1,1,2,0,1,1
285,2326,GSI005,76,Aprovado,1,0,2,2,1,2,2,1,1,2,2,2,1,1,1,1,2,1,1,1
287,1996,GSI005,24,Reprovado,1,1,0,1,2,2,2,1,1,2,2,2,1,1,1,2,2,1,1,1
288,2189,GSI005,85,Aprovado,1,1,1,1,2,2,2,1,1,2,2,2,1,1,1,2,2,1,1,1
295,2260,GSI005,20,Reprovado,1,1,0,1,1,2,1,2,1,2,2,2,1,1,2,2,2,1,1,1
302,1582,GSI005,0,Reprovado,0,1,0,0,0,2,0,0,0,2,2,0,0,0,2,2,2,0,0,2
310,2154,GSI005,63,Aprovado,1,2,1,1,2,2,2,1,1,2,2,2,1,1,1,2,2,1,1,1
312,2059,GSI005,5,Reprovado,1,2,1,0,2,2,2,1,1,2,2,2,1,1,1,2,2,1,1,1
313,1641,GSI005,17,Reprovado,1,2,0,1,2,2,2,1,1,2,2,2,1,1,1,1,2,1,1,2
314,1641,GSI005,0,Reprovado,1,2,0,1,2,2,2,1,1,2,2,2,1,1,1,1,2,1,1,2
315,2059,GSI005,64,Aprovado,1,2,1,1,2,2,2,1,1,2,2,2,1,1,1,2,2,1,1,1
316,2093,GSI005,65,Aprovado,1,2,1,1,2,2,2,1,1,2,2,2,1,1,1,2,2,1,0,1
318,2024,GSI005,0,Reprovado,1,1,1,1,2,2,2,0,1,2,2,2,1,1,1,2,2,1,1,1
319,2093,GSI005,94,Aprovado,1,2,1,1,2,2,2,1,1,2,2,2,1,1,1,2,2,1,1,1
321,2024,GSI005,68,Aprovado,1,1,1,1,2,2,2,1,1,2,2,2,1,1,1,2,2,1,1,1
324,1641,GSI005,15,Reprovado,1,2,0,1,2,2,2,1,1,2,2,2,1,1,1,1,2,1,1,2
325,2059,GSI005,64,Aprovado,1,2,1,1,2,2,2,1,1,2,2,2,1,1,1,2,2,1,1,1
326,2059,GSI005,93,Aprovado,1,2,1,1,2,2,2,1,1,2,2,2,1,1,1,2,2,1,1,1
327,1996,GSI005,60,Aprovado,1,1,1,1,2,2,2,1,1,2,2,2,1,1,1,2,2,1,1,1
328,1582,GSI005,45,Reprovado,0,1,1,1,0,2,1,1,1,2,2,1,0,1,2,2,2,1,1,2
331,1961,GSI005,0,Reprovado,0,0,0,1,2,2,2,1,1,2,2,2,1,2,1,2,2,1,1,1
332,1949,GSI005,64,Aprovado,0,1,1,1,2,2,2,1,1,0,2,1,1,1,1,0,2,1,1,1
333,1582,GSI005,52,Reprovado,0,1,1,1,0,2,1,1,1,2,2,1,1,1,2,2,2,0,1,2
336,1949,GSI005,16,Reprovado,1,0,1,0,2,2,2,1,0,1,2,0,1,0,0,0,2,1,1,1
338,1961,GSI005,35,Reprovado,1,1,0,1,2,2,2,1,1,2,2,2,1,2,1,2,2,1,1,1
339,1582,GSI005,21,Reprovado,1,1,1,0,1,2,1,0,1,2,2,0,1,1,2,2,2,1,1,2
341,1675,GSI005,18,Reprovado,1,1,1,2,1,2,1,1,1,2,2,2,2,0,0,1,2,1,1,2
349,1899,GSI005,88,Aprovado,1,1,1,2,1,1,2,1,0,2,2,2,2,0,2,1,2,1,1,1
350,1899,GSI005,60,Aprovado,1,1,0,2,1,1,2,0,1,2,2,2,2,1,2,1,2,1,1,1
351,1899,GSI005,25,Reprovado,0,1,0,2,1,0,2,1,1,2,2,2,2,1,2,1,2,1,1,1
352,1949,GSI005,61,Aprovado,1,1,0,1,2,2,2,1,0,1,2,1,1,0,1,1,2,1,1,1
361,2367,GSI005,30,Reprovado,1,0,2,2,1,2,2,1,1,0,2,2,0,0,0,0,2,0,1,0
362,1899,GSI005,0,Reprovado,1,0,1,2,1,0,2,0,0,2,2,2,2,0,2,0,2,1,0,1
373,2557,GSI005,60,Aprovado,1,1,2,2,1,2,0,1,1,1,2,2,1,1,1,1,2,1,1,1
374,2590,GSI005,63,Aprovado,1,1,1,1,1,2,2,1,1,2,2,2,1,1,2,1,2,1,1,1
376,2485,GSI005,60,Aprovado,1,0,2,2,1,2,2,0,1,2,2,2,1,1,0,1,2,1,1,1
377,2485,GSI005,0,Reprovado,0,0,2,2,0,2,2,0,0,2,2,2,0,0,0,0,2,0,0,0
378,2485,GSI005,60,Aprovado,1,1,2,2,1,2,2,0,1,2,2,2,1,1,1,1,2,1,1,1
380,2410,GSI005,80,Aprovado,1,1,2,2,0,2,2,1,1,2,2,2,1,1,0,1,2,1,1,1
384,2326,GSI005,60,Aprovado,1,1,2,2,1,2,2,1,1,2,2,2,1,1,1,1,2,1,1,1
387,2260,GSI005,30,Reprovado,1,1,1,1,1,2,1,2,1,2,2,2,1,1,2,2,2,1,1,1
390,2024,GSI005,72,Aprovado,1,1,1,1,2,2,2,1,1,2,2,2,1,1,1,2,2,1,1,1
392,2024,GSI005,64,Aprovado,1,1,1,1,2,2,2,1,1,2,2,2,1,1,1,2,2,1,1,1
393,1996,GSI005,76,Aprovado,1,1,1,1,2,2,2,1,1,2,2,2,1,1,1,2,2,1,1,1
395,1961,GSI005,61,Aprovado,1,1,1,1,2,2,2,1,1,2,2,2,1,2,1,2,2,1,1,1
396,1961,GSI005,73,Aprovado,0,1,0,1,2,2,2,1,1,2,2,2,1,2,1,2,2,1,1,1
398,1963,GSI005,10,Reprovado,0,0,1,0,0,2,1,1,2,1,2,2,0,0,2,2,2,0,0,2
399,1911,GSI005,57,Reprovado,1,1,1,1,1,1,2,2,2,1,2,2,1,1,1,1,2,1,1,1
400,1911,GSI005,61,Aprovado,1,1,1,1,1,1,2,2,2,1,2,2,1,0,1,1,2,1,1,1
404,1911,GSI005,74,Aprovado,1,1,1,1,1,1,2,2,2,1,2,2,1,1,0,1,2,1,1,1
406,2622,GSI005,67,Aprovado,1,1,1,1,1,2,2,1,1,2,2,2,1,1,2,1,2,1,1,1
410,2557,GSI005,12,Reprovado,1,0,2,2,0,2,0,0,1,0,2,2,0,0,1,0,2,1,1,0
412,1892,GSI005,60,Aprovado,1,1,1,1,1,2,2,1,1,2,2,2,1,1,2,1,2,1,1,1
419,2485,GSI005,80,Aprovado,1,1,2,2,1,2,2,1,1,2,2,2,1,1,0,1,2,1,1,1
420,1961,GSI005,75,Aprovado,0,1,1,1,2,2,2,1,1,2,2,2,1,2,1,2,2,1,1,1
421,1996,GSI005,1,Reprovado,1,1,0,1,2,2,2,1,1,2,2,2,1,1,1,2,2,1,1,1
425,1911,GSI005,98,Aprovado,1,1,1,1,1,1,2,2,2,1,2,2,1,1,1,1,2,1,1,1
427,1582,GSI005,27,Reprovado,1,1,1,1,1,2,1,0,1,2,2,1,0,0,2,2,2,0,1,2
429,1899,GSI005,60,Aprovado,0,1,1,2,1,1,2,1,1,2,2,2,2,1,2,1,2,1,0,1
433,2410,GSI005,70,Aprovado,1,1,2,2,1,2,2,1,1,2,2,2,1,1,1,1,2,1,1,1
434,2326,GSI005,82,Aprovado,1,1,2,2,1,2,2,1,1,2,2,2,1,1,1,1,2,1,1,1
435,2260,GSI005,0,Reprovado,1,1,1,1,0,2,1,2,1,2,2,2,1,1,2,2,2,1,1,1
437,2154,GSI005,77,Aprovado,1,2,1,1,2,2,2,1,1,2,2,2,1,1,1,2,2,1,1,1
440,1911,GSI005,82,Aprovado,1,1,1,1,1,1,2,2,2,1,2,2,0,1,1,1,2,1,1,1
441,1899,GSI005,27,Reprovado,1,1,1,2,1,1,2,1,0,2,2,2,2,0,2,0,2,1,0,1
442,1899,GSI005,90,Aprovado,1,1,1,2,1,1,2,1,1,2,2,2,2,1,2,1,2,1,1,1
446,2332,GSI005,16,Reprovado,0,0,2,1,1,1,2,1,2,1,2,2,2,1,1,1,1,1,1,1
450,2738,GSI005,67,Aprovado,1,1,1,1,1,2,2,1,1,2,2,2,1,1,2,1,2,1,1,1
452,2485,GSI005,71,Aprovado,1,1,2,2,1,2,2,1,1,2,2,2,1,1,1,1,2,1,1,1
455,2260,GSI005,67,Aprovado,1,1,1,1,1,2,1,2,1,2,2,2,1,1,2,2,2,1,1,1
462,1892,GSI005,43,Reprovado,1,1,1,1,1,2,2,1,1,2,2,2,1,1,2,1,2,1,1,1
464,2590,GSI005,70,Aprovado,1,1,1,1,1,2,2,1,1,2,2,2,1,1,2,1,2,1,1,1
468,2658,GSI005,60,Aprovado,1,1,1,1,1,2,2,1,1,2,2,2,1,1,2,1,2,1,1,1
469,2724,GSI005,51,Reprovado,1,1,1,1,1,2,2,1,1,2,2,2,1,1,2,1,2,1,1,1
473,2658,GSI005,83,Aprovado,1,1,1,1,1,2,2,1,1,2,2,2,1,1,2,1,2,1,1,1
474,1892,GSI005,71,Aprovado,1,1,1,1,1,2,2,1,1,2,2,2,1,1,2,1,2,1,1,1
476,2590,GSI005,73,Aprovado,1,1,1,1,1,2,2,1,1,2,2,2,1,1,2,1,2,1,1,1
481,1582,GSI005,64,Aprovado,0,1,1,1,0,2,1,1,1,2,2,0,1,1,2,2,2,1,1,2
484,1671,GSI005,71,Aprovado,1,1,1,2,1,1,2,2,2,0,2,2,1,1,2,1,2,1,1,2
486,2154,GSI005,10,Reprovado,1,2,1,1,2,2,2,1,1,2,2,2,1,1,1,2,2,1,0,0
488,2024,GSI005,76,Aprovado,1,1,1,1,2,2,2,1,1,2,2,2,1,1,1,2,2,1,1,1
494,1675,GSI005,0,Reprovado,1,1,0,2,1,2,1,1,0,2,2,2,2,0,0,0,2,0,0,2
496,1949,GSI005,94,Aprovado,1,1,1,1,2,2,2,1,1,1,2,1,1,1,1,1,2,1,1,1
497,1899,GSI005,69,Aprovado,1,1,1,2,1,1,2,1,1,2,2,2,2,0,2,1,2,1,1,1
499,2724,GSI005,78,Aprovado,1,1,1,1,1,2,2,1,1,2,2,2,1,1,2,1,2,1,1,1
502,2485,GSI005,61,Aprovado,1,1,2,2,1,2,2,1,1,2,2,2,1,1,1,1,2,1,1,1
506,2724,GSI005,69,Aprovado,1,1,1,1,1,2,2,1,1,2,2,2,1,1,2,1,2,1,1,1
507,2332,GSI005,39,Reprovado,1,1,2,1,1,1,2,1,2,1,2,2,2,1,0,1,1,0,0,1
511,1981,GSI005,60,Aprovado,1,1,1,1,1,2,1,2,1,2,2,2,1,1,1,1,2,1,1,1
513,2093,GSI005,14,Reprovado,1,2,1,0,2,2,2,1,1,2,2,2,0,0,0,2,2,1,0,1
519,2093,GSI005,61,Aprovado,1,2,1,1,2,2,2,1,1,2,2,2,1,1,1,2,2,1,1,1
522,1671,GSI005,60,Aprovado,1,1,1,2,1,1,2,2,2,1,2,2,1,1,2,1,2,1,1,2
523,2410,GSI005,79,Aprovado,1,1,2,2,1,2,2,1,1,2,2,2,1,1,1,1,2,1,1,1
530,2367,GSI005,27,Reprovado,1,1,2,2,1,2,2,1,1,1,2,2,1,1,1,1,2,1,1,1
532,2557,GSI005,60,Aprovado,1,1,2,2,1,2,1,1,1,0,2,2,1,0,1,1,2,1,1,1
538,1961,GSI005,24,Reprovado,1,1,1,1,2,2,2,1,1,2,2,2,1,2,1,2,2,1,1,1
541,2189,GSI005,63,Aprovado,1,1,1,1,2,2,2,1,1,2,2,2,1,1,1,2,2,1,1,1
544,2367,GSI005,0,Reprovado,1,1,2,2,1,2,2,1,0,1,2,2,1,1,1,1,2,1,1,0
545,1911,GSI005,48,Reprovado,1,1,1,1,0,1,2,2,2,0,2,2,1,1,0,1,2,1,1,1
549,2590,GSI005,64,Aprovado,1,1,1,1,1,2,2,1,1,2,2,2,1,1,2,1,2,1,1,1
554,2189,GSI005,72,Aprovado,1,1,1,1,2,2,2,1,1,2,2,2,1,1,1,2,2,1,1,1
555,2189,GSI005,68,Aprovado,1,1,1,1,2,2,2,1,1,2,2,2,1,1,1,2,2,1,1,1
557,2189,GSI005,93,Aprovado,1,1,1,1,2,2,2,1,1,2,2,2,1,1,1,2,2,1,1,1
562,2059,GSI005,61,Aprovado,1,2,1,1,2,2,2,1,1,2,2,2,1,1,1,2,2,1,1,1
563,2024,GSI005,63,Aprovado,1,1,1,1,2,2,2,1,1,2,2,2,1,1,1,2,2,1,1,1
569,1996,GSI005,68,Aprovado,1,1,1,1,2,2,2,1,1,2,2,2,1,1,1,2,2,1,1,1
573,1582,GSI005,8,Reprovado,1,1,1,0,0,2,0,0,0,2,2,0,0,0,2,2,2,0,0,2
577,2367,GSI005,35,Reprovado,1,1,2,2,1,2,2,1,1,1,2,2,1,1,1,1,2,1,1,0
578,2375,GSI005,0,Reprovado,0,0,2,0,0,0,2,0,2,2,0,0,2,0,2,0,2,0,0,0
580,2260,GSI005,20,Reprovado,1,1,1,1,1,2,1,2,1,2,2,2,1,1,2,2,2,1,1,1
581,2326,GSI005,23,Reprovado,1,1,2,2,0,2,2,1,0,2,2,2,1,1,1,1,2,1,1,1
584,2738,GSI005,84,Aprovado,1,1,1,1,1,2,2,1,1,2,2,2,1,1,2,1,2,1,1,1
585,1582,GSI005,60,Aprovado,1,1,0,1,0,2,0,0,1,2,2,0,1,1,2,2,2,1,1,2
591,1641,GSI005,11,Reprovado,1,2,1,1,2,2,2,1,1,2,2,2,1,1,1,1,2,1,1,2
592,1892,GSI005,87,Aprovado,1,1,1,1,1,2,2,1,1,2,2,2,1,1,2,1,2,1,1,1
596,1899,GSI005,65,Aprovado,1,1,1,2,1,1,2,0,1,2,2,2,2,1,2,0,2,1,1,1
599,2724,GSI005,66,Aprovado,1,1,1,1,1,2,2,1,1,2,2,2,1,1,2,1,2,1,1,1
600,2658,GSI005,27,Reprovado,1,1,1,1,1,2,2,1,1,2,2,2,1,1,2,1,2,1,1,1
604,2332,GSI005,0,Reprovado,0,0,2,1,1,1,2,1,2,1,2,2,2,1,0,1,1,0,1,1
611,1981,GSI005,19,Reprovado,1,1,1,1,1,2,1,2,0,2,2,2,1,0,0,0,2,1,1,1
612,2059,GSI005,74,Aprovado,1,2,1,1,2,2,2,1,1,2,2,2,1,1,1,2,2,1,1,1
616,1899,GSI005,0,Reprovado,1,1,0,2,1,1,2,1,1,2,2,2,2,1,2,1,2,1,1,1
617,1911,GSI005,76,Aprovado,1,1,1,1,1,1,2,2,2,1,2,2,1,1,1,1,2,1,1,1
619,1899,GSI005,0,Reprovado,1,1,0,2,1,1,2,1,1,2,2,2,2,1,2,1,2,1,1,1
621,2658,GSI005,100,Aprovado,1,1,1,1,1,2,2,1,1,2,2,2,1,1,2,1,2,1,1,1
623,1911,GSI005,71,Aprovado,1,1,1,1,1,0,2,2,2,1,2,2,1,1,0,1,2,1,1,1
626,2093,GSI005,2,Reprovado,1,2,1,0,2,2,2,1,1,2,2,2,0,0,0,2,2,1,0,1
627,2024,GSI005,0,Reprovado,0,1,0,0,2,2,2,0,1,2,2,2,1,1,1,2,2,1,1,1
628,1996,GSI005,84,Aprovado,1,1,1,1,2,2,2,1,1,2,2,2,1,1,1,2,2,1,1,1
630,2024,GSI005,67,Aprovado,1,1,1,1,2,2,2,1,1,2,2,2,1,1,1,2,2,1,1,1
633,2367,GSI005,60,Aprovado,1,1,2,2,1,2,2,1,0,1,2,2,1,1,1,1,2,1,1,1
634,2590,GSI005,33,Reprovado,1,1,1,1,1,2,2,1,1,2,2,2,1,1,2,1,2,1,1,1
639,1911,GSI005,70,Aprovado,1,1,1,1,1,1,2,2,2,1,2,2,1,1,1,1,2,1,1,1
640,1911,GSI005,77,Aprovado,1,1,1,1,1,1,2,2,2,0,2,2,1,1,1,1,2,1,1,1
643,2738,GSI005,100,Aprovado,1,1,1,1,1,2,2,1,1,2,2,2,1,1,2,1,2,1,1,1
650,1892,GSI005,0,Reprovado,1,1,1,1,1,2,2,1,1,2,2,2,1,1,2,1,2,1,1,1
652,2507,GSI005,75,Aprovado,1,1,1,1,1,2,2,1,1,2,2,2,1,1,2,1,2,1,1,1
653,1899,GSI005,89,Aprovado,1,1,1,2,1,1,2,1,1,2,2,2,2,1,2,1,2,1,1,1
655,2367,GSI005,0,Reprovado,0,0,2,2,1,2,2,0,0,0,2,2,0,0,0,0,2,0,0,0
657,2738,GSI005,60,Aprovado,1,1,1,1,1,2,2,1,1,2,2,2,1,1,2,1,2,1,1,1
658,2507,GSI005,45,Reprovado,1,1,1,1,1,2,2,1,1,2,2,2,1,1,2,1,2,1,1,1
659,2260,GSI005,66,Aprovado,1,1,0,1,1,2,1,2,1,2,2,2,1,1,2,2,2,1,1,1
660,1963,GSI005,13,Reprovado,1,1,1,0,1,2,1,0,2,0,2,2,0,0,2,2,2,0,1,2
662,2189,GSI005,0,Reprovado,1,1,1,0,2,2,2,1,0,2,2,2,0,0,0,2,2,0,0,1
668,1949,GSI005,23,Reprovado,0,0,0,1,2,2,2,1,1,1,2,1,1,1,1,1,2,1,1,1
669,2326,GSI005,7,Reprovado,1,1,2,2,1,2,2,1,1,2,2,2,1,1,1,1,2,1,1,1
675,1949,GSI005,81,Aprovado,1,1,1,1,2,2,2,1,1,1,2,0,1,1,0,1,2,1,1,1
676,2724,GSI005,90,Aprovado,1,1,1,1,1,2,2,1,1,2,2,2,1,1,2,1,2,1,1,1
677,1899,GSI005,13,Reprovado,1,1,1,2,1,1,2,1,1,2,2,2,2,1,2,1,2,1,1,1
686,2658,GSI005,63,Aprovado,1,1,1,1,1,2,2,1,1,2,2,2,1,1,2,1,2,1,1,1
687,2738,GSI005,81,Aprovado,1,1,1,1,1,2,2,1,1,2,2,2,1,1,2,1,2,1,1,1
688,2724,GSI005,73,Aprovado,1,1,1,1,1,2,2,1,1,2,2,2,1,1,2,1,2,1,1,1
694,1892,GSI005,97,Aprovado,1,1,1,1,1,2,2,1,1,2,2,2,1,1,2,1,2,1,1,1
695,1892,GSI005,13,Reprovado,1,1,1,1,1,2,2,1,1,2,2,2,1,1,2,1,2,1,1,1
696,1892,GSI005,46,Reprovado,1,1,1,1,1,2,2,1,1,2,2,2,1,1,2,1,2,1,1,1
697,2724,GSI005,60,Aprovado,1,1,1,1,1,2,2,1,1,2,2,2,1,1,2,1,2,1,1,1
698,2724,GSI005,65,Aprovado,1,1,1,1,1,2,2,1,1,2,2,2,1,1,2,1,2,1,1,1
700,2622,GSI005,87,Aprovado,1,1,1,1,1,2,2,1,1,2,2,2,1,1,2,1,2,1,1,1
701,2507,GSI005,28,Reprovado,1,1,1,1,0,2,2,1,1,2,2,2,1,1,2,1,2,1,1,1
702,2658,GSI005,83,Aprovado,1,1,1,1,1,2,2,1,1,2,2,2,1,1,2,1,2,1,1,1
703,2600,GSI005,62,Aprovado,1,1,1,1,1,1,2,1,1,2,2,1,2,1,2,1,2,1,1,1
705,2507,GSI005,42,Reprovado,1,1,1,1,1,2,2,1,1,2,2,2,1,1,2,1,2,1,1,1
706,2590,GSI005,22,Reprovado,1,1,1,1,1,2,2,1,1,2,2,2,1,1,2,1,2,1,1,1
709,2590,GSI005,60,Aprovado,1,1,1,1,1,2,2,1,1,2,2,2,1,1,2,1,2,1,1,1
710,2410,GSI005,69,Aprovado,1,1,2,2,0,2,2,1,1,2,2,2,1,1,1,0,2,1,1,1
711,2485,GSI005,60,Aprovado,1,0,2,2,0,2,2,1,0,2,2,2,1,1,0,1,2,1,1,1
717,2375,GSI005,61,Aprovado,1,1,2,1,1,0,2,0,2,2,1,0,2,1,2,0,2,1,1,1
719,2375,GSI005,100,Aprovado,1,1,2,1,1,1,2,0,2,2,1,1,2,0,2,0,2,1,1,1
722,2326,GSI005,44,Reprovado,1,1,2,2,1,2,2,1,1,2,2,2,1,1,1,1,2,1,1,1
723,2326,GSI005,55,Reprovado,1,1,2,2,1,2,2,1,1,2,2,2,1,1,1,1,2,1,1,1
725,2332,GSI005,62,Aprovado,0,0,2,1,1,1,2,1,2,1,2,2,2,1,1,1,1,0,1,1
728,2154,GSI005,66,Aprovado,1,2,1,1,2,2,2,1,1,2,2,2,1,1,1,2,2,1,1,1
730,2189,GSI005,74,Aprovado,1,1,1,1,2,2,2,1,1,2,2,2,1,1,1,2,2,1,1,1
733,2189,GSI005,61,Aprovado,1,1,1,1,2,2,2,1,1,2,2,2,1,1,1,2,2,1,1,1
735,2093,GSI005,83,Aprovado,1,2,1,1,2,2,2,1,1,2,2,2,1,1,1,2,2,1,1,1
737,2154,GSI005,60,Aprovado,1,2,1,1,2,2,2,1,1,2,2,2,1,1,1,2,2,1,1,1
739,1961,GSI005,61,Aprovado,1,1,0,1,2,2,2,1,1,2,2,2,1,2,1,2,2,1,1,1
742,2093,GSI005,67,Aprovado,1,2,1,1,2,2,2,1,1,2,2,2,1,1,1,2,2,1,1,1
743,1996,GSI005,60,Aprovado,1,1,1,1,2,2,2,1,1,2,2,2,1,1,1,2,2,1,1,1
748,1911,GSI005,25,Reprovado,0,1,1,1,1,1,2,2,2,1,2,2,0,0,1,1,2,1,1,1
749,1911,GSI005,73,Aprovado,1,1,1,1,1,1,2,2,2,1,2,2,0,1,1,1,2,1,1,1
750,1949,GSI005,0,Reprovado,1,0,0,1,2,2,2,1,1,1,2,1,1,1,1,1,2,1,1,1
751,1899,GSI005,0,Reprovado,0,0,0,2,0,0,2,0,0,2,2,2,2,0,2,0,2,1,0,1
752,1899,GSI005,7,Reprovado,1,1,1,2,1,1,2,1,0,2,2,2,2,1,2,1,2,1,1,1
757,2738,GSI005,85,Aprovado,1,1,1,1,1,2,2,1,1,2,2,2,1,1,2,1,2,1,1,1
758,2738,GSI005,86,Aprovado,1,1,1,1,1,2,2,1,1,2,2,2,1,1,2,1,2,1,1,1
762,1892,GSI005,88,Aprovado,1,1,1,1,1,2,2,1,1,2,2,2,1,1,2,1,2,1,1,1
768,2590,GSI005,60,Aprovado,1,1,1,1,1,2,2,1,1,2,2,2,1,1,2,1,2,1,1,1
769,2590,GSI005,0,Reprovado,1,1,1,1,1,2,2,1,1,2,2,2,1,1,2,1,2,1,1,1
771,2326,GSI005,64,Aprovado,1,1,2,2,1,2,2,1,1,2,2,2,0,1,1,1,2,1,1,1
773,1961,GSI005,14,Reprovado,1,1,1,1,2,2,2,1,1,2,2,2,1,2,1,2,2,1,1,1
775,1963,GSI005,13,Reprovado,1,1,0,0,0,2,1,0,2,0,2,2,0,0,2,2,2,0,0,2
777,1911,GSI005,62,Aprovado,1,1,1,1,1,1,2,2,2,1,2,2,1,1,1,1,2,1,1,1
783,2260,GSI005,62,Aprovado,1,1,1,1,1,2,1,2,1,2,2,2,1,1,2,2,2,1,1,1
786,1582,GSI005,0,Reprovado,0,1,0,0,0,2,0,0,0,2,2,0,0,0,2,2,2,0,0,2
787,1582,GSI005,0,Reprovado,0,0,0,0,0,2,0,0,0,2,2,0,0,0,2,2,2,0,0,2
793,1961,GSI005,70,Aprovado,0,1,0,1,2,2,2,1,1,2,2,2,1,2,1,2,2,1,1,1
797,2059,GSI005,0,Reprovado,1,2,1,1,2,2,2,1,1,2,2,2,1,1,1,2,2,1,1,1
798,2724,GSI005,69,Aprovado,1,1,1,1,1,2,2,1,1,2,2,2,1,1,2,1,2,1,1,1
799,2059,GSI005,0,Reprovado,0,2,0,0,2,2,2,1,1,2,2,2,1,1,1,2,2,1,1,1
801,2326,GSI005,35,Reprovado,1,1,2,2,1,2,2,1,1,2,2,2,1,1,1,1,2,1,1,1
803,2622,GSI005,53,Reprovado,1,1,1,1,1,2,2,1,1,2,2,2,1,1,2,1,2,1,1,1
804,2375,GSI005,15,Reprovado,1,1,2,1,0,1,2,1,2,2,1,0,2,0,2,0,2,0,0,1
813,1671,GSI005,0,Reprovado,1,0,1,2,1,1,2,2,2,0,2,2,0,0,2,0,2,0,1,2
816,1911,GSI005,60,Aprovado,1,1,1,1,0,1,2,2,2,1,2,2,1,0,0,1,2,1,1,1
820,2410,GSI005,60,Aprovado,1,0,2,2,1,2,2,1,1,2,2,2,1,1,1,1,2,1,1,1
827,1899,GSI005,60,Aprovado,1,1,1,2,1,1,2,1,1,2,2,2,2,0,2,1,2,1,1,1
830,1899,GSI005,19,Reprovado,1,1,1,2,1,1,2,1,0,2,2,2,2,0,2,0,2,1,1,1
831,2326,GSI005,60,Aprovado,1,0,2,2,1,2,2,1,0,2,2,2,1,1,1,1,2,1,1,1
834,2622,GSI005,22,Reprovado,1,1,1,1,1,2,2,1,1,2,2,2,1,1,2,1,2,1,1,1
837,1641,GSI005,7,Reprovado,1,2,1,1,2,2,2,1,1,2,2,2,1,1,1,1,2,1,1,2
843,2367,GSI005,42,Reprovado,1,1,2,2,1,2,2,0,1,1,2,2,1,1,1,1,2,1,1,1
846,2189,GSI005,60,Aprovado,1,1,1,1,2,2,2,1,1,2,2,2,1,1,1,2,2,1,1,1
847,1892,GSI005,51,Reprovado,1,1,1,1,1,2,2,1,1,2,2,2,1,1,2,1,2,1,1,1
848,1671,GSI005,67,Aprovado,1,1,1,2,1,1,2,2,2,1,2,2,1,1,2,1,2,1,1,2
855,1899,GSI005,60,Aprovado,1,1,1,2,1,1,2,1,1,2,2,2,2,1,2,1,2,1,1,1
856,2375,GSI005,95,Aprovado,1,1,2,1,1,1,2,0,2,2,1,1,2,1,2,0,2,1,1,1
859,1892,GSI005,73,Aprovado,1,1,1,1,1,2,2,1,1,2,2,2,1,1,2,1,2,1,1,1
860,2367,GSI005,0,Reprovado,0,0,2,2,0,2,2,0,0,0,2,2,0,0,1,0,2,0,0,0
861,2622,GSI005,95,Aprovado,1,1,1,1,1,2,2,1,1,2,2,2,1,1,2,1,2,1,1,1
866,2724,GSI005,71,Aprovado,1,1,1,1,1,2,2,1,1,2,2,2,1,1,2,1,2,1,1,1
867,2332,GSI005,14,Reprovado,0,0,2,1,1,1,2,1,2,1,2,2,2,1,1,1,1,0,1,1
868,2507,GSI005,50,Reprovado,1,1,1,1,1,2,2,1,1,2,2,2,1,1,2,1,2,1,1,1
879,1671,GSI005,2,Reprovado,1,0,1,2,0,1,2,2,2,1,2,2,0,0,2,0,2,1,1,2
882,1582,GSI005,15,Reprovado,0,0,1,0,0,2,1,1,1,2,2,1,0,0,2,2,2,0,0,2
883,1582,GSI005,13,Reprovado,0,0,1,0,0,2,1,1,1,2,2,0,0,0,2,2,2,0,1,2
889,2093,GSI005,60,Aprovado,1,2,1,1,2,2,2,1,1,2,2,2,1,1,1,2,2,1,1,1
891,1963,GSI005,62,Aprovado,1,1,0,1,1,2,1,1,2,1,2,2,1,0,2,2,2,0,1,2
892,1899,GSI005,60,Aprovado,1,1,1,2,1,1,2,0,1,2,2,2,2,1,2,1,2,1,1,1
895,2738,GSI005,100,Aprovado,1,1,1,1,1,2,2,1,1,2,2,2,1,1,2,1,2,1,1,1
899,1892,GSI005,77,Aprovado,1,1,1,1,1,2,2,1,1,2,2,2,1,1,2,1,2,1,1,1
905,2622,GSI005,62,Aprovado,1,1,1,1,1,2,2,1,1,2,2,2,1,1,2,1,2,1,1,1
906,2622,GSI005,64,Aprovado,1,1,1,1,1,2,2,1,1,2,2,2,1,1,2,1,2,1,1,1
907,2600,GSI005,23,Reprovado,1,1,1,1,1,1,2,0,1,2,2,0,2,1,2,1,2,1,1,1
911,2590,GSI005,60,Aprovado,1,1,1,1,1,2,2,1,1,2,2,2,1,1,2,1,2,1,1,1
938,1981,GSI005,35,Reprovado,0,0,1,1,1,2,1,2,1,2,2,2,1,0,0,0,2,1,1,1
939,2332,GSI005,0,Reprovado,1,0,2,1,1,1,2,1,2,1,2,2,2,1,0,1,1,0,0,1
941,2418,GSI005,64,Aprovado,1,1,1,1,1,1,2,1,2,2,1,1,2,1,2,0,2,1,1,1
961,2410,GSI005,66,Aprovado,1,1,2,2,1,2,2,1,1,2,2,2,1,1,1,1,2,1,1,1
986,2326,GSI005,7,Reprovado,1,0,2,2,0,2,2,1,0,2,2,2,0,1,1,1,2,0,1,1
991,2154,GSI005,76,Aprovado,1,2,1,1,2,2,2,1,1,2,2,2,1,1,1,2,2,1,1,1
1002,2189,GSI005,0,Reprovado,0,0,0,0,2,2,2,0,0,2,2,2,0,1,0,2,2,0,0,1
1048,2059,GSI005,82,Aprovado,1,2,1,1,2,2,2,1,1,2,2,2,1,1,1,2,2,1,1,1
1055,1641,GSI005,17,Reprovado,1,2,1,1,2,2,2,1,1,2,2,2,1,1,1,1,2,1,1,2
1077,1949,GSI005,8,Reprovado,1,1,1,0,2,2,2,1,0,1,2,1,0,0,1,1,2,1,0,1
1079,1949,GSI005,68,Aprovado,1,1,1,1,2,2,2,1,1,1,2,1,0,1,1,1,2,1,1,1
1081,1582,GSI005,75,Aprovado,1,1,1,1,1,2,1,0,1,2,2,1,1,1,2,2,2,1,1,2
1085,1582,GSI005,2,Reprovado,0,0,1,0,0,2,1,0,0,2,2,0,0,0,2,2,2,0,0,2
1113,1899,GSI005,47,Reprovado,0,1,1,2,1,1,2,1,1,2,2,2,2,1,2,1,2,1,1,1
1115,1892,GSI005,100,Aprovado,1,1,1,1,1,2,2,1,1,2,2,2,1,1,2,1,2,1,1,1
1117,2590,GSI005,64,Aprovado,1,1,1,1,1,2,2,1,1,2,2,2,1,1,2,1,2,1,1,1
1118,2375,GSI005,75,Aprovado,1,1,2,0,1,1,2,0,2,2,1,0,2,0,2,0,2,1,1,1
1119,2410,GSI005,28,Reprovado,1,1,2,2,0,2,2,0,0,2,2,2,1,0,1,0,2,1,1,0
1120,2332,GSI005,71,Aprovado,1,0,2,1,1,1,2,1,2,1,2,2,2,1,0,1,1,1,1,1
1124,2093,GSI005,69,Aprovado,1,2,1,1,2,2,2,1,1,2,2,2,1,1,1,2,2,1,1,1
1125,2024,GSI005,87,Aprovado,1,1,1,1,2,2,2,1,1,2,2,2,1,1,1,2,2,1,1,1
1130,1899,GSI005,86,Aprovado,1,1,1,2,1,1,2,1,1,2,2,2,2,1,2,1,2,1,1,1
1138,2326,GSI005,0,Reprovado,1,0,2,2,0,2,2,0,0,2,2,2,0,0,1,1,2,0,1,1
1143,2260,GSI005,60,Aprovado,1,1,1,1,1,2,1,2,1,2,2,2,1,1,2,2,2,1,1,1
1144,2189,GSI005,73,Aprovado,1,1,1,1,2,2,2,1,1,2,2,2,1,1,1,2,2,1,1,1
1146,1675,GSI005,60,Aprovado,1,1,1,2,1,2,1,1,1,2,2,2,2,1,1,0,2,1,1,2
1150,2590,GSI005,61,Aprovado,1,1,1,1,1,2,2,1,1,2,2,2,1,1,2,1,2,1,1,1
1151,2326,GSI005,11,Reprovado,1,1,2,2,1,2,2,1,1,2,2,2,1,0,1,1,2,1,1,1
1155,2189,GSI005,81,Aprovado,1,1,1,1,2,2,2,1,1,2,2,2,1,1,1,2,2,1,1,1
1160,2332,GSI005,0,Reprovado,0,0,2,1,1,1,2,1,2,1,2,2,2,1,0,1,1,0,0,1
1163,2724,GSI005,63,Aprovado,1,1,1,1,1,2,2,1,1,2,2,2,1,1,2,1,2,1,1,1
1166,2590,GSI005,60,Aprovado,1,1,1,1,1,2,2,1,1,2,2,2,1,1,2,1,2,1,1,1
1167,2658,GSI005,37,Reprovado,1,1,1,1,1,2,2,1,1,2,2,2,1,1,2,1,2,1,1,1
1178,2093,GSI005,81,Aprovado,1,2,1,1,2,2,2,1,1,2,2,2,1,1,1,2,2,1,1,1
1179,1996,GSI005,60,Aprovado,1,1,1,1,2,2,2,1,1,2,2,2,1,1,1,2,2,1,1,1
1189,1899,GSI005,80,Aprovado,1,1,0,2,1,1,2,1,0,2,2,2,2,0,2,0,2,1,1,1
1190,2738,GSI005,70,Aprovado,1,1,1,1,1,2,2,1,1,2,2,2,1,1,2,1,2,1,1,1
1193,2724,GSI005,66,Aprovado,1,1,1,1,1,2,2,1,1,2,2,2,1,1,2,1,2,1,1,1
1194,1641,GSI005,24,Reprovado,1,2,0,1,2,2,2,1,1,2,2,2,1,1,1,1,2,1,1,2
1195,2738,GSI005,75,Aprovado,1,1,1,1,1,2,2,1,1,2,2,2,1,1,2,1,2,1,1,1
1196,1899,GSI005,8,Reprovado,1,1,0,2,1,0,2,1,1,2,2,2,2,1,2,1,2,1,1,1
1203,2738,GSI005,71,Aprovado,1,1,1,1,1,2,2,1,1,2,2,2,1,1,2,1,2,1,1,1
1205,2738,GSI005,88,Aprovado,1,1,1,1,1,2,2,1,1,2,2,2,1,1,2,1,2,1,1,1
1209,2590,GSI005,60,Aprovado,1,1,1,1,1,2,2,1,1,2,2,2,1,1,2,1,2,1,1,1
1210,2622,GSI005,96,Aprovado,1,1,1,1,1,2,2,1,1,2,2,2,1,1,2,1,2,1,1,1
1211,2622,GSI005,0,Reprovado,1,1,1,1,1,2,2,1,1,2,2,2,1,1,2,1,2,1,1,1
1216,2557,GSI005,60,Aprovado,1,0,2,2,1,2,1,0,0,0,2,2,1,1,0,1,2,1,1,0
1217,1671,GSI005,61,Aprovado,1,0,1,2,1,1,2,2,2,1,2,2,1,0,2,1,2,1,1,2
1219,2326,GSI005,88,Aprovado,1,1,2,2,1,2,2,1,1,2,2,2,0,1,1,1,2,1,1,1
1221,2093,GSI005,0,Reprovado,1,2,1,0,2,2,2,0,0,2,2,2,0,0,0,2,2,0,0,1
1223,2154,GSI005,0,Reprovado,1,2,1,0,2,2,2,1,0,2,2,2,0,1,0,2,2,0,0,0
1224,2059,GSI005,64,Aprovado,1,2,1,1,2,2,2,1,1,2,2,2,1,1,1,2,2,1,1,1
1225,1996,GSI005,60,Aprovado,1,1,0,1,2,2,2,1,1,2,2,2,1,1,1,2,2,1,1,1
1227,2093,GSI005,68,Aprovado,1,2,1,1,2,2,2,1,1,2,2,2,1,1,1,2,2,1,1,1
1229,2093,GSI005,75,Aprovado,1,2,1,1,2,2,2,1,1,2,2,2,1,1,1,2,2,1,1,1
1230,1996,GSI005,15,Reprovado,0,1,0,1,2,2,2,1,1,2,2,2,1,1,1,2,2,1,1,1
1236,1899,GSI005,52,Reprovado,1,1,1,2,1,1,2,0,1,2,2,2,2,1,2,1,2,1,1,1
1237,1675,GSI005,0,Reprovado,1,0,0,2,0,2,0,0,0,2,2,2,2,0,0,0,2,0,0,2
1238,1961,GSI005,60,Aprovado,1,1,0,1,2,2,2,1,1,2,2,2,1,2,1,2,2,1,1,1
1239,1911,GSI005,61,Aprovado,1,1,1,1,1,1,2,2,2,1,2,2,1,0,1,1,2,1,1,1
1241,1899,GSI005,7,Reprovado,1,1,1,2,1,1,2,1,0,2,2,2,2,0,2,1,2,1,1,1
1242,1899,GSI005,11,Reprovado,1,1,1,2,1,0,2,1,0,2,2,2,2,1,2,0,2,1,1,1
1251,2590,GSI005,31,Reprovado,1,1,1,1,1,2,2,1,1,2,2,2,1,1,2,1,2,1,1,1
1252,2507,GSI005,51,Reprovado,1,1,1,1,1,2,2,1,1,2,2,2,1,1,2,1,2,1,1,1
1254,2367,GSI005,10,Reprovado,1,0,2,2,1,2,2,1,0,1,2,2,0,0,1,0,2,0,0,0
1255,2724,GSI005,61,Aprovado,1,1,1,1,1,2,2,1,1,2,2,2,1,1,2,1,2,1,1,1
1259,2600,GSI005,14,Reprovado,1,1,1,1,0,0,2,0,1,2,2,0,2,1,2,1,2,0,0,0
1260,2557,GSI005,79,Aprovado,1,0,2,2,1,2,1,1,1,1,2,2,1,0,1,1,2,1,1,0
1262,2590,GSI005,60,Aprovado,1,1,1,1,1,2,2,1,1,2,2,2,1,1,2,1,2,1,1,1
1275,2189,GSI005,75,Aprovado,1,1,1,1,2,2,2,1,1,2,2,2,1,1,1,2,2,1,1,1
1282,2024,GSI005,69,Aprovado,1,1,1,1,2,2,2,1,1,2,2,2,1,1,1,2,2,1,1,1
1284,2059,GSI005,61,Aprovado,1,2,1,1,2,2,2,1,1,2,2,2,1,1,1,2,2,1,1,1
1285,2059,GSI005,78,Aprovado,1,2,1,1,2,2,2,1,1,2,2,2,1,1,1,2,2,1,1,1
1288,1675,GSI005,0,Reprovado,0,0,0,2,0,2,0,0,0,2,2,2,2,0,0,0,2,0,0,2
1293,1582,GSI005,0,Reprovado,0,1,0,0,0,2,1,1,1,2,2,1,1,1,2,2,2,1,1,2
1294,1582,GSI005,62,Aprovado,1,1,1,1,1,2,0,0,1,2,2,1,1,0,2,2,2,1,1,2
1295,1911,GSI005,27,Reprovado,1,1,1,1,1,1,2,2,2,1,2,2,0,0,0,0,2,1,1,1
1297,1899,GSI005,60,Aprovado,1,1,1,2,1,1,2,1,1,2,2,2,2,1,2,1,2,1,1,1
1298,1671,GSI005,19,Reprovado,1,1,1,2,1,1,2,2,2,1,2,2,1,1,2,0,2,1,1,2
1303,2189,GSI005,88,Aprovado,1,1,1,1,2,2,2,1,1,2,2,2,1,1,1,2,2,1,1,1
1305,2059,GSI005,12,Reprovado,1,2,1,1,2,2,2,1,1,2,2,2,1,1,1,2,2,1,1,1
1317,2738,GSI005,78,Aprovado,1,1,1,1,1,2,2,1,1,2,2,2,1,1,2,1,2,1,1,1
1319,2622,GSI005,89,Aprovado,1,1,1,1,1,2,2,1,1,2,2,2,1,1,2,1,2,1,1,1
1321,2260,GSI005,74,Aprovado,1,1,1,1,1,2,1,2,1,2,2,2,1,1,2,2,2,1,1,1
1322,1911,GSI005,66,Aprovado,1,1,1,1,1,1,2,2,2,0,2,2,1,1,0,1,2,1,1,1
1323,1582,GSI005,61,Aprovado,1,1,1,1,1,2,1,1,1,2,2,1,1,1,2,2,2,1,1,2
1325,2154,GSI005,93,Aprovado,1,2,1,1,2,2,2,1,1,2,2,2,1,1,1,2,2,1,1,1
1326,1961,GSI005,32,Reprovado,1,1,1,1,2,2,2,1,1,2,2,2,1,2,1,2,2,1,1,1
1329,2622,GSI005,94,Aprovado,1,1,1,1,1,2,2,1,1,2,2,2,1,1,2,1,2,1,1,1
1330,1949,GSI005,83,Aprovado,1,1,0,1,2,2,2,1,1,1,2,1,1,1,1,1,2,1,1,1
1331,2410,GSI005,93,Aprovado,1,1,2,2,1,2,2,1,1,2,2,2,1,1,1,1,2,1,1,1
1332,2485,GSI005,31,Reprovado,1,1,2,2,1,2,2,1,1,2,2,2,1,1,1,1,2,1,1,1
1333,1911,GSI005,72,Aprovado,1,1,1,1,1,1,2,2,2,1,2,2,1,1,1,1,2,1,1,1
1334,2154,GSI005,0,Reprovado,1,2,1,0,2,2,2,1,0,2,2,2,0,1,0,2,2,0,0,0
1336,2154,GSI005,42,Reprovado,1,2,1,1,2,2,2,1,1,2,2,2,1,1,1,2,2,1,1,1
1338,1582,GSI005,1,Reprovado,1,1,1,0,0,2,0,0,0,2,2,0,0,0,2,2,2,0,0,2
1341,1892,GSI005,100,Aprovado,1,1,1,1,1,2,2,1,1,2,2,2,1,1,2,1,2,1,1,1
1342,1892,GSI005,92,Aprovado,1,1,1,1,1,2,2,1,1,2,2,2,1,1,2,1,2,1,1,1
1343,2590,GSI005,63,Aprovado,1,1,1,1,1,2,2,1,1,2,2,2,1,1,2,1,2,1,1,1
1344,2622,GSI005,92,Aprovado,1,1,1,1,1,2,2,1,1,2,2,2,1,1,2,1,2,1,1,1
1345,2557,GSI005,76,Aprovado,0,1,2,2,1,2,1,1,1,0,2,2,0,0,1,1,2,1,1,1
1347,2485,GSI005,60,Aprovado,1,0,2,2,1,2,2,1,1,2,2,2,1,1,0,1,2,1,1,1
1348,2590,GSI005,60,Aprovado,1,1,1,1,1,2,2,1,1,2,2,2,1,1,2,1,2,1,1,1
1352,2507,GSI005,52,Reprovado,1,1,1,1,1,2,2,1,1,2,2,2,1,1,2,1,2,1,1,1
1354,2622,GSI005,84,Aprovado,1,1,1,1,1,2,2,1,1,2,2,2,1,1,2,1,2,1,1,1
1356,2485,GSI005,87,Aprovado,1,1,2,2,1,2,2,0,1,2,2,2,1,1,0,0,2,1,1,1
1357,2189,GSI005,60,Aprovado,1,1,1,1,2,2,2,1,1,2,2,2,1,1,1,2,2,1,1,1
1358,2326,GSI005,15,Reprovado,1,0,2,2,0,2,2,0,0,2,2,2,1,0,0,1,2,1,1,1
1365,2738,GSI005,83,Aprovado,1,1,1,1,1,2,2,1,1,2,2,2,1,1,2,1,2,1,1,1
1368,2724,GSI005,66,Aprovado,1,1,1,1,1,2,2,1,1,2,2,2,1,1,2,1,2,1,1,1
1370,2622,GSI005,51,Reprovado,1,1,1,1,1,2,2,1,1,2,2,2,1,1,2,1,2,1,1,1
1371,2326,GSI005,66,Aprovado,1,1,2,2,1,2,2,1,1,2,2,2,1,1,1,1,2,1,1,1
1377,1671,GSI005,0,Reprovado,1,1,1,2,0,1,2,2,2,1,2,2,1,0,2,0,2,0,1,2
1378,2059,GSI005,87,Aprovado,1,2,1,1,2,2,2,1,1,2,2,2,1,1,1,2,2,1,1,1
1379,2059,GSI005,0,Reprovado,0,2,0,1,2,2,2,1,1,2,2,2,1,1,1,2,2,1,1,1
1391,1961,GSI005,60,Aprovado,1,1,1,1,2,2,2,1,1,2,2,2,1,2,1,2,2,1,1,1
1396,1899,GSI005,69,Aprovado,1,1,1,2,1,0,2,1,0,2,2,2,2,1,2,1,2,1,1,1
1398,2738,GSI005,0,Reprovado,1,1,1,1,1,2,2,1,1,2,2,2,1,1,2,1,2,1,1,1
1403,2590,GSI005,9,Reprovado,1,1,1,1,1,2,2,1,1,2,2,2,1,1,2,1,2,1,1,1
1406,2367,GSI005,11,Reprovado,1,1,2,2,1,2,2,1,1,1,2,2,1,1,1,1,2,1,1,1
1409,1582,GSI005,1,Reprovado,1,0,1,0,0,2,0,0,0,2,2,0,0,0,2,2,2,0,0,2
1416,2410,GSI005,60,Aprovado,1,1,2,2,1,2,2,1,1,2,2,2,1,1,1,1,2,1,1,1
1417,2485,GSI005,60,Aprovado,1,1,2,2,1,2,2,0,1,2,2,2,0,0,1,1,2,1,1,1
1420,2024,GSI005,60,Aprovado,0,1,1,0,2,2,2,0,1,2,2,2,1,1,1,2,2,1,1,1
1426,2622,GSI005,62,Aprovado,1,1,1,1,1,2,2,1,1,2,2,2,1,1,2,1,2,1,1,1
1429,2367,GSI005,60,Aprovado,1,1,2,2,1,2,2,1,1,1,2,2,1,1,1,1,2,1,1,1
1431,2024,GSI005,68,Aprovado,1,1,1,1,2,2,2,0,1,2,2,2,1,1,1,2,2,1,1,1
1432,1961,GSI005,69,Aprovado,1,1,1,1,2,2,2,1,1,2,2,2,1,2,1,2,2,1,1,1
1433,2059,GSI005,60,Aprovado,1,2,1,1,2,2,2,1,1,2,2,2,1,1,1,2,2,1,1,1
1435,2410,GSI005,0,Reprovado,1,1,2,2,1,2,2,1,1,2,2,2,0,0,1,0,2,0,0,0
1437,2260,GSI005,63,Aprovado,1,1,1,1,1,2,1,2,1,2,2,2,1,1,2,2,2,1,1,1
1443,1892,GSI005,90,Aprovado,1,1,1,1,1,2,2,1,1,2,2,2,1,1,2,1,2,1,1,1
1444,2557,GSI005,95,Aprovado,1,0,2,2,1,2,1,1,1,1,2,2,1,0,1,1,2,1,1,1
1451,1582,GSI005,25,Reprovado,0,1,0,0,1,2,0,1,1,2,2,1,0,1,2,2,2,0,1,2
1452,1582,GSI005,66,Aprovado,1,1,1,1,1,2,1,1,1,2,2,0,1,1,2,2,2,1,1,2
1455,2410,GSI005,23,Reprovado,1,0,2,2,0,2,2,1,1,2,2,2,1,0,1,0,2,0,0,0
1456,1996,GSI005,68,Aprovado,1,1,1,1,2,2,2,1,1,2,2,2,1,1,1,2,2,1,1,1
1459,1996,GSI005,6,Reprovado,1,1,1,1,2,2,2,1,1,2,2,2,1,1,1,2,2,1,1,1
1463,2024,GSI005,66,Aprovado,1,1,1,1,2,2,2,1,1,2,2,2,1,1,1,2,2,1,1,1
1467,2093,GSI005,65,Aprovado,1,2,1,1,2,2,2,1,1,2,2,2,1,1,1,2,2,1,1,1
1468,2622,GSI005,84,Aprovado,1,1,1,1,1,2,2,1,1,2,2,2,1,1,2,1,2,1,1,1
1469,2367,GSI005,29,Reprovado,1,1,2,2,1,2,2,1,1,0,2,2,1,1,0,1,2,1,1,1
1470,2059,GSI005,66,Aprovado,1,2,1,1,2,2,2,1,1,2,2,2,1,1,1,2,2,1,1,1
1471,2024,GSI005,76,Aprovado,0,1,1,1,2,2,2,1,1,2,2,2,1,1,1,2,2,1,1,1
1472,2260,GSI005,26,Reprovado,1,1,1,1,1,2,1,2,1,2,2,2,1,1,2,2,2,1,1,1
1475,2189,GSI005,78,Aprovado,1,1,1,1,2,2,2,1,1,2,2,2,1,1,1,2,2,1,1,1
1477,1582,GSI005,23,Reprovado,1,1,1,0,1,2,0,1,1,2,2,1,0,0,2,2,2,0,1,2
1478,1911,GSI005,81,Aprovado,1,1,1,1,1,1,2,2,2,1,2,2,1,0,1,1,2,1,1,1
1487,2590,GSI005,68,Aprovado,1,1,1,1,1,2,2,1,1,2,2,2,1,1,2,1,2,1,1,1
1488,2375,GSI005,54,Reprovado,1,1,2,0,1,1,2,1,2,2,1,1,2,0,2,0,2,1,1,1
1489,2367,GSI005,19,Reprovado,1,1,2,2,1,2,2,1,1,1,2,2,1,1,1,1,2,1,1,1
1490,2410,GSI005,49,Reprovado,1,1,2,2,1,2,2,1,1,2,2,2,1,1,1,0,2,1,1,1
1494,1899,GSI005,62,Aprovado,1,1,1,2,1,1,2,1,1,2,2,2,2,1,2,1,2,1,1,1
1495,1899,GSI005,51,Reprovado,1,1,1,2,1,1,2,1,1,2,2,2,2,1,2,1,2,1,1,1
1496,1911,GSI005,81,Aprovado,1,1,1,1,1,1,2,2,2,1,2,2,0,1,1,1,2,1,1,1
1497,2724,GSI005,66,Aprovado,1,1,1,1,1,2,2,1,1,2,2,2,1,1,2,1,2,1,1,1
1500,1949,GSI005,60,Aprovado,1,1,1,1,2,2,2,0,1,1,2,1,1,0,1,1,2,1,1,1
1501,1911,GSI005,51,Reprovado,1,1,0,1,1,1,2,2,2,1,2,2,1,1,1,1,2,1,1,1
1507,2189,GSI005,83,Aprovado,1,1,1,1,2,2,2,1,1,2,2,2,1,1,1,2,2,1,1,1
1508,1949,GSI005,60,Aprovado,0,1,0,1,2,2,2,0,1,1,2,0,1,1,1,1,2,1,1,1
1509,2093,GSI005,0,Reprovado,1,2,1,0,2,2,2,0,0,2,2,2,0,0,0,2,2,0,0,1
1514,1911,GSI005,71,Aprovado,1,1,1,1,1,1,2,2,2,1,2,2,1,1,1,1,2,1,0,1
1516,2738,GSI005,69,Aprovado,1,1,1,1,1,2,2,1,1,2,2,2,1,1,2,1,2,1,1,1
1521,2622,GSI005,68,Aprovado,1,1,1,1,1,2,2,1,1,2,2,2,1,1,2,1,2,1,1,1
1524,2507,GSI005,13,Reprovado,1,1,1,1,1,2,2,1,1,2,2,2,1,1,2,1,2,1,0,1
1525,2557,GSI005,60,Aprovado,1,1,2,2,1,2,1,1,1,1,2,2,1,0,1,1,2,1,1,0
1526,2590,GSI005,100,Aprovado,1,1,1,1,1,2,2,1,1,2,2,2,1,1,2,1,2,1,1,1
1528,2375,GSI005,68,Aprovado,0,0,2,0,0,1,2,0,2,2,0,1,2,1,2,1,2,1,1,1
1530,2332,GSI005,64,Aprovado,0,0,2,1,1,1,2,1,2,1,2,2,2,1,0,1,1,0,1,1
1532,2410,GSI005,0,Reprovado,0,0,2,2,0,2,2,0,0,2,2,2,0,0,0,0,2,0,0,0
1534,2332,GSI005,61,Aprovado,0,0,2,1,1,1,2,1,2,1,2,2,2,1,1,1,1,1,0,1
1535,1641,GSI005,0,Reprovado,1,2,0,1,2,2,2,1,1,2,2,2,1,1,1,1,2,1,1,2
1538,2093,GSI005,3,Reprovado,1,2,1,0,2,2,2,1,1,2,2,2,0,0,0,2,2,1,0,1
1539,1641,GSI005,63,Aprovado,1,2,1,1,2,2,2,1,1,2,2,2,1,1,1,1,2,1,1,2
1540,2024,GSI005,56,Reprovado,0,1,1,1,2,2,2,1,1,2,2,2,1,1,1,2,2,1,1,1
1543,1582,GSI005,0,Reprovado,1,0,0,0,0,2,0,0,0,2,2,0,0,0,2,2,2,0,0,2
1544,1675,GSI005,60,Aprovado,0,1,1,2,0,2,0,1,1,2,2,2,2,1,0,0,2,1,1,2
1548,1961,GSI005,82,Aprovado,1,1,1,1,2,2,2,1,1,2,2,2,1,2,1,2,2,1,1,1
1549,1961,GSI005,61,Aprovado,1,1,1,1,2,2,2,1,1,2,2,2,1,2,1,2,2,1,1,1
1552,1911,GSI005,69,Aprovado,0,1,1,1,1,1,2,2,2,1,2,2,0,1,1,1,2,1,1,1
1555,1899,GSI005,0,Reprovado,1,0,0,2,1,0,2,0,0,2,2,2,2,0,2,0,2,1,0,1
1556,1899,GSI005,1,Reprovado,0,0,1,2,1,1,2,1,0,2,2,2,2,0,2,0,2,1,0,1
1561,2724,GSI005,64,Aprovado,1,1,1,1,1,2,2,1,1,2,2,2,1,1,2,1,2,1,1,1
1562,2724,GSI005,78,Aprovado,1,1,1,1,1,2,2,1,1,2,2,2,1,1,2,1,2,1,1,1
1565,2590,GSI005,60,Aprovado,1,1,1,1,1,2,2,1,1,2,2,2,1,1,2,1,2,1,1,1
1567,2332,GSI005,0,Reprovado,0,0,2,1,1,1,2,1,2,1,2,2,2,1,0,1,1,0,0,1
1568,1641,GSI005,0,Reprovado,1,2,0,1,2,2,2,1,1,2,2,2,1,1,1,1,2,1,1,2
1573,2154,GSI005,60,Aprovado,1,2,1,1,2,2,2,1,1,2,2,2,1,1,1,2,2,1,1,1
1574,2059,GSI005,68,Aprovado,1,2,1,1,2,2,2,1,1,2,2,2,1,1,1,2,2,1,1,1
1575,2590,GSI005,51,Reprovado,1,1,1,1,1,2,2,1,1,2,2,2,1,1,2,1,2,1,1,1
1576,2367,GSI005,0,Reprovado,0,0,2,2,0,2,2,0,0,0,2,2,0,0,0,0,2,0,0,0
1580,2658,GSI005,52,Reprovado,1,1,1,1,1,2,2,1,1,2,2,2,1,1,2,1,2,1,1,1
1584,1899,GSI005,16,Reprovado,1,1,1,2,1,0,2,1,1,2,2,2,2,0,2,1,2,1,1,1
1585,2189,GSI005,62,Aprovado,1,1,1,1,2,2,2,1,1,2,2,2,1,1,1,2,2,1,1,1
1588,2375,GSI005,78,Aprovado,1,1,2,0,1,0,2,0,2,2,1,1,2,1,2,0,2,1,1,1
1591,2590,GSI005,80,Aprovado,1,1,1,1,1,2,2,1,1,2,2,2,1,1,2,1,2,1,1,1
1594,1996,GSI005,0,Reprovado,1,1,1,1,2,2,2,1,1,2,2,2,1,1,1,2,2,1,1,1
1601,1641,GSI005,0,Reprovado,1,2,0,1,2,2,2,1,1,2,2,2,1,1,1,1,2,1,1,2
1608,2189,GSI005,7,Reprovado,0,0,0,0,2,2,2,0,0,2,2,2,0,0,0,2,2,0,0,1
1609,1899,GSI005,10,Reprovado,0,0,1,2,0,0,2,1,1,2,2,2,2,0,2,0,2,1,0,1
1611,2024,GSI005,12,Reprovado,0,1,1,1,2,2,2,0,1,2,2,2,1,1,1,2,2,1,1,1
1613,2368,GSI005,0,Reprovado,0,0,2,2,0,0,2,0,2,2,0,0,2,0,2,0,2,0,0,0
1614,1899,GSI005,16,Reprovado,1,1,1,2,0,0,2,0,0,2,2,2,2,1,2,0,2,1,1,1
1615,2738,GSI005,72,Aprovado,1,1,1,1,1,2,2,1,1,2,2,2,1,1,2,1,2,1,1,1
1617,2622,GSI005,38,Reprovado,1,1,1,1,1,2,2,1,1,2,2,2,1,1,2,1,2,1,1,1
1620,2375,GSI005,0,Reprovado,1,0,2,0,0,0,2,0,2,2,0,0,2,0,2,0,2,0,0,0
1621,2557,GSI005,65,Aprovado,1,1,2,2,1,2,1,1,1,1,2,2,1,0,1,1,2,1,1,1
1622,2189,GSI005,66,Aprovado,1,1,1,1,2,2,2,1,1,2,2,2,1,1,1,2,2,1,1,1
1625,1961,GSI005,67,Aprovado,0,1,1,1,2,2,2,1,1,2,2,2,1,2,1,2,2,1,1,1
1628,2154,GSI005,81,Aprovado,1,2,1,1,2,2,2,1,1,2,2,2,1,1,1,2,2,1,1,1
1630,2059,GSI005,85,Aprovado,1,2,1,1,2,2,2,1,1,2,2,2,1,1,1,2,2,1,1,1
1631,1899,GSI005,9,Reprovado,1,1,1,2,1,1,2,1,1,2,2,2,2,0,2,1,2,1,1,1
1643,2738,GSI005,93,Aprovado,1,1,1,1,1,2,2,1,1,2,2,2,1,1,2,1,2,1,1,1
1655,2658,GSI005,12,Reprovado,1,1,1,1,1,2,2,1,1,2,2,2,1,1,2,1,2,1,1,1
1656,2485,GSI005,61,Aprovado,1,0,2,2,1,2,2,1,1,2,2,2,1,1,1,1,2,1,1,1
1660,2557,GSI005,68,Aprovado,1,1,2,2,1,2,1,1,1,1,2,2,1,1,1,1,2,1,1,1
1661,2557,GSI005,65,Aprovado,1,1,2,2,1,2,1,1,1,1,2,2,1,0,1,1,2,1,1,0
1663,2410,GSI005,56,Reprovado,1,1,2,2,1,2,2,1,1,2,2,2,1,1,1,1,2,1,1,1
1666,2410,GSI005,84,Aprovado,1,1,2,2,1,2,2,1,1,2,2,2,1,1,1,1,2,1,1,1
1669,2260,GSI005,26,Reprovado,1,1,1,1,1,2,1,2,1,2,2,2,1,1,2,2,2,1,1,1
1670,1671,GSI005,12,Reprovado,1,1,1,2,0,1,2,2,2,1,2,2,1,1,2,1,2,1,1,2
1674,2154,GSI005,29,Reprovado,1,2,1,1,2,2,2,1,1,2,2,2,1,1,1,2,2,1,0,0
1675,2326,GSI005,13,Reprovado,1,0,2,2,1,2,2,1,0,2,2,2,0,0,1,1,2,1,1,1
1683,2024,GSI005,0,Reprovado,0,1,0,1,2,2,2,0,1,2,2,2,1,1,1,2,2,1,1,1
1684,2093,GSI005,64,Aprovado,1,2,1,1,2,2,2,1,1,2,2,2,1,1,1,2,2,1,1,1
1686,2093,GSI005,72,Aprovado,1,2,1,1,2,2,2,1,1,2,2,2,1,1,1,2,2,1,1,1
1687,2093,GSI005,72,Aprovado,1,2,1,1,2,2,2,1,1,2,2,2,1,1,1,2,2,1,1,1
1690,1899,GSI005,40,Reprovado,1,0,1,2,1,0,2,0,0,2,2,2,2,0,2,1,2,1,1,1
1691,1949,GSI005,90,Aprovado,1,1,0,1,2,2,2,1,1,1,2,1,1,0,1,1,2,1,1,1
1693,1899,GSI005,83,Aprovado,1,1,1,2,1,1,2,1,1,2,2,2,2,1,2,1,2,1,1,1
1697,2024,GSI005,74,Aprovado,1,1,1,1,2,2,2,1,1,2,2,2,1,1,1,2,2,1,1,1
1701,1911,GSI005,0,Reprovado,0,0,0,0,0,0,2,2,2,0,2,2,0,0,0,0,2,1,0,1
1702,1899,GSI005,18,Reprovado,0,1,1,2,0,0,2,1,1,2,2,2,2,1,2,1,2,1,1,1
1703,1899,GSI005,13,Reprovado,1,1,1,2,1,0,2,0,1,2,2,2,2,0,2,1,2,1,1,1
1736,1892,GSI005,43,Reprovado,1,1,1,1,1,2,2,1,1,2,2,2,1,1,2,1,2,1,1,1
1838,1892,GSI005,0,Reprovado,1,1,1,1,1,2,2,1,1,2,2,2,1,1,2,1,2,1,1,1
1839,2724,GSI005,63,Aprovado,1,1,1,1,1,2,2,1,1,2,2,2,1,1,2,1,2,1,1,1
1840,2724,GSI005,64,Aprovado,1,1,1,1,1,2,2,1,1,2,2,2,1,1,2,1,2,1,1,1
1841,2738,GSI005,62,Aprovado,1,1,1,1,1,2,2,1,1,2,2,2,1,1,2,1,2,1,1,1
1842,2738,GSI005,85,Aprovado,1,1,1,1,1,2,2,1,1,2,2,2,1,1,2,1,2,1,1,1
1843,2738,GSI005,99,Aprovado,1,1,1,1,1,2,2,1,1,2,2,2,1,1,2,1,2,1,1,1
1844,2738,GSI005,72,Aprovado,1,1,1,1,1,2,2,1,1,2,2,2,1,1,2,1,2,1,1,1
1847,2738,GSI005,69,Aprovado,1,1,1,1,1,2,2,1,1,2,2,2,1,1,2,1,2,1,1,1
1848,2738,GSI005,63,Aprovado,1,1,1,1,1,2,2,1,1,2,2,2,1,1,2,1,2,1,1,1
1849,2738,GSI005,66,Aprovado,1,1,1,1,1,2,2,1,1,2,2,2,1,1,2,1,2,1,1,1
1850,2738,GSI005,95,Aprovado,1,1,1,1,1,2,2,1,1,2,2,2,1,1,2,1,2,1,1,1
1851,2738,GSI005,64,Aprovado,1,1,1,1,1,2,2,1,1,2,2,2,1,1,2,1,2,1,1,1
1852,2738,GSI005,79,Aprovado,1,1,1,1,1,2,2,1,1,2,2,2,1,1,2,1,2,1,1,1
1853,2738,GSI005,63,Aprovado,1,1,1,1,1,2,2,1,1,2,2,2,1,1,2,1,2,1,1,1
1854,2738,GSI005,78,Aprovado,1,1,1,1,1,2,2,1,1,2,2,2,1,1,2,1,2,1,1,1
1855,2738,GSI005,83,Aprovado,1,1,1,1,1,2,2,1,1,2,2,2,1,1,2,1,2,1,1,1
1856,2724,GSI005,63,Aprovado,1,1,1,1,1,2,2,1,1,2,2,2,1,1,2,1,2,1,1,1
1857,2724,GSI005,17,Reprovado,1,1,1,1,1,2,2,1,1,2,2,2,1,1,2,1,2,1,1,1
1858,2738,GSI005,60,Aprovado,1,1,1,1,1,2,2,1,1,2,2,2,1,1,2,1,2,1,1,1
1859,2738,GSI005,70,Aprovado,1,1,1,1,1,2,2,1,1,2,2,2,1,1,2,1,2,1,1,1
1860,2738,GSI005,93,Aprovado,1,1,1,1,1,2,2,1,1,2,2,2,1,1,2,1,2,1,1,1
1861,2738,GSI005,85,Aprovado,1,1,1,1,1,2,2,1,1,2,2,2,1,1,2,1,2,1,1,1
1862,2738,GSI005,66,Aprovado,1,1,1,1,1,2,2,1,1,2,2,2,1,1,2,1,2,1,1,1
1863,2738,GSI005,81,Aprovado,1,1,1,1,1,2,2,1,1,2,2,2,1,1,2,1,2,1,1,1
1864,2738,GSI005,82,Aprovado,1,1,1,1,1,2,2,1,1,2,2,2,1,1,2,1,2,1,1,1
1868,2738,GSI005,66,Aprovado,1,1,1,1,1,2,2,1,1,2,2,2,1,1,2,1,2,1,1,1
1869,2738,GSI005,60,Aprovado,1,1,1,1,1,2,2,1,1,2,2,2,1,1,2,1,2,1,1,1
1870,1892,GSI005,0,Reprovado,1,1,1,1,1,2,2,1,1,2,2,2,1,1,2,1,2,1,1,1
1871,2724,GSI005,0,Reprovado,1,1,1,1,1,2,2,1,1,2,2,2,1,1,2,1,2,1,1,1
1872,2724,GSI005,70,Aprovado,1,1,1,1,1,2,2,1,1,2,2,2,1,1,2,1,2,1,1,1
1873,2738,GSI005,88,Aprovado,1,1,1,1,1,2,2,1,1,2,2,2,1,1,2,1,2,1,1,1
1886,2724,GSI005,86,Aprovado,1,1,1,1,1,2,2,1,1,2,2,2,1,1,2,1,2,1,1,1
1889,1892,GSI005,26,Reprovado,1,1,1,1,1,2,2,1,1,2,2,2,1,1,2,1,2,1,1,1
1890,1892,GSI005,7,Reprovado,1,1,1,1,1,2,2,1,1,2,2,2,1,1,2,1,2,1,1,1
1891,2724,GSI005,40,Reprovado,1,1,1,1,1,2,2,1,1,2,2,2,1,1,2,1,2,1,1,1
1892,2724,GSI005,63,Aprovado,1,1,1,1,1,2,2,1,1,2,2,2,1,1,2,1,2,1,1,1
1893,2724,GSI005,69,Aprovado,1,1,1,1,1,2,2,1,1,2,2,2,1,1,2,1,2,1,1,1
1894,1892,GSI005,63,Aprovado,1,1,1,1,1,2,2,1,1,2,2,2,1,1,2,1,2,1,1,1
1895,2724,GSI005,86,Aprovado,1,1,1,1,1,2,2,1,1,2,2,2,1,1,2,1,2,1,1,1
1898,2724,GSI005,63,Aprovado,1,1,1,1,1,2,2,1,1,2,2,2,1,1,2,1,2,1,1,1
1899,2724,GSI005,70,Aprovado,1,1,1,1,1,2,2,1,1,2,2,2,1,1,2,1,2,1,1,1
1900,2724,GSI005,13,Reprovado,1,1,1,1,1,2,2,1,1,2,2,2,1,1,2,1,2,1,1,1
1901,2724,GSI005,78,Aprovado,1,1,1,1,1,2,2,1,1,2,2,2,1,1,2,1,2,1,1,1
1902,1892,GSI005,60,Aprovado,1,1,1,1,1,2,2,1,1,2,2,2,1,1,2,1,2,1,1,1
1903,2724,GSI005,68,Aprovado,1,1,1,1,1,2,2,1,1,2,2,2,1,1,2,1,2,1,1,1
1904,2724,GSI005,62,Aprovado,1,1,1,1,1,2,2,1,1,2,2,2,1,1,2,1,2,1,1,1
1905,2724,GSI005,93,Aprovado,1,1,1,1,1,2,2,1,1,2,2,2,1,1,2,1,2,1,1,1
1906,1892,GSI005,3,Reprovado,1,1,1,1,1,2,2,1,1,2,2,2,1,1,2,1,2,1,1,1
1907,2724,GSI005,54,Reprovado,1,1,1,1,1,2,2,1,1,2,2,2,1,1,2,1,2,1,1,1
1908,1892,GSI005,94,Aprovado,1,1,1,1,1,2,2,1,1,2,2,2,1,1,2,1,2,1,1,1
1909,1892,GSI005,70,Aprovado,1,1,1,1,1,2,2,1,1,2,2,2,1,1,2,1,2,1,1,1
1910,2724,GSI005,64,Aprovado,1,1,1,1,1,2,2,1,1,2,2,2,1,1,2,1,2,1,1,1
1911,2724,GSI005,88,Aprovado,1,1,1,1,1,2,2,1,1,2,2,2,1,1,2,1,2,1,1,1
1912,2724,GSI005,63,Aprovado,1,1,1,1,1,2,2,1,1,2,2,2,1,1,2,1,2,1,1,1
1913,1892,GSI005,73,Aprovado,1,1,1,1,1,2,2,1,1,2,2,2,1,1,2,1,2,1,1,1
1914,1892,GSI005,54,Reprovado,1,1,1,1,1,2,2,1,1,2,2,2,1,1,2,1,2,1,1,1
1915,2724,GSI005,60,Aprovado,1,1,1,1,1,2,2,1,1,2,2,2,1,1,2,1,2,1,1,1
1917,2658,GSI005,0,Reprovado,1,1,1,1,1,2,2,1,1,2,2,2,1,1,2,1,2,1,1,1
1918,2724,GSI005,68,Aprovado,1,1,1,1,1,2,2,1,1,2,2,2,1,1,2,1,2,1,1,1
1920,2724,GSI005,60,Aprovado,1,1,1,1,1,2,2,1,1,2,2,2,1,1,2,1,2,1,1,1
1921,2724,GSI005,73,Aprovado,1,1,1,1,1,2,2,1,1,2,2,2,1,1,2,1,2,1,1,1
1922,2724,GSI005,64,Aprovado,1,1,1,1,1,2,2,1,1,2,2,2,1,1,2,1,2,1,1,1
1923,1892,GSI005,3,Reprovado,1,1,1,1,1,2,2,1,1,2,2,2,1,1,2,1,2,1,1,1
1928,1892,GSI005,17,Reprovado,1,1,1,1,1,2,2,1,1,2,2,2,1,1,2,1,2,1,1,1
1939,1892,GSI005,100,Aprovado,1,1,1,1,1,2,2,1,1,2,2,2,1,1,2,1,2,1,1,1
1940,1892,GSI005,78,Aprovado,1,1,1,1,1,2,2,1,1,2,2,2,1,1,2,1,2,1,1,1
1941,1892,GSI005,14,Reprovado,1,1,1,1,1,2,2,1,1,2,2,2,1,1,2,1,2,1,1,1
1948,1892,GSI005,100,Aprovado,1,1,1,1,1,2,2,1,1,2,2,2,1,1,2,1,2,1,1,1
1949,1892,GSI005,55,Reprovado,1,1,1,1,1,2,2,1,1,2,2,2,1,1,2,1,2,1,1,1
1950,1892,GSI005,100,Aprovado,1,1,1,1,1,2,2,1,1,2,2,2,1,1,2,1,2,1,1,1
1951,1892,GSI005,31,Reprovado,1,1,1,1,1,2,2,1,1,2,2,2,1,1,2,1,2,1,1,1
1952,1892,GSI005,92,Aprovado,1,1,1,1,1,2,2,1,1,2,2,2,1,1,2,1,2,1,1,1
1953,1892,GSI005,75,Aprovado,1,1,1,1,1,2,2,1,1,2,2,2,1,1,2,1,2,1,1,1
1954,1892,GSI005,67,Aprovado,1,1,1,1,1,2,2,1,1,2,2,2,1,1,2,1,2,1,1,1
1955,1892,GSI005,73,Aprovado,1,1,1,1,1,2,2,1,1,2,2,2,1,1,2,1,2,1,1,1
1956,1892,GSI005,80,Aprovado,1,1,1,1,1,2,2,1,1,2,2,2,1,1,2,1,2,1,1,1
1957,1892,GSI005,76,Aprovado,1,1,1,1,1,2,2,1,1,2,2,2,1,1,2,1,2,1,1,1
1958,1892,GSI005,60,Aprovado,1,1,1,1,1,2,2,1,1,2,2,2,1,1,2,1,2,1,1,1
1959,1892,GSI005,65,Aprovado,1,1,1,1,1,2,2,1,1,2,2,2,1,1,2,1,2,1,1,1
1960,1892,GSI005,74,Aprovado,1,1,1,1,1,2,2,1,1,2,2,2,1,1,2,1,2,1,1,1
1961,1892,GSI005,78,Aprovado,1,1,1,1,1,2,2,1,1,2,2,2,1,1,2,1,2,1,1,1
1962,1892,GSI005,28,Reprovado,1,1,1,1,1,2,2,1,1,2,2,2,1,1,2,1,2,1,1,1
1963,1892,GSI005,64,Aprovado,1,1,1,1,1,2,2,1,1,2,2,2,1,1,2,1,2,1,1,1
1964,1892,GSI005,36,Reprovado,1,1,1,1,1,2,2,1,1,2,2,2,1,1,2,1,2,1,1,1
1965,1892,GSI005,91,Aprovado,1,1,1,1,1,2,2,1,1,2,2,2,1,1,2,1,2,1,1,1
1968,1892,GSI005,65,Aprovado,1,1,1,1,1,2,2,1,1,2,2,2,1,1,2,1,2,1,1,1
1969,1892,GSI005,27,Reprovado,1,1,1,1,1,2,2,1,1,2,2,2,1,1,2,1,2,1,1,1
1970,1892,GSI005,76,Aprovado,1,1,1,1,1,2,2,1,1,2,2,2,1,1,2,1,2,1,1,1
1971,1892,GSI005,85,Aprovado,1,1,1,1,1,2,2,1,1,2,2,2,1,1,2,1,2,1,1,1
1972,1892,GSI005,75,Aprovado,1,1,1,1,1,2,2,1,1,2,2,2,1,1,2,1,2,1,1,1
1973,1892,GSI005,96,Aprovado,1,1,1,1,1,2,2,1,1,2,2,2,1,1,2,1,2,1,1,1
1974,1892,GSI005,97,Aprovado,1,1,1,1,1,2,2,1,1,2,2,2,1,1,2,1,2,1,1,1
1980,1892,GSI005,10,Reprovado,1,1,1,1,1,2,2,1,1,2,2,2,1,1,2,1,2,1,1,1
1981,1892,GSI005,77,Aprovado,1,1,1,1,1,2,2,1,1,2,2,2,1,1,2,1,2,1,1,1
1982,1892,GSI005,18,Reprovado,1,1,1,1,1,2,2,1,1,2,2,2,1,1,2,1,2,1,1,1
1989,2658,GSI005,60,Aprovado,1,1,1,1,1,2,2,1,1,2,2,2,1,1,2,1,2,1,1,1
1991,2658,GSI005,89,Aprovado,1,1,1,1,1,2,2,1,1,2,2,2,1,1,2,1,2,1,1,1
1992,2658,GSI005,80,Aprovado,1,1,1,1,1,2,2,1,1,2,2,2,1,1,2,1,2,1,1,1
1993,2658,GSI005,100,Aprovado,1,1,1,1,1,2,2,1,1,2,2,2,1,1,2,1,2,1,1,1
1994,2658,GSI005,100,Aprovado,1,1,1,1,1,2,2,1,1,2,2,2,1,1,2,1,2,1,1,1
2000,2658,GSI005,24,Reprovado,1,1,1,1,1,2,2,1,1,2,2,2,1,1,2,1,2,1,1,1
2001,2658,GSI005,60,Aprovado,1,1,1,1,1,2,2,1,1,2,2,2,1,1,2,1,2,1,1,1
2002,2590,GSI005,0,Reprovado,1,1,1,1,1,2,2,1,1,2,2,2,1,1,2,1,2,1,1,1
2003,2600,GSI005,0,Reprovado,1,1,1,1,0,0,2,0,1,2,2,0,2,1,2,1,2,0,0,0
2004,2590,GSI005,60,Aprovado,1,1,1,1,1,2,2,1,1,2,2,2,1,1,2,1,2,1,1,1
2005,2658,GSI005,82,Aprovado,1,1,1,1,1,2,2,1,1,2,2,2,1,1,2,1,2,1,1,1
2006,2658,GSI005,78,Aprovado,1,1,1,1,1,2,2,1,1,2,2,2,1,1,2,1,2,1,1,1
2007,2622,GSI005,61,Aprovado,1,1,1,1,1,2,2,1,1,2,2,2,1,1,2,1,2,1,1,1
2008,2658,GSI005,70,Aprovado,1,1,1,1,1,2,2,1,1,2,2,2,1,1,2,1,2,1,1,1
2009,2658,GSI005,67,Aprovado,1,1,1,1,1,2,2,1,1,2,2,2,1,1,2,1,2,1,1,1
2010,2375,GSI005,68,Aprovado,1,1,2,1,1,1,2,1,2,2,1,1,2,1,2,1,2,1,1,1
2011,2658,GSI005,69,Aprovado,1,1,1,1,1,2,2,1,1,2,2,2,1,1,2,1,2,1,1,1
2012,2658,GSI005,60,Aprovado,1,1,1,1,1,2,2,1,1,2,2,2,1,1,2,1,2,1,1,1
2013,2658,GSI005,81,Aprovado,1,1,1,1,1,2,2,1,1,2,2,2,1,1,2,1,2,1,1,1
2015,2658,GSI005,25,Reprovado,1,1,1,1,1,2,2,1,1,2,2,2,1,1,2,1,2,1,1,1
2016,2658,GSI005,73,Aprovado,1,1,1,1,1,2,2,1,1,2,2,2,1,1,2,1,2,1,1,1
2017,2658,GSI005,68,Aprovado,1,1,1,1,1,2,2,1,1,2,2,2,1,1,2,1,2,1,1,1
2018,2658,GSI005,92,Aprovado,1,1,1,1,1,2,2,1,1,2,2,2,1,1,2,1,2,1,1,1
2019,2658,GSI005,68,Aprovado,1,1,1,1,1,2,2,1,1,2,2,2,1,1,2,1,2,1,1,1
2020,2658,GSI005,61,Aprovado,1,1,1,1,1,2,2,1,1,2,2,2,1,1,2,1,2,1,1,1
2021,2658,GSI005,69,Aprovado,1,1,1,1,1,2,2,1,1,2,2,2,1,1,2,1,2,1,1,1
2022,2658,GSI005,85,Aprovado,1,1,1,1,1,2,2,1,1,2,2,2,1,1,2,1,2,1,1,1
2023,2622,GSI005,78,Aprovado,1,1,1,1,1,2,2,1,1,2,2,2,1,1,2,1,2,1,1,1
2024,2658,GSI005,35,Reprovado,1,1,1,1,1,2,2,1,1,2,2,2,1,1,2,1,2,1,1,1
2025,2600,GSI005,60,Aprovado,1,1,1,1,1,1,2,1,1,2,2,0,2,1,2,1,2,1,1,1
2026,2622,GSI005,64,Aprovado,1,1,1,1,1,2,2,1,1,2,2,2,1,1,2,1,2,1,1,1
2029,2658,GSI005,74,Aprovado,1,1,1,1,1,2,2,1,1,2,2,2,1,1,2,1,2,1,1,1
2031,2658,GSI005,84,Aprovado,1,1,1,1,1,2,2,1,1,2,2,2,1,1,2,1,2,1,1,1
2032,2658,GSI005,8,Reprovado,1,1,1,1,1,2,2,1,1,2,2,2,1,1,2,1,2,1,1,1
2033,2590,GSI005,37,Reprovado,1,1,1,1,1,2,2,1,1,2,2,2,1,1,2,1,2,1,1,1
2034,2658,GSI005,80,Aprovado,1,1,1,1,1,2,2,1,1,2,2,2,1,1,2,1,2,1,1,1
2042,2600,GSI005,35,Reprovado,1,1,1,1,1,1,2,0,1,2,2,1,2,1,2,1,2,1,0,1
2051,2590,GSI005,26,Reprovado,1,1,1,1,1,2,2,1,1,2,2,2,1,1,2,1,2,1,1,1
2052,2367,GSI005,12,Reprovado,1,0,2,2,1,2,2,1,0,1,2,2,0,0,1,0,2,0,0,0
2059,2622,GSI005,23,Reprovado,1,1,1,1,1,2,2,1,1,2,2,2,1,1,2,1,2,1,1,1
2060,2622,GSI005,73,Aprovado,1,1,1,1,1,2,2,1,1,2,2,2,1,1,2,1,2,1,1,1
2061,2622,GSI005,89,Aprovado,1,1,1,1,1,2,2,1,1,2,2,2,1,1,2,1,2,1,1,1
2062,2622,GSI005,64,Aprovado,1,1,1,1,1,2,2,1,1,2,2,2,1,1,2,1,2,1,1,1
2063,2622,GSI005,6,Reprovado,1,1,1,1,1,2,2,1,1,2,2,2,1,1,2,1,2,1,1,1
2064,2622,GSI005,84,Aprovado,1,1,1,1,1,2,2,1,1,2,2,2,1,1,2,1,2,1,1,1
2065,2622,GSI005,62,Aprovado,1,1,1,1,1,2,2,1,1,2,2,2,1,1,2,1,2,1,1,1
2066,2600,GSI005,73,Aprovado,1,1,1,1,1,1,2,1,1,2,2,0,2,1,2,1,2,1,1,1
2067,2622,GSI005,62,Aprovado,1,1,1,1,1,2,2,1,1,2,2,2,1,1,2,1,2,1,1,1
2068,2600,GSI005,14,Reprovado,1,1,1,1,1,1,2,0,1,2,2,0,2,1,2,1,2,1,0,1
2069,2600,GSI005,60,Aprovado,1,1,1,1,1,1,2,1,1,2,2,1,2,1,2,1,2,1,1,1
2071,2622,GSI005,81,Aprovado,1,1,1,1,1,2,2,1,1,2,2,2,1,1,2,1,2,1,1,1
2072,2622,GSI005,97,Aprovado,1,1,1,1,1,2,2,1,1,2,2,2,1,1,2,1,2,1,1,1
2073,2375,GSI005,0,Reprovado,0,0,2,0,0,0,2,0,2,2,0,0,2,0,2,0,2,0,0,0
2074,2590,GSI005,60,Aprovado,1,1,1,1,1,2,2,1,1,2,2,2,1,1,2,1,2,1,1,1
2075,2622,GSI005,74,Aprovado,1,1,1,1,1,2,2,1,1,2,2,2,1,1,2,1,2,1,1,1
2076,2622,GSI005,84,Aprovado,1,1,1,1,1,2,2,1,1,2,2,2,1,1,2,1,2,1,1,1
2077,2622,GSI005,72,Aprovado,1,1,1,1,1,2,2,1,1,2,2,2,1,1,2,1,2,1,1,1
2078,2622,GSI005,75,Aprovado,1,1,1,1,1,2,2,1,1,2,2,2,1,1,2,1,2,1,1,1
2079,2622,GSI005,66,Aprovado,1,1,1,1,1,2,2,1,1,2,2,2,1,1,2,1,2,1,1,1
2080,2622,GSI005,62,Aprovado,1,1,1,1,1,2,2,1,1,2,2,2,1,1,2,1,2,1,1,1
2081,2622,GSI005,61,Aprovado,1,1,1,1,1,2,2,1,1,2,2,2,1,1,2,1,2,1,1,1
2082,2622,GSI005,60,Aprovado,1,1,1,1,1,2,2,1,1,2,2,2,1,1,2,1,2,1,1,1
2083,2600,GSI005,20,Reprovado,1,1,1,1,1,1,2,0,1,2,2,1,2,1,2,1,2,1,1,1
2084,2622,GSI005,90,Aprovado,1,1,1,1,1,2,2,1,1,2,2,2,1,1,2,1,2,1,1,1
2088,2622,GSI005,52,Reprovado,1,1,1,1,1,2,2,1,1,2,2,2,1,1,2,1,2,1,1,1
2089,2622,GSI005,68,Aprovado,1,1,1,1,1,2,2,1,1,2,2,2,1,1,2,1,2,1,1,1
2090,2622,GSI005,77,Aprovado,1,1,1,1,1,2,2,1,1,2,2,2,1,1,2,1,2,1,1,1
2091,2507,GSI005,13,Reprovado,1,1,1,1,1,2,2,1,1,2,2,2,1,1,2,1,2,1,0,1
2092,2622,GSI005,89,Aprovado,1,1,1,1,1,2,2,1,1,2,2,2,1,1,2,1,2,1,1,1
2093,2590,GSI005,13,Reprovado,1,1,1,1,1,2,2,1,1,2,2,2,1,1,2,1,2,1,1,1
2100,2590,GSI005,37,Reprovado,1,1,1,1,1,2,2,1,1,2,2,2,1,1,2,1,2,1,1,1
2101,2622,GSI005,71,Aprovado,1,1,1,1,1,2,2,1,1,2,2,2,1,1,2,1,2,1,1,1
2102,2622,GSI005,84,Aprovado,1,1,1,1,1,2,2,1,1,2,2,2,1,1,2,1,2,1,1,1
2107,2622,GSI005,60,Aprovado,1,1,1,1,1,2,2,1,1,2,2,2,1,1,2,1,2,1,1,1
2108,2622,GSI005,62,Aprovado,1,1,1,1,1,2,2,1,1,2,2,2,1,1,2,1,2,1,1,1
2109,2622,GSI005,21,Reprovado,1,1,1,1,1,2,2,1,1,2,2,2,1,1,2,1,2,1,1,1
2125,2590,GSI005,60,Aprovado,1,1,1,1,1,2,2,1,1,2,2,2,1,1,2,1,2,1,1,1
2128,2590,GSI005,0,Reprovado,1,1,1,1,1,2,2,1,1,2,2,2,1,1,2,1,2,1,1,1
2129,2590,GSI005,12,Reprovado,1,1,1,1,1,2,2,1,1,2,2,2,1,1,2,1,2,1,1,1
2130,2590,GSI005,71,Aprovado,1,1,1,1,1,2,2,1,1,2,2,2,1,1,2,1,2,1,1,1
2131,2590,GSI005,60,Aprovado,1,1,1,1,1,2,2,1,1,2,2,2,1,1,2,1,2,1,1,1
2132,2590,GSI005,60,Aprovado,1,1,1,1,1,2,2,1,1,2,2,2,1,1,2,1,2,1,1,1
2133,2590,GSI005,60,Aprovado,1,1,1,1,1,2,2,1,1,2,2,2,1,1,2,1,2,1,1,1
2134,2332,GSI005,0,Reprovado,0,0,2,1,1,1,2,1,2,1,2,2,2,1,0,1,1,0,0,1
2135,2590,GSI005,60,Aprovado,1,1,1,1,1,2,2,1,1,2,2,2,1,1,2,1,2,1,1,1
2137,2590,GSI005,49,Reprovado,1,1,1,1,1,2,2,1,1,2,2,2,1,1,2,1,2,1,1,1
2138,2590,GSI005,60,Aprovado,1,1,1,1,1,2,2,1,1,2,2,2,1,1,2,1,2,1,1,1
2139,2590,GSI005,60,Aprovado,1,1,1,1,1,2,2,1,1,2,2,2,1,1,2,1,2,1,1,1
2140,2375,GSI005,0,Reprovado,0,0,2,0,0,0,2,0,2,2,0,0,2,0,2,0,2,0,0,0
2141,2375,GSI005,0,Reprovado,0,0,2,0,0,0,2,0,2,2,0,0,2,0,2,0,2,0,0,0
2142,2590,GSI005,70,Aprovado,1,1,1,1,1,2,2,1,1,2,2,2,1,1,2,1,2,1,1,1
2143,2590,GSI005,75,Aprovado,1,1,1,1,1,2,2,1,1,2,2,2,1,1,2,1,2,1,1,1
2144,2590,GSI005,0,Reprovado,1,1,1,1,1,2,2,1,1,2,2,2,1,1,2,1,2,1,1,1
2145,2590,GSI005,41,Reprovado,1,1,1,1,1,2,2,1,1,2,2,2,1,1,2,1,2,1,1,1
2146,2590,GSI005,66,Aprovado,1,1,1,1,1,2,2,1,1,2,2,2,1,1,2,1,2,1,1,1
2147,2590,GSI005,60,Aprovado,1,1,1,1,1,2,2,1,1,2,2,2,1,1,2,1,2,1,1,1
2148,2590,GSI005,5,Reprovado,1,1,1,1,1,2,2,1,1,2,2,2,1,1,2,1,2,1,1,1
2149,2590,GSI005,60,Aprovado,1,1,1,1,1,2,2,1,1,2,2,2,1,1,2,1,2,1,1,1
2150,2590,GSI005,49,Reprovado,1,1,1,1,1,2,2,1,1,2,2,2,1,1,2,1,2,1,1,1
2151,2590,GSI005,2,Reprovado,1,1,1,1,1,2,2,1,1,2,2,2,1,1,2,1,2,1,1,1
2152,2507,GSI005,0,Reprovado,1,1,1,1,1,2,2,1,1,2,2,2,1,1,2,1,2,1,1,1
2153,2590,GSI005,60,Aprovado,1,1,1,1,1,2,2,1,1,2,2,2,1,1,2,1,2,1,1,1
2157,2557,GSI005,34,Reprovado,1,1,2,2,1,2,1,1,1,1,2,2,1,1,1,0,2,0,1,0
2161,2590,GSI005,60,Aprovado,1,1,1,1,1,2,2,1,1,2,2,2,1,1,2,1,2,1,1,1
2164,2557,GSI005,60,Aprovado,1,1,2,2,1,2,1,1,1,1,2,2,1,0,1,1,2,1,1,1
2165,2557,GSI005,60,Aprovado,1,1,2,2,0,2,1,1,1,0,2,2,1,0,1,1,2,1,1,1
2166,2507,GSI005,13,Reprovado,1,1,1,1,1,2,2,1,1,2,2,2,1,1,2,1,2,1,0,1
2167,2507,GSI005,13,Reprovado,1,1,1,1,1,2,2,1,1,2,2,2,1,1,2,1,2,1,0,1
2178,2418,GSI005,0,Reprovado,1,1,0,0,0,0,2,0,2,2,0,0,2,0,2,0,2,0,0,0
2179,2375,GSI005,32,Reprovado,0,1,2,1,0,1,2,0,2,2,0,0,2,0,2,0,2,0,1,1
2180,2557,GSI005,61,Aprovado,1,1,2,2,1,2,1,1,1,1,2,2,1,1,1,1,2,1,1,1
2181,2375,GSI005,60,Aprovado,1,1,2,0,0,1,2,1,2,2,1,0,2,1,2,0,2,1,1,1
2187,2507,GSI005,38,Reprovado,1,1,1,1,1,2,2,1,1,2,2,2,1,1,2,1,2,1,1,1
2188,2557,GSI005,60,Aprovado,1,1,2,2,1,2,1,1,1,1,2,2,1,1,1,1,2,1,1,1
2189,2507,GSI005,23,Reprovado,1,1,1,1,1,2,2,1,1,2,2,2,1,1,2,1,2,1,1,1
2190,2418,GSI005,72,Aprovado,1,1,1,0,1,1,2,1,2,2,1,1,2,1,2,0,2,1,1,1
2191,2557,GSI005,60,Aprovado,1,1,2,2,1,2,1,1,1,1,2,2,1,0,0,1,2,1,1,0
2192,2507,GSI005,20,Reprovado,1,1,1,1,1,2,2,1,1,2,2,2,1,1,2,1,2,1,1,1
2193,2557,GSI005,60,Aprovado,1,1,2,2,1,2,1,1,1,1,2,2,1,1,1,0,2,1,1,1
2194,2507,GSI005,80,Aprovado,1,1,1,1,1,2,2,1,1,2,2,2,1,1,2,1,2,1,1,1
2195,2557,GSI005,60,Aprovado,1,1,2,2,1,2,1,1,1,1,2,2,1,1,1,1,2,1,1,1
2197,2557,GSI005,60,Aprovado,1,1,2,2,1,2,1,1,1,0,2,2,1,1,1,1,2,1,1,1
2198,2557,GSI005,67,Aprovado,1,1,2,2,0,2,0,0,0,1,2,2,1,0,1,1,2,1,1,1
2199,2557,GSI005,60,Aprovado,1,1,2,2,0,2,0,1,1,1,2,2,1,1,0,1,2,1,1,1
2200,2332,GSI005,0,Reprovado,0,0,2,1,1,1,2,1,2,1,2,2,2,1,0,1,1,0,0,1
2201,2507,GSI005,27,Reprovado,1,1,1,1,1,2,2,1,1,2,2,2,1,1,2,1,2,1,1,1
2202,2557,GSI005,60,Aprovado,1,1,2,2,1,2,1,1,1,1,2,2,1,1,1,1,2,1,1,1
2203,2557,GSI005,60,Aprovado,1,0,2,2,0,2,1,0,1,1,2,2,0,0,1,1,2,1,1,0
2204,2557,GSI005,61,Aprovado,1,1,2,2,0,2,1,0,1,1,2,2,0,0,1,1,2,1,1,0
2209,2557,GSI005,60,Aprovado,1,1,2,2,0,2,0,0,1,1,2,2,1,0,0,1,2,1,1,1
2222,2332,GSI005,0,Reprovado,0,0,2,1,1,1,2,1,2,1,2,2,2,1,0,1,1,0,0,1
2229,2485,GSI005,79,Aprovado,1,1,2,2,1,2,2,0,0,2,2,2,0,1,1,0,2,1,1,1
2230,2485,GSI005,83,Aprovado,1,0,2,2,1,2,2,0,1,2,2,2,1,0,0,1,2,1,1,1
2232,2485,GSI005,60,Aprovado,1,1,2,2,0,2,2,1,1,2,2,2,0,1,0,1,2,1,1,1
2233,2485,GSI005,25,Reprovado,1,0,2,2,1,2,2,0,0,2,2,2,0,0,1,0,2,1,1,1
2235,2485,GSI005,60,Aprovado,1,1,2,2,1,2,2,1,1,2,2,2,1,0,1,1,2,1,1,1
2236,2485,GSI005,60,Aprovado,1,0,2,2,1,2,2,1,1,2,2,2,1,1,1,1,2,1,1,1
2238,2507,GSI005,86,Aprovado,1,1,1,1,1,2,2,1,1,2,2,2,1,1,2,1,2,1,1,1
2239,2375,GSI005,0,Reprovado,0,0,2,0,0,0,2,0,2,2,0,0,2,0,2,0,2,0,0,0
2240,2485,GSI005,70,Aprovado,1,1,2,2,1,2,2,0,1,2,2,2,1,0,1,1,2,1,1,1
2241,2418,GSI005,96,Aprovado,1,1,1,1,1,1,2,1,2,2,1,1,2,1,2,0,2,1,1,1
2243,2485,GSI005,70,Aprovado,1,1,2,2,1,2,2,1,1,2,2,2,1,1,1,1,2,1,1,1
2244,2485,GSI005,60,Aprovado,1,1,2,2,1,2,2,1,0,2,2,2,1,0,0,1,2,1,1,1
2245,2485,GSI005,5,Reprovado,1,0,2,2,0,2,2,0,0,2,2,2,0,0,1,0,2,1,1,1
2246,2485,GSI005,0,Reprovado,1,1,2,2,1,2,2,1,1,2,2,2,1,1,1,1,2,1,1,1
2247,2326,GSI005,0,Reprovado,0,0,2,2,0,2,2,0,0,2,2,2,0,0,0,0,2,0,1,1
2250,2375,GSI005,68,Aprovado,1,0,2,0,0,1,2,1,2,2,1,0,2,1,2,1,2,1,1,1
2251,2368,GSI005,69,Aprovado,1,1,2,2,1,1,2,1,2,2,1,1,2,1,2,1,2,1,1,0
2252,2418,GSI005,92,Aprovado,1,1,1,1,1,1,2,1,2,2,1,1,2,0,2,1,2,1,1,1
2253,2485,GSI005,67,Aprovado,1,0,2,2,1,2,2,0,1,2,2,2,1,0,0,1,2,1,1,1
2259,2410,GSI005,61,Aprovado,1,1,2,2,1,2,2,1,1,2,2,2,1,1,1,1,2,1,1,1
2262,2485,GSI005,60,Aprovado,1,1,2,2,0,2,2,1,1,2,2,2,1,0,1,1,2,1,1,1
2263,2485,GSI005,60,Aprovado,1,1,2,2,1,2,2,0,1,2,2,2,1,1,0,1,2,1,1,1
2264,2375,GSI005,70,Aprovado,0,1,2,0,1,1,2,0,2,2,1,0,2,0,2,0,2,1,1,1
2272,2418,GSI005,5,Reprovado,1,1,0,0,0,1,2,0,2,2,1,1,2,0,2,0,2,0,0,0
2273,2418,GSI005,70,Aprovado,1,1,1,1,1,1,2,1,2,2,1,1,2,0,2,0,2,1,1,1
2274,2375,GSI005,60,Aprovado,1,1,2,1,1,1,2,0,2,2,0,1,2,1,2,1,2,1,1,1
2276,2485,GSI005,71,Aprovado,1,1,2,2,1,2,2,1,1,2,2,2,1,1,1,1,2,1,1,1
2277,2485,GSI005,60,Aprovado,1,1,2,2,1,2,2,1,1,2,2,2,1,1,1,1,2,1,1,1
2278,2375,GSI005,80,Aprovado,1,1,2,1,1,1,2,1,2,2,1,1,2,0,2,1,2,0,1,1
2279,2485,GSI005,60,Aprovado,1,0,2,2,1,2,2,0,0,2,2,2,1,1,0,1,2,1,1,1
2280,2410,GSI005,60,Aprovado,1,1,2,2,1,2,2,1,1,2,2,2,1,1,1,1,2,1,1,1
2281,2410,GSI005,60,Aprovado,1,1,2,2,1,2,2,1,1,2,2,2,1,1,1,1,2,1,1,1
2282,2410,GSI005,66,Aprovado,1,1,2,2,1,2,2,1,1,2,2,2,1,1,1,1,2,1,1,1
2284,2410,GSI005,0,Reprovado,0,0,2,2,0,2,2,0,0,2,2,2,0,0,0,0,2,0,0,0
2287,2418,GSI005,71,Aprovado,1,1,1,1,1,1,2,1,2,2,1,1,2,1,2,1,2,1,1,1
2288,2410,GSI005,80,Aprovado,1,1,2,2,1,2,2,1,1,2,2,2,1,1,1,1,2,1,1,1
2290,2410,GSI005,0,Reprovado,1,1,2,2,1,2,2,1,1,2,2,2,1,1,1,1,2,1,1,1
2293,2410,GSI005,60,Aprovado,1,1,2,2,0,2,2,0,1,2,2,2,1,0,1,0,2,1,1,1
2294,2410,GSI005,76,Aprovado,1,1,2,2,1,2,2,1,1,2,2,2,1,0,1,1,2,1,1,1
2298,2410,GSI005,67,Aprovado,1,1,2,2,1,2,2,1,1,2,2,2,1,1,0,0,2,1,1,1
2303,2410,GSI005,73,Aprovado,1,1,2,2,1,2,2,1,1,2,2,2,1,1,1,1,2,1,1,1
2304,2375,GSI005,89,Aprovado,0,1,2,1,1,1,2,1,2,2,1,0,2,1,2,1,2,1,1,1
2305,2375,GSI005,73,Aprovado,1,1,2,1,1,0,2,1,2,2,1,0,2,1,2,1,2,1,1,1
2312,2410,GSI005,60,Aprovado,1,1,2,2,0,2,2,1,0,2,2,2,1,1,1,1,2,1,1,1
2313,2410,GSI005,63,Aprovado,1,0,2,2,1,2,2,1,1,2,2,2,1,1,1,1,2,1,1,1
2314,2375,GSI005,75,Aprovado,1,0,2,0,1,1,2,1,2,2,1,0,2,1,2,0,2,1,1,1
2315,2332,GSI005,60,Aprovado,0,1,2,1,1,1,2,1,2,1,2,2,2,1,1,1,1,1,1,1
2316,2332,GSI005,77,Aprovado,0,0,2,1,1,1,2,1,2,1,2,2,2,1,1,1,1,1,1,1
2317,2375,GSI005,0,Reprovado,0,0,2,0,0,0,2,0,2,2,0,0,2,0,2,0,2,0,0,0
2318,2410,GSI005,60,Aprovado,1,1,2,2,1,2,2,1,1,2,2,2,1,1,1,1,2,1,1,1
2319,2410,GSI005,60,Aprovado,1,1,2,2,1,2,2,1,1,2,2,2,1,1,1,0,2,1,1,1
2320,2410,GSI005,74,Aprovado,1,1,2,2,1,2,2,1,1,2,2,2,1,1,1,1,2,1,1,1
2321,2410,GSI005,75,Aprovado,1,1,2,2,1,2,2,1,1,2,2,2,1,1,1,1,2,1,1,1
2322,2410,GSI005,67,Aprovado,1,1,2,2,1,2,2,1,1,2,2,2,1,0,1,0,2,1,1,1
2323,2410,GSI005,36,Reprovado,1,1,2,2,1,2,2,1,1,2,2,2,1,1,1,1,2,1,1,1
2324,2410,GSI005,60,Aprovado,1,1,2,2,1,2,2,1,1,2,2,2,1,1,1,1,2,1,1,1
2325,2375,GSI005,84,Aprovado,1,1,2,0,1,1,2,0,2,2,1,0,2,0,2,0,2,1,1,1
2326,2410,GSI005,69,Aprovado,1,1,2,2,1,2,2,1,1,2,2,2,1,0,1,1,2,1,1,1
2327,2375,GSI005,88,Aprovado,1,1,2,0,1,1,2,1,2,2,1,0,2,1,2,1,2,1,1,1
2328,2410,GSI005,60,Aprovado,1,1,2,2,0,2,2,1,1,2,2,2,1,1,1,1,2,1,1,1
2329,2410,GSI005,60,Aprovado,1,1,2,2,1,2,2,1,0,2,2,2,1,1,1,1,2,1,1,1
2330,2410,GSI005,60,Aprovado,1,1,2,2,1,2,2,0,1,2,2,2,1,1,1,1,2,1,1,1
2331,2410,GSI005,60,Aprovado,1,1,2,2,1,2,2,1,1,2,2,2,1,1,1,1,2,1,1,1
2334,2368,GSI005,0,Reprovado,0,0,2,2,0,0,2,0,2,2,0,0,2,0,2,0,2,0,0,0
2335,2332,GSI005,63,Aprovado,1,0,2,1,1,1,2,1,2,1,2,2,2,1,0,1,1,1,0,1
2336,1641,GSI005,0,Reprovado,1,2,1,1,2,2,2,1,1,2,2,2,1,1,1,1,2,1,1,2
2337,2410,GSI005,63,Aprovado,1,1,2,2,1,2,2,1,1,2,2,2,1,1,1,1,2,1,1,1
2338,2410,GSI005,71,Aprovado,1,1,2,2,1,2,2,1,1,2,2,2,1,1,0,1,2,1,1,1
2342,2367,GSI005,17,Reprovado,1,1,2,2,1,2,2,0,1,0,2,2,0,0,1,0,2,1,1,1
2344,2368,GSI005,89,Aprovado,0,0,2,2,1,0,2,1,2,2,1,1,2,0,2,1,2,1,1,1
2345,1671,GSI005,0,Reprovado,1,0,1,2,0,1,2,2,2,0,2,2,0,0,2,0,2,0,1,2
2346,2418,GSI005,79,Aprovado,1,1,0,1,1,1,2,0,2,2,1,1,2,0,2,1,2,1,1,1
2347,2332,GSI005,0,Reprovado,0,0,2,1,1,1,2,1,2,1,2,2,2,1,0,1,1,0,0,1
2357,2367,GSI005,0,Reprovado,1,0,2,2,1,2,2,1,0,1,2,2,0,0,1,0,2,0,0,0
2358,2367,GSI005,0,Reprovado,1,0,2,2,1,2,2,0,1,1,2,2,0,0,1,0,2,1,1,1
2359,2332,GSI005,0,Reprovado,1,0,2,1,1,1,2,1,2,1,2,2,2,1,0,1,1,0,0,1
2360,2367,GSI005,82,Aprovado,1,1,2,2,1,2,2,1,0,1,2,2,1,1,1,1,2,1,1,1
2361,2332,GSI005,0,Reprovado,1,1,2,1,1,1,2,1,2,1,2,2,2,1,0,1,1,0,0,1
2362,2367,GSI005,0,Reprovado,1,1,2,2,1,2,2,0,0,0,2,2,0,0,1,0,2,1,0,0
2367,2367,GSI005,68,Aprovado,1,1,2,2,1,2,2,1,1,1,2,2,1,1,1,1,2,1,1,1
2368,2367,GSI005,28,Reprovado,1,1,2,2,1,2,2,1,1,1,2,2,1,0,1,1,2,1,1,0
2369,2332,GSI005,60,Aprovado,1,0,2,1,1,1,2,1,2,1,2,2,2,1,0,1,1,1,0,1
2370,2367,GSI005,15,Reprovado,1,1,2,2,1,2,2,1,1,1,2,2,1,1,1,1,2,1,1,1
2372,2367,GSI005,36,Reprovado,1,1,2,2,1,2,2,1,1,1,2,2,1,1,1,1,2,1,1,1
2373,2367,GSI005,26,Reprovado,1,1,2,2,1,2,2,1,1,1,2,2,1,1,1,1,2,1,1,1
2375,2332,GSI005,0,Reprovado,0,0,2,1,1,1,2,1,2,1,2,2,2,1,0,1,1,0,0,1
2376,1671,GSI005,21,Reprovado,1,1,1,2,1,1,2,2,2,1,2,2,1,1,2,0,2,1,1,2
2377,2332,GSI005,76,Aprovado,1,1,2,1,1,1,2,1,2,1,2,2,2,1,0,1,1,1,1,1
2378,2367,GSI005,1,Reprovado,1,1,2,2,1,2,2,1,1,1,2,2,0,0,1,0,2,0,1,0
2379,2367,GSI005,60,Aprovado,1,1,2,2,1,2,2,1,1,1,2,2,1,1,1,1,2,1,0,1
2380,2367,GSI005,5,Reprovado,1,1,2,2,1,2,2,1,0,0,2,2,1,0,1,0,2,1,1,0
2382,1582,GSI005,31,Reprovado,0,0,0,1,0,2,1,1,1,2,2,1,0,0,2,2,2,0,1,2
2383,2367,GSI005,0,Reprovado,1,1,2,2,1,2,2,1,0,0,2,2,0,0,0,0,2,0,0,0
2384,2332,GSI005,18,Reprovado,1,1,2,1,1,1,2,1,2,1,2,2,2,1,0,1,1,0,1,1
2385,2367,GSI005,0,Reprovado,1,1,2,2,1,2,2,1,1,1,2,2,1,1,1,1,2,1,1,1
2386,2367,GSI005,60,Aprovado,1,1,2,2,1,2,2,1,1,1,2,2,1,1,0,1,2,1,1,1
2388,2367,GSI005,0,Reprovado,1,0,2,2,1,2,2,0,0,0,2,2,0,0,1,0,2,0,0,0
2389,2367,GSI005,60,Aprovado,1,1,2,2,1,2,2,1,1,1,2,2,1,1,1,1,2,1,1,1
2393,2367,GSI005,41,Reprovado,1,1,2,2,1,2,2,1,1,1,2,2,1,1,1,1,2,1,1,1
2404,2367,GSI005,24,Reprovado,1,1,2,2,1,2,2,0,1,1,2,2,1,1,1,1,2,1,1,1
2406,2332,GSI005,10,Reprovado,1,1,2,1,1,1,2,1,2,1,2,2,2,1,0,1,1,1,0,1
2407,2326,GSI005,61,Aprovado,1,1,2,2,1,2,2,1,0,2,2,2,1,0,1,1,2,1,1,1
2409,2326,GSI005,80,Aprovado,1,0,2,2,1,2,2,1,1,2,2,2,1,1,1,1,2,1,1,1
2410,2326,GSI005,0,Reprovado,1,0,2,2,0,2,2,0,0,2,2,2,1,0,0,0,2,0,1,1
2411,2326,GSI005,60,Aprovado,1,1,2,2,1,2,2,1,1,2,2,2,1,1,1,1,2,1,1,1
2412,2326,GSI005,60,Aprovado,1,1,2,2,1,2,2,1,1,2,2,2,1,1,1,1,2,1,1,1
2423,2326,GSI005,17,Reprovado,1,0,2,2,1,2,2,0,0,2,2,2,0,0,1,1,2,0,1,1
2424,2326,GSI005,0,Reprovado,1,0,2,2,0,2,2,1,0,2,2,2,0,0,0,1,2,1,1,1
2425,2326,GSI005,41,Reprovado,1,1,2,2,1,2,2,1,0,2,2,2,0,1,1,1,2,1,1,1
2426,2260,GSI005,6,Reprovado,0,0,1,1,0,2,1,2,1,2,2,2,1,1,2,2,2,1,1,1
2433,1671,GSI005,0,Reprovado,1,0,1,2,1,1,2,2,2,0,2,2,0,0,2,0,2,0,1,2
2434,2326,GSI005,0,Reprovado,1,0,2,2,1,2,2,0,1,2,2,2,1,0,1,1,2,1,1,1
2435,1671,GSI005,60,Aprovado,1,1,1,2,1,1,2,2,2,1,2,2,1,1,2,1,2,1,1,2
2436,2326,GSI005,20,Reprovado,1,1,2,2,1,2,2,1,1,2,2,2,0,1,1,1,2,1,1,1
2437,2326,GSI005,60,Aprovado,1,1,2,2,1,2,2,1,1,2,2,2,1,1,1,1,2,1,1,1
2438,2326,GSI005,7,Reprovado,1,0,2,2,1,2,2,1,1,2,2,2,1,1,1,1,2,1,1,1
2439,2326,GSI005,9,Reprovado,1,1,2,2,1,2,2,1,1,2,2,2,1,1,1,1,2,1,1,1
2440,2326,GSI005,27,Reprovado,1,1,2,2,1,2,2,1,1,2,2,2,1,1,1,1,2,1,1,1
2441,2326,GSI005,8,Reprovado,1,1,2,2,1,2,2,1,1,2,2,2,1,1,1,1,2,1,1,1
2445,2326,GSI005,13,Reprovado,1,0,2,2,0,2,2,1,0,2,2,2,0,0,1,1,2,1,1,1
2446,2326,GSI005,9,Reprovado,1,0,2,2,1,2,2,1,0,2,2,2,0,0,1,1,2,1,1,1
2447,2326,GSI005,6,Reprovado,1,0,2,2,0,2,2,1,0,2,2,2,0,0,1,0,2,1,1,1
2448,2326,GSI005,33,Reprovado,1,1,2,2,1,2,2,1,1,2,2,2,1,1,1,1,2,1,1,1
2449,2326,GSI005,35,Reprovado,1,1,2,2,1,2,2,1,1,2,2,2,0,1,1,1,2,1,1,1
2450,2260,GSI005,11,Reprovado,0,0,0,1,0,2,1,2,1,2,2,2,1,1,2,2,2,1,1,1
2452,2326,GSI005,0,Reprovado,1,1,2,2,1,2,2,1,1,2,2,2,0,0,1,1,2,1,1,1
2454,2326,GSI005,0,Reprovado,1,1,2,2,1,2,2,0,0,2,2,2,0,0,1,0,2,1,1,1
2456,2326,GSI005,28,Reprovado,1,1,2,2,1,2,2,1,1,2,2,2,0,1,1,1,2,1,1,1
2457,2326,GSI005,47,Reprovado,1,1,2,2,1,2,2,1,1,2,2,2,1,1,1,1,2,1,1,1
2460,2326,GSI005,0,Reprovado,1,0,2,2,0,2,2,0,0,2,2,2,0,0,1,1,2,0,1,1
2464,2326,GSI005,73,Aprovado,1,0,2,2,1,2,2,1,1,2,2,2,1,1,1,1,2,1,1,1
2467,2260,GSI005,40,Reprovado,0,1,1,0,1,2,1,2,1,2,2,2,1,1,2,2,2,1,1,1
2468,2260,GSI005,0,Reprovado,0,0,0,0,0,2,0,2,1,2,2,2,1,1,2,2,2,1,1,1
2469,2260,GSI005,81,Aprovado,1,1,1,1,1,2,1,2,1,2,2,2,1,1,2,2,2,1,1,1
2471,2154,GSI005,63,Aprovado,1,2,1,1,2,2,2,1,1,2,2,2,1,1,1,2,2,1,1,1
2472,2059,GSI005,63,Aprovado,1,2,1,1,2,2,2,1,1,2,2,2,1,1,1,2,2,1,1,1
2482,1582,GSI005,9,Reprovado,0,1,1,0,0,2,0,0,0,2,2,1,0,0,2,2,2,0,0,2
2483,2189,GSI005,68,Aprovado,1,1,1,1,2,2,2,1,1,2,2,2,1,1,1,2,2,1,1,1
2485,2189,GSI005,72,Aprovado,1,1,1,1,2,2,2,1,1,2,2,2,1,1,1,2,2,1,1,1
2486,2154,GSI005,68,Aprovado,1,2,1,1,2,2,2,1,1,2,2,2,1,1,1,2,2,1,1,1
2487,2260,GSI005,61,Aprovado,1,1,1,1,1,2,1,2,1,2,2,2,1,1,2,2,2,1,1,1
2494,2260,GSI005,0,Reprovado,1,1,1,1,1,2,0,2,1,2,2,2,1,1,2,2,2,1,1,1
2495,2260,GSI005,74,Aprovado,1,1,1,1,1,2,1,2,1,2,2,2,1,1,2,2,2,1,1,1
2496,2260,GSI005,87,Aprovado,1,1,1,1,1,2,1,2,1,2,2,2,1,1,2,2,2,1,1,1
2497,2260,GSI005,67,Aprovado,1,1,1,1,1,2,1,2,1,2,2,2,1,1,2,2,2,1,1,1
2498,1671,GSI005,0,Reprovado,1,0,1,2,0,1,2,2,2,0,2,2,0,0,2,0,2,0,1,2
2499,2189,GSI005,67,Aprovado,1,1,1,1,2,2,2,1,1,2,2,2,1,1,1,2,2,1,1,1
2500,2260,GSI005,26,Reprovado,1,0,0,1,1,2,1,2,1,2,2,2,1,1,2,2,2,1,1,1
2501,1911,GSI005,64,Aprovado,0,0,0,1,1,1,2,2,2,1,2,2,0,1,1,1,2,1,1,1
2502,2260,GSI005,13,Reprovado,0,1,1,1,1,2,1,2,1,2,2,2,1,1,2,2,2,1,1,1
2503,1911,GSI005,61,Aprovado,1,1,1,1,1,1,2,2,2,1,2,2,1,1,1,1,2,1,1,1
2506,1582,GSI005,0,Reprovado,0,0,0,0,0,2,0,0,0,2,2,0,0,0,2,2,2,0,0,2
2507,2260,GSI005,20,Reprovado,1,1,1,1,1,2,1,2,1,2,2,2,1,1,2,2,2,1,1,1
2508,2260,GSI005,14,Reprovado,1,0,1,1,1,2,1,2,1,2,2,2,1,1,2,2,2,1,1,1
2509,2260,GSI005,32,Reprovado,0,1,1,1,1,2,1,2,1,2,2,2,1,1,2,2,2,1,1,1
2510,2189,GSI005,63,Aprovado,1,1,1,1,2,2,2,1,1,2,2,2,1,1,1,2,2,1,1,1
2511,2260,GSI005,16,Reprovado,1,1,1,1,1,2,1,2,1,2,2,2,1,1,2,2,2,1,1,1
2512,2260,GSI005,60,Aprovado,1,1,1,1,1,2,1,2,1,2,2,2,1,1,2,2,2,1,1,1
2513,2260,GSI005,11,Reprovado,0,0,0,1,0,2,0,2,1,2,2,2,1,1,2,2,2,1,1,1
2515,2189,GSI005,33,Reprovado,1,1,1,1,2,2,2,1,1,2,2,2,1,1,1,2,2,1,1,1
2516,2189,GSI005,38,Reprovado,1,1,1,1,2,2,2,1,1,2,2,2,1,1,1,2,2,1,1,1
2517,1671,GSI005,64,Aprovado,1,1,1,2,1,1,2,2,2,1,2,2,1,1,2,0,2,1,1,2
2518,2260,GSI005,17,Reprovado,1,1,1,1,1,2,1,2,1,2,2,2,1,1,2,2,2,1,1,1
2519,2260,GSI005,62,Aprovado,1,1,1,1,1,2,1,2,1,2,2,2,1,1,2,2,2,1,1,1
2520,2189,GSI005,8,Reprovado,1,1,1,0,2,2,2,1,0,2,2,2,0,0,0,2,2,0,0,1
2525,2260,GSI005,42,Reprovado,1,0,1,1,0,2,0,2,1,2,2,2,1,1,2,2,2,1,1,1
2526,2260,GSI005,16,Reprovado,1,1,1,1,1,2,1,2,1,2,2,2,1,1,2,2,2,1,1,1
2527,2260,GSI005,66,Aprovado,1,1,1,1,1,2,1,2,1,2,2,2,1,1,2,2,2,1,1,1
2528,2260,GSI005,22,Reprovado,1,1,1,1,1,2,0,2,1,2,2,2,1,1,2,2,2,1,1,1
2530,1671,GSI005,4,Reprovado,1,1,1,2,1,1,2,2,2,1,2,2,1,0,2,0,2,1,1,2
2532,1981,GSI005,15,Reprovado,0,0,0,0,1,2,0,2,0,2,2,2,1,0,0,0,2,1,1,1
2533,1582,GSI005,0,Reprovado,0,0,0,0,0,2,0,0,0,2,2,0,0,0,2,2,2,0,0,2
2534,2189,GSI005,11,Reprovado,1,1,1,0,2,2,2,1,0,2,2,2,0,0,0,2,2,0,0,1
2538,2189,GSI005,73,Aprovado,1,1,1,1,2,2,2,1,1,2,2,2,1,1,1,2,2,1,1,1
2540,2189,GSI005,66,Aprovado,1,1,1,1,2,2,2,1,1,2,2,2,1,1,1,2,2,1,1,1
2541,1671,GSI005,0,Reprovado,1,0,0,2,0,1,2,2,2,0,2,2,0,0,2,0,2,0,1,2
2547,2189,GSI005,69,Aprovado,1,1,1,1,2,2,2,1,1,2,2,2,1,1,1,2,2,1,1,1
2548,2154,GSI005,61,Aprovado,1,2,1,1,2,2,2,1,1,2,2,2,1,1,1,2,2,1,1,1
2549,2189,GSI005,74,Aprovado,1,1,1,1,2,2,2,1,1,2,2,2,1,1,1,2,2,1,1,1
2550,2189,GSI005,82,Aprovado,1,1,1,1,2,2,2,1,1,2,2,2,1,1,1,2,2,1,1,1
2552,2189,GSI005,67,Aprovado,1,1,1,1,2,2,2,1,1,2,2,2,1,1,1,2,2,1,1,1
2553,2189,GSI005,68,Aprovado,1,1,1,1,2,2,2,1,1,2,2,2,1,1,1,2,2,1,1,1
2554,2189,GSI005,71,Aprovado,1,1,1,1,2,2,2,1,1,2,2,2,1,1,1,2,2,1,1,1
2555,1671,GSI005,66,Aprovado,1,0,1,2,1,1,2,2,2,0,2,2,1,1,2,1,2,1,1,2
2572,2189,GSI005,74,Aprovado,1,1,1,1,2,2,2,1,1,2,2,2,1,1,1,2,2,1,1,1
2573,2189,GSI005,22,Reprovado,1,1,1,1,2,2,2,1,0,2,2,2,0,1,0,2,2,0,0,1
2574,1641,GSI005,11,Reprovado,1,2,0,1,2,2,2,1,1,2,2,2,1,1,1,1,2,1,1,2
2575,2189,GSI005,67,Aprovado,1,1,1,1,2,2,2,1,1,2,2,2,1,1,1,2,2,1,1,1
2577,1963,GSI005,0,Reprovado,0,0,0,0,1,2,1,0,2,0,2,2,0,0,2,2,2,0,0,2
2578,2189,GSI005,0,Reprovado,0,0,0,0,2,2,2,0,0,2,2,2,0,0,0,2,2,0,0,1
2579,2189,GSI005,0,Reprovado,0,0,0,0,2,2,2,0,0,2,2,2,0,0,0,2,2,0,0,1
2580,1641,GSI005,7,Reprovado,1,2,0,1,2,2,2,1,1,2,2,2,1,1,1,1,2,1,1,2
2584,1675,GSI005,60,Aprovado,1,1,1,2,0,2,0,0,1,2,2,2,2,1,1,1,2,1,1,2
2585,2189,GSI005,9,Reprovado,1,1,1,0,2,2,2,1,0,2,2,2,0,0,0,2,2,0,0,1
2588,1582,GSI005,70,Aprovado,0,1,1,1,0,2,1,1,1,2,2,0,1,1,2,2,2,1,1,2
2589,2154,GSI005,0,Reprovado,1,2,1,1,2,2,2,1,1,2,2,2,1,1,1,2,2,1,1,1
2608,1675,GSI005,0,Reprovado,1,0,0,2,0,2,0,0,0,2,2,2,2,0,0,0,2,0,0,2
2609,2154,GSI005,0,Reprovado,1,2,1,0,2,2,2,1,0,2,2,2,0,1,0,2,2,0,0,0
2610,1671,GSI005,0,Reprovado,1,0,0,2,0,1,2,2,2,0,2,2,0,0,2,0,2,0,1,2
2611,2154,GSI005,0,Reprovado,1,2,1,0,2,2,2,1,0,2,2,2,0,1,0,2,2,0,0,0
2618,2154,GSI005,60,Aprovado,1,2,1,1,2,2,2,1,1,2,2,2,1,1,1,2,2,1,1,1
2619,2154,GSI005,66,Aprovado,1,2,1,1,2,2,2,1,1,2,2,2,1,1,1,2,2,1,1,1
2620,2154,GSI005,71,Aprovado,1,2,1,1,2,2,2,1,1,2,2,2,1,1,1,2,2,1,1,1
2621,2059,GSI005,0,Reprovado,0,2,0,0,2,2,2,1,1,2,2,2,1,1,1,2,2,1,1,1
2622,2154,GSI005,60,Aprovado,1,2,1,1,2,2,2,1,1,2,2,2,1,1,1,2,2,1,1,1
2623,2093,GSI005,0,Reprovado,1,2,1,0,2,2,2,0,0,2,2,2,0,0,0,2,2,0,0,1
2624,2154,GSI005,72,Aprovado,1,2,1,1,2,2,2,1,1,2,2,2,1,1,1,2,2,1,1,1
2625,2154,GSI005,60,Aprovado,1,2,1,1,2,2,2,1,1,2,2,2,1,1,1,2,2,1,1,1
2626,2154,GSI005,75,Aprovado,1,2,1,1,2,2,2,1,1,2,2,2,1,1,1,2,2,1,1,1
2628,2154,GSI005,60,Aprovado,1,2,1,1,2,2,2,1,1,2,2,2,1,1,1,2,2,1,1,1
2629,2154,GSI005,68,Aprovado,1,2,1,1,2,2,2,1,1,2,2,2,1,1,1,2,2,1,1,1
2630,2154,GSI005,82,Aprovado,1,2,1,1,2,2,2,1,1,2,2,2,1,1,1,2,2,1,1,1
2631,2154,GSI005,60,Aprovado,1,2,1,1,2,2,2,1,1,2,2,2,1,1,1,2,2,1,1,1
2632,2154,GSI005,64,Aprovado,1,2,1,1,2,2,2,1,1,2,2,2,1,1,1,2,2,1,1,1
2633,2154,GSI005,78,Aprovado,1,2,1,1,2,2,2,1,1,2,2,2,1,1,1,2,2,1,1,1
2634,2154,GSI005,60,Aprovado,1,2,1,1,2,2,2,1,1,2,2,2,1,1,1,2,2,1,1,1
2635,2154,GSI005,60,Aprovado,1,2,1,1,2,2,2,1,1,2,2,2,1,1,1,2,2,1,1,1
2636,2154,GSI005,11,Reprovado,1,2,1,1,2,2,2,1,1,2,2,2,1,1,1,2,2,1,1,1
2637,1582,GSI005,0,Reprovado,0,0,0,0,0,2,0,0,0,2,2,0,0,0,2,2,2,0,0,2
2638,2154,GSI005,64,Aprovado,1,2,1,1,2,2,2,1,1,2,2,2,1,1,1,2,2,1,1,1
2639,2154,GSI005,60,Aprovado,1,2,1,1,2,2,2,1,1,2,2,2,1,1,1,2,2,1,1,1
2640,2154,GSI005,52,Reprovado,1,2,1,1,2,2,2,1,1,2,2,2,1,1,1,2,2,1,1,1
2641,2154,GSI005,67,Aprovado,1,2,1,1,2,2,2,1,1,2,2,2,1,1,1,2,2,1,1,1
2643,2154,GSI005,60,Aprovado,1,2,1,1,2,2,2,1,1,2,2,2,1,1,1,2,2,1,1,1
2644,2154,GSI005,15,Reprovado,1,2,1,0,2,2,2,1,0,2,2,2,0,1,0,2,2,0,0,0
2649,2154,GSI005,61,Aprovado,1,2,1,1,2,2,2,1,1,2,2,2,1,1,1,2,2,1,1,1
2654,2154,GSI005,65,Aprovado,1,2,1,1,2,2,2,1,1,2,2,2,1,1,1,2,2,1,1,1
2656,1671,GSI005,60,Aprovado,1,1,1,2,0,1,2,2,2,1,2,2,1,1,2,0,2,1,1,2
2657,1671,GSI005,51,Reprovado,1,1,1,2,1,1,2,2,2,1,2,2,1,1,2,1,2,1,1,2
2658,1671,GSI005,61,Aprovado,1,1,1,2,1,1,2,2,2,1,2,2,1,0,2,1,2,1,1,2
2663,2093,GSI005,7,Reprovado,1,2,1,0,2,2,2,1,1,2,2,2,0,0,0,2,2,1,0,1
2673,2093,GSI005,65,Aprovado,1,2,1,1,2,2,2,1,1,2,2,2,1,1,1,2,2,1,1,1
2674,2093,GSI005,42,Reprovado,1,2,1,1,2,2,2,1,1,2,2,2,0,0,0,2,2,1,0,1
2675,2024,GSI005,0,Reprovado,0,1,0,1,2,2,2,1,1,2,2,2,1,1,1,2,2,1,1,1
2676,2093,GSI005,64,Aprovado,1,2,1,1,2,2,2,1,1,2,2,2,0,1,0,2,2,1,1,1
2677,2093,GSI005,64,Aprovado,1,2,1,1,2,2,2,1,1,2,2,2,1,1,1,2,2,1,1,1
2678,2093,GSI005,83,Aprovado,1,2,1,1,2,2,2,1,1,2,2,2,1,1,1,2,2,1,1,1
2684,2093,GSI005,66,Aprovado,1,2,1,1,2,2,2,1,1,2,2,2,1,1,1,2,2,1,1,1
2685,2093,GSI005,60,Aprovado,1,2,1,1,2,2,2,1,1,2,2,2,1,1,1,2,2,1,1,1
2686,2093,GSI005,73,Aprovado,1,2,1,1,2,2,2,1,1,2,2,2,1,1,1,2,2,1,1,1
2687,2093,GSI005,60,Aprovado,1,2,1,1,2,2,2,1,1,2,2,2,1,1,1,2,2,1,1,1
2688,2093,GSI005,68,Aprovado,1,2,1,1,2,2,2,1,1,2,2,2,1,1,1,2,2,1,1,1
2689,2093,GSI005,65,Aprovado,1,2,1,1,2,2,2,1,1,2,2,2,1,1,1,2,2,1,1,1
2690,1671,GSI005,60,Aprovado,1,0,0,2,1,1,2,2,2,1,2,2,1,1,2,1,2,1,1,2
2698,1671,GSI005,0,Reprovado,1,0,1,2,0,1,2,2,2,0,2,2,0,0,2,0,2,0,1,2
2699,1641,GSI005,18,Reprovado,1,2,0,1,2,2,2,1,1,2,2,2,1,1,1,1,2,1,1,2
2700,2093,GSI005,60,Aprovado,1,2,1,1,2,2,2,1,1,2,2,2,1,1,1,2,2,1,1,1
2701,2093,GSI005,63,Aprovado,1,2,1,1,2,2,2,1,1,2,2,2,1,1,1,2,2,1,1,1
2702,2093,GSI005,63,Aprovado,1,2,1,1,2,2,2,1,1,2,2,2,1,1,1,2,2,1,1,1
2703,1671,GSI005,61,Aprovado,1,1,0,2,1,1,2,2,2,1,2,2,0,1,2,0,2,1,1,2
2704,2093,GSI005,69,Aprovado,1,2,1,1,2,2,2,1,1,2,2,2,1,1,1,2,2,1,1,1
2705,2093,GSI005,0,Reprovado,1,2,1,0,2,2,2,0,0,2,2,2,0,0,0,2,2,0,0,1
2706,1671,GSI005,60,Aprovado,1,1,1,2,1,1,2,2,2,1,2,2,1,1,2,1,2,1,1,2
2707,2093,GSI005,0,Reprovado,1,2,1,1,2,2,2,1,1,2,2,2,1,1,1,2,2,1,1,1
2710,1671,GSI005,30,Reprovado,1,1,0,2,0,1,2,2,2,1,2,2,1,1,2,1,2,0,1,2
2711,1961,GSI005,70,Aprovado,0,1,0,1,2,2,2,1,1,2,2,2,1,2,1,2,2,1,1,1
2725,2093,GSI005,69,Aprovado,1,2,1,1,2,2,2,1,1,2,2,2,1,1,1,2,2,1,1,1
2726,2093,GSI005,65,Aprovado,1,2,1,1,2,2,2,1,1,2,2,2,1,1,1,2,2,1,1,1
2727,1582,GSI005,0,Reprovado,0,0,0,0,0,2,0,0,0,2,2,0,0,0,2,2,2,0,0,2
2734,1996,GSI005,61,Aprovado,1,1,0,1,2,2,2,1,1,2,2,2,1,1,1,2,2,1,1,1
2737,2059,GSI005,60,Aprovado,1,2,1,1,2,2,2,1,1,2,2,2,1,1,1,2,2,1,1,1
2738,2059,GSI005,64,Aprovado,1,2,1,1,2,2,2,1,1,2,2,2,1,1,1,2,2,1,1,1
2740,2059,GSI005,76,Aprovado,1,2,1,1,2,2,2,1,1,2,2,2,1,1,1,2,2,1,1,1
2741,1582,GSI005,12,Reprovado,1,1,1,0,1,2,1,1,1,2,2,1,0,0,2,2,2,0,0,2
2742,2059,GSI005,6,Reprovado,1,2,1,1,2,2,2,1,1,2,2,2,1,1,1,2,2,1,1,1
2745,2059,GSI005,60,Aprovado,1,2,1,1,2,2,2,1,1,2,2,2,1,1,1,2,2,1,1,1
2746,2024,GSI005,70,Aprovado,1,1,1,1,2,2,2,1,1,2,2,2,1,1,1,2,2,1,1,1
2747,2059,GSI005,65,Aprovado,1,2,1,1,2,2,2,1,1,2,2,2,1,1,1,2,2,1,1,1
2748,2059,GSI005,6,Reprovado,1,2,1,1,2,2,2,1,1,2,2,2,1,1,1,2,2,1,1,1
2750,1675,GSI005,4,Reprovado,1,0,0,2,1,2,0,1,0,2,2,2,2,0,0,0,2,0,0,2
2752,2059,GSI005,78,Aprovado,1,2,1,1,2,2,2,1,1,2,2,2,1,1,1,2,2,1,1,1
2754,1981,GSI005,80,Aprovado,1,1,1,0,1,2,1,2,0,2,2,2,1,1,0,0,2,1,1,1
2756,2059,GSI005,62,Aprovado,1,2,1,1,2,2,2,1,1,2,2,2,1,1,1,2,2,1,1,1
2757,2059,GSI005,61,Aprovado,1,2,1,1,2,2,2,1,1,2,2,2,1,1,1,2,2,1,1,1
2758,2059,GSI005,60,Aprovado,1,2,1,1,2,2,2,1,1,2,2,2,1,1,1,2,2,1,1,1
2760,1641,GSI005,65,Aprovado,1,2,1,1,2,2,2,1,1,2,2,2,1,1,1,1,2,1,1,2
2766,2059,GSI005,79,Aprovado,1,2,1,1,2,2,2,1,1,2,2,2,1,1,1,2,2,1,1,1
2767,2059,GSI005,61,Aprovado,1,2,1,1,2,2,2,1,1,2,2,2,1,1,1,2,2,1,1,1
2768,2059,GSI005,0,Reprovado,0,2,0,0,2,2,2,1,1,2,2,2,1,1,1,2,2,1,1,1
2769,2059,GSI005,60,Aprovado,1,2,1,1,2,2,2,1,1,2,2,2,1,1,1,2,2,1,1,1
2770,1981,GSI005,38,Reprovado,1,1,0,1,1,2,0,2,1,2,2,2,1,0,0,0,2,1,1,1
2773,2059,GSI005,69,Aprovado,1,2,1,0,2,2,2,1,1,2,2,2,1,1,1,2,2,1,1,1
2776,1582,GSI005,0,Reprovado,0,0,1,0,0,2,1,0,0,2,2,0,0,0,2,2,2,0,0,2
2777,1996,GSI005,54,Reprovado,1,1,1,1,2,2,2,1,1,2,2,2,1,1,1,2,2,1,1,1
2786,2059,GSI005,71,Aprovado,1,2,1,1,2,2,2,1,1,2,2,2,1,1,1,2,2,1,1,1
2788,2059,GSI005,62,Aprovado,1,2,1,1,2,2,2,1,1,2,2,2,1,1,1,2,2,1,1,1
2789,2024,GSI005,61,Aprovado,1,1,1,1,2,2,2,1,1,2,2,2,1,1,1,2,2,1,1,1
2790,2024,GSI005,63,Aprovado,1,1,1,1,2,2,2,1,1,2,2,2,1,1,1,2,2,1,1,1
2791,2024,GSI005,76,Aprovado,0,1,0,1,2,2,2,1,1,2,2,2,1,1,1,2,2,1,1,1
2792,2024,GSI005,66,Aprovado,0,1,1,1,2,2,2,1,1,2,2,2,1,1,1,2,2,1,1,1
2799,2024,GSI005,4,Reprovado,1,1,1,1,2,2,2,1,1,2,2,2,1,1,1,2,2,1,1,1
2800,2024,GSI005,71,Aprovado,1,1,1,1,2,2,2,1,1,2,2,2,1,1,1,2,2,1,1,1
2801,2024,GSI005,60,Aprovado,1,1,1,1,2,2,2,1,1,2,2,2,1,1,1,2,2,1,1,1
2802,2024,GSI005,23,Reprovado,0,1,1,1,2,2,2,0,1,2,2,2,1,1,1,2,2,1,1,1
2803,1961,GSI005,60,Aprovado,0,1,0,1,2,2,2,1,1,2,2,2,1,2,1,2,2,1,1,1
2805,2024,GSI005,70,Aprovado,1,1,1,1,2,2,2,1,1,2,2,2,1,1,1,2,2,1,1,1
2806,2024,GSI005,77,Aprovado,1,1,1,1,2,2,2,1,1,2,2,2,1,1,1,2,2,1,1,1
2810,1996,GSI005,0,Reprovado,0,1,0,1,2,2,2,1,1,2,2,2,1,1,1,2,2,1,1,1
2811,1675,GSI005,81,Aprovado,1,1,1,2,1,2,1,1,1,2,2,2,2,1,0,1,2,1,1,2
2812,2024,GSI005,9,Reprovado,1,1,1,1,2,2,2,0,1,2,2,2,1,1,1,2,2,1,1,1
2813,2024,GSI005,65,Aprovado,1,1,1,1,2,2,2,1,1,2,2,2,1,1,1,2,2,1,1,1
2814,2024,GSI005,0,Reprovado,1,1,0,1,2,2,2,1,1,2,2,2,1,1,1,2,2,1,1,1
2815,2024,GSI005,71,Aprovado,1,1,1,1,2,2,2,0,1,2,2,2,1,1,1,2,2,1,1,1
2816,1641,GSI005,0,Reprovado,1,2,1,1,2,2,2,1,1,2,2,2,1,1,1,1,2,1,1,2
2817,2024,GSI005,76,Aprovado,1,1,1,1,2,2,2,1,1,2,2,2,1,1,1,2,2,1,1,1
2818,2024,GSI005,60,Aprovado,1,1,1,1,2,2,2,1,1,2,2,2,1,1,1,2,2,1,1,1
2819,2024,GSI005,64,Aprovado,1,1,1,1,2,2,2,0,1,2,2,2,1,1,1,2,2,1,1,1
2826,2024,GSI005,64,Aprovado,1,1,1,1,2,2,2,1,1,2,2,2,1,1,1,2,2,1,1,1
2830,1582,GSI005,23,Reprovado,0,1,0,0,0,2,0,0,0,2,2,0,0,1,2,2,2,0,1,2
2831,2024,GSI005,75,Aprovado,1,1,1,1,2,2,2,1,1,2,2,2,1,1,1,2,2,1,1,1
2832,1981,GSI005,0,Reprovado,0,0,0,0,0,2,0,2,0,2,2,2,1,0,0,0,2,1,0,1
2833,2024,GSI005,79,Aprovado,1,1,1,1,2,2,2,0,1,2,2,2,1,1,1,2,2,1,1,1
2834,2024,GSI005,69,Aprovado,1,1,0,1,2,2,2,1,1,2,2,2,1,1,1,2,2,1,1,1
2836,2024,GSI005,60,Aprovado,1,1,1,1,2,2,2,0,1,2,2,2,1,1,1,2,2,1,1,1
2838,1582,GSI005,27,Reprovado,0,1,0,0,0,2,1,1,1,2,2,0,0,0,2,2,2,0,0,2
2839,2024,GSI005,65,Aprovado,1,1,1,1,2,2,2,1,1,2,2,2,1,1,1,2,2,1,1,1
2842,1996,GSI005,12,Reprovado,0,1,0,1,2,2,2,1,1,2,2,2,1,1,1,2,2,1,1,1
2848,2024,GSI005,60,Aprovado,1,1,1,1,2,2,2,1,1,2,2,2,1,1,1,2,2,1,1,1
2854,1582,GSI005,18,Reprovado,1,0,0,0,0,2,1,0,0,2,2,1,0,0,2,2,2,0,0,2
2855,1963,GSI005,4,Reprovado,1,1,1,0,0,2,1,0,2,0,2,2,0,0,2,2,2,0,0,2
2858,1961,GSI005,16,Reprovado,1,0,1,1,2,2,2,1,1,2,2,2,1,2,1,2,2,1,1,1
2859,1981,GSI005,38,Reprovado,1,1,1,1,1,2,1,2,1,2,2,2,1,1,1,1,2,1,1,1
2868,1996,GSI005,77,Aprovado,1,1,1,1,2,2,2,1,1,2,2,2,1,1,1,2,2,1,1,1
2869,1996,GSI005,0,Reprovado,1,1,1,1,2,2,2,1,1,2,2,2,1,1,1,2,2,1,1,1
2870,1675,GSI005,60,Aprovado,0,1,1,2,0,2,1,1,1,2,2,2,2,0,1,0,2,1,1,2
2871,1996,GSI005,3,Reprovado,1,1,1,1,2,2,2,1,1,2,2,2,1,1,1,2,2,1,1,1
2872,1996,GSI005,60,Aprovado,1,1,1,1,2,2,2,1,1,2,2,2,1,1,1,2,2,1,1,1
2873,1996,GSI005,87,Aprovado,1,1,1,1,2,2,2,1,1,2,2,2,1,1,1,2,2,1,1,1
2874,1996,GSI005,64,Aprovado,1,1,1,1,2,2,2,1,1,2,2,2,1,1,1,2,2,1,1,1
2875,1675,GSI005,68,Aprovado,1,1,1,2,1,2,1,1,1,2,2,2,2,1,0,0,2,0,1,2
2876,1963,GSI005,2,Reprovado,0,1,1,0,0,2,0,0,2,0,2,2,0,0,2,2,2,0,0,2
2877,1961,GSI005,44,Reprovado,1,1,1,1,2,2,2,1,1,2,2,2,1,2,1,2,2,1,1,1
2879,1996,GSI005,0,Reprovado,0,1,1,1,2,2,2,1,1,2,2,2,1,1,1,2,2,1,1,1
2880,1996,GSI005,66,Aprovado,1,1,1,1,2,2,2,1,1,2,2,2,1,1,1,2,2,1,1,1
2881,1963,GSI005,60,Aprovado,1,1,1,1,1,2,0,1,2,1,2,2,1,1,2,2,2,1,1,2
2882,1996,GSI005,60,Aprovado,1,1,1,1,2,2,2,1,1,2,2,2,1,1,1,2,2,1,1,1
2883,1996,GSI005,0,Reprovado,1,1,1,1,2,2,2,1,1,2,2,2,1,1,1,2,2,1,1,1
2884,1582,GSI005,15,Reprovado,1,0,1,0,0,2,0,1,1,2,2,1,0,0,2,2,2,0,0,2
2885,1996,GSI005,67,Aprovado,1,1,1,1,2,2,2,1,1,2,2,2,1,1,1,2,2,1,1,1
2886,1996,GSI005,87,Aprovado,1,1,1,1,2,2,2,1,1,2,2,2,1,1,1,2,2,1,1,1
2888,1582,GSI005,26,Reprovado,0,1,1,0,0,2,1,1,1,2,2,0,0,0,2,2,2,0,0,2
2889,1996,GSI005,60,Aprovado,1,1,1,1,2,2,2,1,1,2,2,2,1,1,1,2,2,1,1,1
2890,1582,GSI005,19,Reprovado,1,0,0,0,0,2,0,1,1,2,2,0,0,1,2,2,2,0,1,2
2891,1675,GSI005,60,Aprovado,1,1,1,2,0,2,0,1,1,2,2,2,2,0,1,1,2,1,1,2
2893,1996,GSI005,9,Reprovado,1,1,1,1,2,2,2,1,1,2,2,2,1,1,1,2,2,1,1,1
2894,1961,GSI005,0,Reprovado,0,1,0,1,2,2,2,1,1,2,2,2,1,2,1,2,2,1,1,1
2895,1996,GSI005,62,Aprovado,1,1,0,1,2,2,2,1,1,2,2,2,1,1,1,2,2,1,1,1
2896,1996,GSI005,66,Aprovado,1,1,1,1,2,2,2,1,1,2,2,2,1,1,1,2,2,1,1,1
2897,1961,GSI005,90,Aprovado,1,0,1,1,2,2,2,1,1,2,2,2,1,2,1,2,2,1,1,1
2898,1949,GSI005,60,Aprovado,1,1,0,1,2,2,2,0,1,1,2,0,1,1,1,1,2,1,1,1
2900,1675,GSI005,76,Aprovado,1,1,1,2,1,2,1,1,1,2,2,2,2,1,0,0,2,1,1,2
2901,1949,GSI005,60,Aprovado,0,1,1,1,2,2,2,1,1,1,2,0,0,1,1,1,2,1,0,1
2903,1675,GSI005,63,Aprovado,1,1,1,2,1,2,1,1,1,2,2,2,2,1,0,1,2,1,1,2
2913,1981,GSI005,60,Aprovado,1,1,1,1,1,2,1,2,1,2,2,2,1,1,1,1,2,1,1,1
2914,1961,GSI005,70,Aprovado,1,1,1,1,2,2,2,1,1,2,2,2,1,2,1,2,2,1,1,1
2915,1961,GSI005,68,Aprovado,1,1,1,1,2,2,2,1,1,2,2,2,1,2,1,2,2,1,1,1
2916,1961,GSI005,84,Aprovado,0,1,0,1,2,2,2,1,1,2,2,2,1,2,1,2,2,1,1,1
2917,1961,GSI005,67,Aprovado,0,1,0,1,2,2,2,1,1,2,2,2,1,2,1,2,2,1,1,1
2918,1961,GSI005,48,Reprovado,0,1,0,1,2,2,2,1,1,2,2,2,1,2,1,2,2,1,1,1
2919,1961,GSI005,65,Aprovado,0,1,0,1,2,2,2,1,1,2,2,2,1,2,1,2,2,1,1,1
2920,1961,GSI005,64,Aprovado,1,1,1,1,2,2,2,1,1,2,2,2,1,2,1,2,2,1,1,1
2921,1961,GSI005,16,Reprovado,0,0,0,1,2,2,2,1,1,2,2,2,1,2,1,2,2,1,1,1
2926,1961,GSI005,79,Aprovado,1,1,1,1,2,2,2,1,1,2,2,2,1,2,1,2,2,1,1,1
2927,1675,GSI005,60,Aprovado,1,1,0,2,1,2,1,1,1,2,2,2,2,1,1,0,2,1,1,2
2928,1961,GSI005,64,Aprovado,0,1,0,1,2,2,2,1,1,2,2,2,1,2,1,2,2,1,1,1
2929,1961,GSI005,74,Aprovado,1,1,1,1,2,2,2,1,1,2,2,2,1,2,1,2,2,1,1,1
2930,1961,GSI005,64,Aprovado,1,1,0,1,2,2,2,1,1,2,2,2,1,2,1,2,2,1,1,1
2931,1961,GSI005,63,Aprovado,1,1,1,1,2,2,2,1,1,2,2,2,1,2,1,2,2,1,1,1
2932,1961,GSI005,83,Aprovado,0,1,0,1,2,2,2,1,1,2,2,2,1,2,1,2,2,1,1,1
2934,1961,GSI005,67,Aprovado,1,1,1,1,2,2,2,1,1,2,2,2,1,2,1,2,2,1,1,1
2935,1961,GSI005,60,Aprovado,1,1,0,1,2,2,2,1,1,2,2,2,1,2,1,2,2,1,1,1
2936,1582,GSI005,62,Aprovado,1,1,1,1,1,2,1,1,1,2,2,1,1,1,2,2,2,1,1,2
2944,1961,GSI005,60,Aprovado,1,0,1,1,2,2,2,1,1,2,2,2,1,2,1,2,2,1,1,1
2948,1961,GSI005,90,Aprovado,1,1,1,1,2,2,2,1,1,2,2,2,1,2,1,2,2,1,1,1
2949,1961,GSI005,61,Aprovado,1,1,1,1,2,2,2,1,1,2,2,2,1,2,1,2,2,1,1,1
2951,1961,GSI005,66,Aprovado,0,1,1,1,2,2,2,1,1,2,2,2,1,2,1,2,2,1,1,1
2952,1961,GSI005,71,Aprovado,0,1,0,1,2,2,2,1,1,2,2,2,1,2,1,2,2,1,1,1
2954,1911,GSI005,67,Aprovado,1,1,1,1,1,1,2,2,2,1,2,2,1,1,1,0,2,1,1,1
2957,1675,GSI005,78,Aprovado,1,1,1,2,1,2,1,0,1,2,2,2,2,1,1,1,2,1,1,2
2959,1675,GSI005,60,Aprovado,1,1,1,2,1,2,0,1,1,2,2,2,2,1,1,1,2,1,1,2
2964,1911,GSI005,78,Aprovado,0,0,0,1,1,1,2,2,2,1,2,2,0,1,0,1,2,1,1,1
2965,1949,GSI005,61,Aprovado,1,1,1,0,2,2,2,0,1,1,2,0,0,1,1,1,2,1,1,1
2966,1963,GSI005,0,Reprovado,1,0,0,0,0,2,0,0,2,0,2,2,0,0,2,2,2,0,0,2
2967,1899,GSI005,0,Reprovado,1,1,0,2,0,1,2,1,1,2,2,2,2,1,2,0,2,1,1,1
2970,1582,GSI005,11,Reprovado,0,1,1,0,1,2,1,0,1,2,2,0,1,1,2,2,2,0,1,2
2972,1675,GSI005,61,Aprovado,1,1,0,2,0,2,0,1,1,2,2,2,2,0,1,1,2,1,1,2
2973,1961,GSI005,0,Reprovado,1,1,1,1,2,2,2,1,1,2,2,2,1,2,1,2,2,1,1,1
2974,1961,GSI005,0,Reprovado,1,1,1,1,2,2,2,1,1,2,2,2,1,2,1,2,2,1,1,1
2975,1961,GSI005,73,Aprovado,1,1,1,1,2,2,2,1,1,2,2,2,1,2,1,2,2,1,1,1
2976,1949,GSI005,43,Reprovado,0,1,0,1,2,2,2,1,1,1,2,1,1,1,1,0,2,1,1,1
2977,1582,GSI005,3,Reprovado,0,0,0,0,0,2,0,0,0,2,2,0,0,0,2,2,2,0,0,2
2978,1961,GSI005,44,Reprovado,1,1,1,1,2,2,2,1,1,2,2,2,1,2,1,2,2,1,1,1
2980,1961,GSI005,82,Aprovado,1,1,1,1,2,2,2,1,1,2,2,2,1,2,1,2,2,1,1,1
2987,1961,GSI005,7,Reprovado,1,1,1,1,2,2,2,1,1,2,2,2,1,2,1,2,2,1,1,1
2990,1675,GSI005,29,Reprovado,1,1,1,2,1,2,1,0,1,2,2,2,2,1,0,0,2,1,1,2
2991,1949,GSI005,64,Aprovado,1,0,1,1,2,2,2,1,1,1,2,0,0,1,1,0,2,1,1,1
2992,1949,GSI005,82,Aprovado,1,1,1,1,2,2,2,1,1,1,2,1,1,1,1,1,2,1,1,1
2993,1675,GSI005,30,Reprovado,1,1,1,2,0,2,0,0,0,2,2,2,2,1,0,1,2,0,1,2
2994,1949,GSI005,72,Aprovado,1,1,1,1,2,2,2,1,1,1,2,1,1,1,1,1,2,1,1,1
2995,1675,GSI005,6,Reprovado,1,1,1,2,0,2,0,0,1,2,2,2,2,0,0,1,2,0,0,2
2996,1911,GSI005,76,Aprovado,1,1,1,1,1,1,2,2,2,1,2,2,0,1,1,1,2,1,1,1
2997,1911,GSI005,84,Aprovado,1,1,1,1,0,1,2,2,2,1,2,2,1,1,1,1,2,1,1,1
3001,1675,GSI005,0,Reprovado,0,0,0,2,0,2,0,0,0,2,2,2,2,0,0,0,2,0,0,2
3002,1675,GSI005,3,Reprovado,1,1,1,2,0,2,0,0,0,2,2,2,2,0,0,0,2,0,0,2
3003,1582,GSI005,37,Reprovado,1,0,1,0,1,2,1,1,1,2,2,1,1,1,2,2,2,0,1,2
3004,1949,GSI005,51,Reprovado,1,1,1,1,2,2,2,1,1,1,2,1,1,1,1,1,2,1,1,1
3005,1949,GSI005,17,Reprovado,1,1,1,1,2,2,2,1,0,1,2,1,1,0,1,1,2,1,1,1
3006,1582,GSI005,26,Reprovado,0,1,1,0,0,2,1,1,0,2,2,1,0,1,2,2,2,0,1,2
3007,1949,GSI005,76,Aprovado,1,1,1,1,2,2,2,1,1,1,2,1,0,1,1,1,2,1,1,1
3009,1911,GSI005,71,Aprovado,0,1,1,1,1,1,2,2,2,1,2,2,0,1,1,1,2,1,1,1
3010,1949,GSI005,15,Reprovado,1,1,1,0,2,2,2,1,1,0,2,0,0,0,0,1,2,1,0,1
3011,1949,GSI005,0,Reprovado,0,1,0,0,2,2,2,1,0,0,2,0,0,0,0,1,2,1,0,1
3012,1582,GSI005,47,Reprovado,0,1,1,1,1,2,1,1,0,2,2,1,1,0,2,2,2,1,1,2
3013,1899,GSI005,0,Reprovado,1,0,1,2,1,0,2,1,0,2,2,2,2,0,2,0,2,1,0,1
3014,1949,GSI005,62,Aprovado,1,1,1,1,2,2,2,1,1,1,2,1,0,1,1,1,2,1,1,1
3015,1675,GSI005,8,Reprovado,1,1,1,2,0,2,0,0,1,2,2,2,2,0,0,1,2,1,0,2
3016,1582,GSI005,70,Aprovado,1,1,1,1,1,2,1,1,1,2,2,1,1,1,2,2,2,1,1,2
3017,1675,GSI005,70,Aprovado,0,1,1,2,1,2,1,1,1,2,2,2,2,1,1,1,2,1,1,2
3018,1899,GSI005,20,Reprovado,1,0,0,2,1,1,2,0,1,2,2,2,2,1,2,0,2,1,1,1
3019,1675,GSI005,39,Reprovado,1,1,1,2,1,2,0,0,0,2,2,2,2,1,0,0,2,1,1,2
3022,1949,GSI005,68,Aprovado,0,1,0,1,2,2,2,1,1,1,2,1,0,1,1,1,2,1,0,1
3023,1911,GSI005,74,Aprovado,1,0,1,1,1,1,2,2,2,1,2,2,1,1,1,1,2,1,1,1
3024,1911,GSI005,74,Aprovado,1,1,1,1,1,1,2,2,2,1,2,2,1,1,1,1,2,1,1,1
3025,1949,GSI005,74,Aprovado,1,1,1,1,2,2,2,1,1,1,2,1,1,1,0,1,2,1,1,1
3026,1582,GSI005,2,Reprovado,1,1,1,0,0,2,0,0,0,2,2,0,0,0,2,2,2,0,0,2
3027,1949,GSI005,22,Reprovado,1,0,0,1,2,2,2,1,0,0,2,1,1,1,0,1,2,1,1,1
3028,1675,GSI005,3,Reprovado,1,1,0,2,1,2,1,1,1,2,2,2,2,0,0,0,2,0,0,2
3030,1582,GSI005,31,Reprovado,1,1,0,0,0,2,0,1,1,2,2,0,0,0,2,2,2,0,0,2
3032,1675,GSI005,0,Reprovado,1,1,0,2,0,2,0,0,0,2,2,2,2,0,0,0,2,0,0,2
3033,1911,GSI005,61,Aprovado,0,1,1,1,1,1,2,2,2,1,2,2,1,0,1,1,2,1,1,1
3036,1582,GSI005,16,Reprovado,0,0,1,0,0,2,1,0,1,2,2,0,0,0,2,2,2,0,1,2
3037,1949,GSI005,82,Aprovado,1,1,1,1,2,2,2,1,1,1,2,1,0,1,1,1,2,1,1,1
3038,1911,GSI005,60,Aprovado,1,1,1,1,1,1,2,2,2,1,2,2,1,1,1,1,2,1,1,1
3039,1911,GSI005,61,Aprovado,1,1,1,0,0,0,2,2,2,0,2,2,1,1,1,1,2,1,1,1
3046,1899,GSI005,19,Reprovado,1,0,0,2,1,1,2,1,1,2,2,2,2,0,2,0,2,1,1,1
3047,1911,GSI005,61,Aprovado,0,1,1,1,1,1,2,2,2,0,2,2,1,1,1,1,2,1,1,1
3048,1582,GSI005,0,Reprovado,1,1,0,0,0,2,1,0,0,2,2,0,0,0,2,2,2,0,0,2
3049,1911,GSI005,61,Aprovado,1,1,1,1,1,1,2,2,2,0,2,2,1,1,1,1,2,1,1,1
3050,1911,GSI005,11,Reprovado,1,1,0,1,0,0,2,2,2,0,2,2,0,0,1,1,2,1,0,1
3051,1911,GSI005,60,Aprovado,1,1,1,1,1,1,2,2,2,1,2,2,1,1,1,1,2,1,1,1
3052,1582,GSI005,32,Reprovado,1,0,0,0,0,2,0,1,1,2,2,0,1,1,2,2,2,0,1,2
3053,1911,GSI005,79,Aprovado,1,1,1,1,1,1,2,2,2,1,2,2,1,0,1,1,2,1,1,1
3054,1911,GSI005,64,Aprovado,1,1,1,1,1,1,2,2,2,1,2,2,1,1,1,1,2,1,1,1
3055,1582,GSI005,38,Reprovado,1,0,1,0,0,2,1,0,1,2,2,0,0,0,2,2,2,0,1,2
3066,1899,GSI005,68,Aprovado,0,1,1,2,1,1,2,1,0,2,2,2,2,0,2,1,2,1,1,1
3070,1582,GSI005,56,Reprovado,0,1,1,0,0,2,1,1,1,2,2,0,0,0,2,2,2,1,1,2
3071,1911,GSI005,57,Reprovado,1,1,1,1,1,1,2,2,2,1,2,2,1,1,1,1,2,1,0,1
3072,1911,GSI005,64,Aprovado,1,1,1,0,1,0,2,2,2,0,2,2,1,1,0,1,2,1,1,1
3073,1911,GSI005,36,Reprovado,1,1,1,1,0,1,2,2,2,0,2,2,1,1,0,1,2,1,1,1
3074,1899,GSI005,18,Reprovado,1,0,1,2,0,0,2,0,0,2,2,2,2,1,2,0,2,1,1,1
3075,1899,GSI005,0,Reprovado,1,0,0,2,0,1,2,1,0,2,2,2,2,0,2,0,2,1,0,1
3076,1911,GSI005,70,Aprovado,1,1,1,1,0,1,2,2,2,0,2,2,0,1,1,0,2,1,1,1
3077,1911,GSI005,76,Aprovado,1,1,1,0,1,1,2,2,2,1,2,2,1,1,1,1,2,1,0,1
3078,1911,GSI005,9,Reprovado,1,0,1,1,1,1,2,2,2,0,2,2,0,0,0,0,2,1,1,1
3081,1911,GSI005,68,Aprovado,1,1,1,1,1,0,2,2,2,1,2,2,1,1,1,1,2,1,1,1
3082,1899,GSI005,0,Reprovado,1,0,0,2,0,0,2,0,0,2,2,2,2,0,2,0,2,1,0,1
3084,1911,GSI005,0,Reprovado,1,0,0,0,0,0,2,2,2,0,2,2,0,0,0,0,2,1,0,1
3086,1899,GSI005,61,Aprovado,1,1,0,2,1,0,2,0,1,2,2,2,2,0,2,0,2,1,1,1
3099,1899,GSI005,60,Aprovado,1,1,1,2,1,1,2,1,1,2,2,2,2,1,2,1,2,1,1,1
3101,1899,GSI005,26,Reprovado,1,1,1,2,1,1,2,1,1,2,2,2,2,1,2,1,2,1,1,1
3102,1899,GSI005,7,Reprovado,1,1,1,2,1,1,2,1,1,2,2,2,2,0,2,0,2,1,0,1
3103,1899,GSI005,77,Aprovado,1,1,0,2,1,1,2,1,1,2,2,2,2,0,2,1,2,1,1,1
3104,1899,GSI005,10,Reprovado,1,0,1,2,0,0,2,1,0,2,2,2,2,0,2,0,2,1,0,1
3105,1899,GSI005,7,Reprovado,1,1,1,2,0,0,2,1,1,2,2,2,2,0,2,0,2,1,0,1
3106,1899,GSI005,66,Aprovado,0,1,0,2,0,0,2,1,1,2,2,2,2,1,2,0,2,1,1,1
3108,1899,GSI005,69,Aprovado,1,1,1,2,1,1,2,1,0,2,2,2,2,1,2,1,2,1,1,1
3109,1899,GSI005,12,Reprovado,1,1,1,2,1,1,2,0,1,2,2,2,2,0,2,1,2,1,1,1
3110,1899,GSI005,92,Aprovado,1,1,1,2,1,1,2,1,1,2,2,2,2,1,2,1,2,1,1,1
3111,1899,GSI005,18,Reprovado,1,1,1,2,1,1,2,0,1,2,2,2,2,0,2,0,2,1,1,1
3112,1899,GSI005,66,Aprovado,1,0,1,2,1,1,2,0,1,2,2,2,2,1,2,0,2,1,1,1
3115,1899,GSI005,29,Reprovado,1,1,1,2,1,1,2,1,0,2,2,2,2,0,2,1,2,1,1,1
3116,1899,GSI005,0,Reprovado,0,0,1,2,0,0,2,0,0,2,2,2,2,0,2,0,2,1,0,1
3118,1899,GSI005,41,Reprovado,1,1,1,2,1,1,2,1,1,2,2,2,2,1,2,1,2,1,1,1
3119,1899,GSI005,76,Aprovado,0,1,0,2,1,1,2,1,1,2,2,2,2,1,2,1,2,1,1,1
3120,1899,GSI005,0,Reprovado,0,0,0,2,0,0,2,0,0,2,2,2,2,0,2,0,2,1,0,1
3121,1899,GSI005,24,Reprovado,1,1,1,2,1,0,2,0,1,2,2,2,2,1,2,0,2,1,1,1
3122,1899,GSI005,73,Aprovado,1,1,1,2,1,1,2,1,0,2,2,2,2,1,2,1,2,1,1,1
3123,1899,GSI005,20,Reprovado,1,1,1,2,1,1,2,1,1,2,2,2,2,1,2,1,2,1,1,1
3127,2189,GSI005,70,Aprovado,1,1,1,1,2,2,2,1,1,2,2,2,1,1,1,2,2,1,1,1
3130,1961,GSI005,2,Reprovado,1,1,1,1,2,2,2,1,1,2,2,2,1,2,1,2,2,1,1,1
3136,2507,GSI005,70,Aprovado,1,1,1,1,1,2,2,1,1,2,2,2,1,1,2,1,2,1,1,1
3137,2367,GSI005,6,Reprovado,1,1,2,2,1,2,2,1,1,1,2,2,0,0,1,0,2,1,1,1
3140,1641,GSI005,49,Reprovado,1,2,1,1,2,2,2,1,1,2,2,2,1,1,1,1,2,1,1,2
3147,2367,GSI005,1,Reprovado,1,1,2,2,1,2,2,1,0,0,2,2,1,1,1,1,2,1,1,0
3149,1892,GSI005,81,Aprovado,1,1,1,1,1,2,2,1,1,2,2,2,1,1,2,1,2,1,1,1
3150,2724,GSI005,68,Aprovado,1,1,1,1,1,2,2,1,1,2,2,2,1,1,2,1,2,1,1,1
3154,1641,GSI005,4,Reprovado,1,2,1,1,2,2,2,1,1,2,2,2,1,1,1,1,2,1,1,2
3156,2658,GSI005,70,Aprovado,1,1,1,1,1,2,2,1,1,2,2,2,1,1,2,1,2,1,1,1
3158,1675,GSI005,10,Reprovado,1,0,0,2,1,2,1,1,0,2,2,2,2,0,0,1,2,0,0,2
3160,2724,GSI005,65,Aprovado,1,1,1,1,1,2,2,1,1,2,2,2,1,1,2,1,2,1,1,1
3162,2024,GSI005,11,Reprovado,1,1,1,0,2,2,2,1,1,2,2,2,1,1,1,2,2,1,1,1
3163,2724,GSI005,72,Aprovado,1,1,1,1,1,2,2,1,1,2,2,2,1,1,2,1,2,1,1,1
3164,1911,GSI005,80,Aprovado,0,1,0,1,1,1,2,2,2,0,2,2,1,1,1,1,2,1,1,1
3166,2658,GSI005,83,Aprovado,1,1,1,1,1,2,2,1,1,2,2,2,1,1,2,1,2,1,1,1
3167,2724,GSI005,64,Aprovado,1,1,1,1,1,2,2,1,1,2,2,2,1,1,2,1,2,1,1,1
3168,2189,GSI005,63,Aprovado,1,1,1,1,2,2,2,1,1,2,2,2,1,1,1,2,2,1,1,1
3169,2332,GSI005,0,Reprovado,0,0,2,1,1,1,2,1,2,1,2,2,2,1,0,1,1,0,0,1
3170,1981,GSI005,34,Reprovado,1,1,1,1,1,2,1,2,1,2,2,2,1,0,1,0,2,1,1,1
3180,1892,GSI005,37,Reprovado,1,1,1,1,1,2,2,1,1,2,2,2,1,1,2,1,2,1,1,1
3181,2189,GSI005,68,Aprovado,1,1,1,1,2,2,2,1,1,2,2,2,1,1,0,2,2,1,1,1
3182,2507,GSI005,60,Aprovado,1,1,1,1,1,2,2,1,1,2,2,2,1,1,2,1,2,1,1,1
3185,2024,GSI005,0,Reprovado,0,1,1,0,2,2,2,0,1,2,2,2,1,1,1,2,2,1,1,1
3191,2154,GSI005,62,Aprovado,1,2,1,1,2,2,2,1,1,2,2,2,1,1,1,2,2,1,1,1
3192,2590,GSI005,60,Aprovado,1,1,1,1,1,2,2,1,1,2,2,2,1,1,2,1,2,1,1,1
