id,class,v1,v2
9,Aprovado,0.01799341735109377,-0.18406848476025098
14,Reprovado,4.369524735288678,0.20738325188251303
18,Aprovado,-1.2969611689735896,-2.058580612432141
19,Aprovado,-0.21041123046561547,0.11217303861265188
20,Aprovado,-1.1406697498803855,0.3335158101361938
25,Aprovado,0.8385992968956633,0.8549277530193403
30,Reprovado,15.892144985429969,-0.801871037570716
31,Aprovado,0.11699425013263762,1.1449956976960396
32,Reprovado,12.924658067698989,-0.5435156011649024
35,Aprovado,0.017993417351093336,-0.18406848476025142
36,Aprovado,0.017993417351093666,-0.18406848476025112
38,Reprovado,-5.029033407364868,6.106589802542174
43,Reprovado,-3.874596695741032,-5.3985468826012175
51,Aprovado,0.017993417351093912,-0.18406848476025084
52,Aprovado,0.017993417351093652,-0.1840684847602511
54,Reprovado,-0.27203575766729804,-0.3717116289606898
55,Aprovado,-4.604550060736047,6.001070983908174
58,Reprovado,-7.194972931809545,-7.974522660679583
63,Aprovado,-0.21041123046561563,0.11217303861265149
64,Aprovado,-0.21041123046561583,0.1121730386126517
65,Reprovado,0.0898944339022679,-1.2196622876594216
67,Reprovado,0.9585803271739683,0.7738311239803708
72,Reprovado,8.66147342912211,-0.17675901936702365
76,Aprovado,12.206450945906473,-0.47443675715371847
79,Aprovado,0.15085591778594656,0.18916871068716826
80,Aprovado,-1.2969611689735896,-2.058580612432141
82,Aprovado,-0.21041123046561536,0.11217303861265203
84,Aprovado,-0.5354759791248216,0.5308978704416175
88,Aprovado,0.01799341735109345,-0.18406848476025134
91,Aprovado,0.017993417351093836,-0.18406848476025092
94,Aprovado,-2.036070914040816,-2.213224482925048
96,Aprovado,-2.361260363666409,-1.150723965061558
99,Aprovado,-3.1754677869447465,-4.089710380729398
102,Reprovado,-1.2969611689735905,-2.0585806124321415
108,Reprovado,-0.24145897496648458,1.3011828588243022
109,Aprovado,-0.21041123046561572,0.11217303861265164
111,Aprovado,0.017993417351093395,-0.18406848476025134
115,Reprovado,-0.27266147901416227,-1.2718815454675565
117,Reprovado,0.9585803271739681,0.773831123980371
118,Reprovado,-1.6293356324840484,0.2957771600371361
119,Aprovado,0.017993417351093964,-0.18406848476025073
121,Aprovado,-3.9442483719679218,-2.7915804515699754
122,Reprovado,-1.565735884151276,0.7447509559608401
123,Aprovado,-0.21041123046561522,0.1121730386126521
127,Aprovado,0.017993417351093728,-0.18406848476025092
130,Reprovado,-3.211351551763045,-2.1473383305839495
131,Aprovado,0.15085591778594673,0.1891687106871687
132,Reprovado,-2.9297757130466957,5.978256360310657
133,Aprovado,-0.21041123046561544,0.11217303861265171
134,Reprovado,0.017993417351093593,-0.18406848476025114
135,Aprovado,0.017993417351093586,-0.18406848476025123
138,Aprovado,0.5861995873714834,1.258662647678734
143,Aprovado,0.01799341735109372,-0.18406848476025112
145,Aprovado,-3.5273215294227027,-2.068659597416818
146,Reprovado,-5.0510256448069955,-7.523717718426461
149,Aprovado,-1.2969611689735905,-2.0585806124321415
154,Reprovado,15.927104484682452,-0.8048189664520711
155,Aprovado,0.9585803271739681,0.7738311239803706
160,Aprovado,-1.29696116897359,-2.0585806124321415
161,Reprovado,-1.2969611689735896,-2.058580612432141
164,Aprovado,0.01799341735109351,-0.18406848476025137
168,Reprovado,-3.1754677869447465,-4.0897103807293975
171,Aprovado,0.01799341735109358,-0.18406848476025128
175,Aprovado,-0.2104112304656158,0.11217303861265181
177,Reprovado,13.05965865619138,-0.560982921726263
181,Aprovado,0.017993417351094027,-0.18406848476025087
183,Aprovado,0.017993417351093714,-0.184068484760251
184,Reprovado,0.6652471984122769,-3.7982478185636395
185,Reprovado,-3.0942728211650374,5.5443664816987255
186,Aprovado,-5.005019131011818,-3.848346264438168
207,Aprovado,0.01799341735109377,-0.1840684847602512
208,Aprovado,0.017993417351093458,-0.18406848476025134
210,Aprovado,0.017993417351093523,-0.18406848476025123
211,Aprovado,0.01799341735109364,-0.18406848476025126
212,Reprovado,0.017993417351093395,-0.18406848476025128
215,Aprovado,0.01799341735109347,-0.18406848476025128
216,Aprovado,0.01799341735109353,-0.18406848476025114
217,Reprovado,0.017993417351093464,-0.18406848476025123
218,Reprovado,0.01799341735109366,-0.18406848476025106
219,Aprovado,0.017993417351093808,-0.18406848476025087
220,Aprovado,0.01799341735109377,-0.18406848476025098
224,Aprovado,0.017993417351093808,-0.18406848476025084
225,Aprovado,0.01799341735109364,-0.18406848476025128
228,Reprovado,0.01799341735109375,-0.18406848476025087
229,Aprovado,0.01799341735109372,-0.18406848476025098
230,Aprovado,0.017993417351093863,-0.1840684847602508
234,Reprovado,0.01799341735109358,-0.18406848476025123
235,Aprovado,0.017993417351093742,-0.18406848476025078
237,Aprovado,0.017993417351093912,-0.18406848476025095
241,Aprovado,0.017993417351093593,-0.18406848476025098
242,Aprovado,0.01799341735109366,-0.18406848476025098
243,Aprovado,0.017993417351093517,-0.18406848476025137
244,Aprovado,0.017993417351093964,-0.18406848476025098
247,Aprovado,0.017993417351093517,-0.18406848476025137
248,Aprovado,0.017993417351093537,-0.18406848476025106
249,Aprovado,0.017993417351093905,-0.18406848476025092
251,Reprovado,-6.321389508677015,7.6703180768085275
252,Aprovado,-4.450260707327828,-3.0635661436547394
254,Aprovado,-4.986966195985588,-3.962452216139544
255,Reprovado,-6.275544091858402,-5.382221752072574
256,Aprovado,-4.469291688856432,-3.3148573770012923
257,Reprovado,-4.851715329946983,-6.378368843685225
261,Aprovado,-3.1754677869447465,-4.089710380729398
262,Reprovado,-1.743893092122247,-4.584112775774478
265,Aprovado,-3.8775933055253025,5.9009112776954264
267,Reprovado,-3.046121259486786,1.1311078204081322
271,Reprovado,-3.1754677869447474,-4.089710380729398
272,Aprovado,-4.470415031298672,5.229226980116878
274,Reprovado,-1.8326745364357164,-3.6504262083833736
275,Reprovado,-3.0461212594867866,1.1311078204081324
276,Aprovado,-2.2969622512130865,1.2448114824291576
277,Aprovado,-1.438015257484584,1.0945723784985895
280,Reprovado,-1.8326745364357164,-3.6504262083833736
284,Reprovado,-3.689845100075107,-4.732294997206719
285,Aprovado,-3.1754677869447465,-4.089710380729398
287,Reprovado,1.9551765149960243,0.428577361750458
288,Aprovado,0.9585803271739681,0.7738311239803711
295,Reprovado,4.187707995519793,0.18910771548721902
302,Reprovado,15.578108864829174,-0.7758951135895067
310,Aprovado,-0.2104112304656154,0.112173038612652
312,Reprovado,0.5522968910805766,0.5784294233908142
313,Reprovado,0.7051539528262232,0.35495948415829603
314,Reprovado,0.7051539528262228,0.354959484158296
315,Aprovado,-0.21041123046561547,0.11217303861265161
316,Aprovado,-0.47784344005726936,0.07228594289999776
318,Reprovado,0.94152184870468,1.8058654224689097
319,Aprovado,-0.2104112304656156,0.11217303861265171
321,Aprovado,0.9585803271739681,0.7738311239803711
324,Reprovado,0.7051539528262232,0.3549594841582959
325,Aprovado,-0.21041123046561566,0.11217303861265171
326,Aprovado,-0.2104112304656159,0.11217303861265128
327,Aprovado,0.9585803271739681,0.7738311239803706
328,Reprovado,11.306129500436203,-0.4030950966241512
331,Reprovado,1.1965397531936641,0.04428898008828548
332,Aprovado,-1.0059021293982617,0.5247799636440844
333,Reprovado,12.24580809563139,-0.4776613570583051
336,Reprovado,-1.0683784502176812,0.3470094434932042
338,Reprovado,1.884745948969148,0.44479027501740587
339,Reprovado,12.306925286690186,-0.4778738140733316
341,Reprovado,-1.7542779365788366,1.0761789244431177
349,Aprovado,-1.3797461186140598,2.824253523682394
350,Aprovado,0.047869782779096516,3.4440590726768257
351,Reprovado,0.07069354368015891,2.3844739286751224
352,Aprovado,-0.025196867023241778,0.43306218678365377
361,Reprovado,-5.696405028296235,-6.03214019056032
362,Reprovado,-3.0049164558193695,5.3050998087742105
373,Aprovado,-5.102640099880787,-3.914422704726751
374,Aprovado,0.017993417351093666,-0.184068484760251
376,Aprovado,-3.161111770231247,-3.937277415651194
377,Reprovado,-5.403562436895368,-7.38033365667535
378,Aprovado,-2.0810202076240962,-2.303353008826104
380,Aprovado,-2.759646615380963,-2.1510567892344654
384,Aprovado,-1.2969611689735905,-2.0585806124321415
387,Reprovado,3.926995671273857,0.7456567643766202
390,Aprovado,0.9585803271739683,0.7738311239803708
392,Aprovado,0.9585803271739679,0.7738311239803705
393,Aprovado,0.9585803271739683,0.7738311239803708
395,Aprovado,0.15085591778594684,0.18916871068716878
396,Aprovado,1.8847459489691483,0.44479027501740626
398,Reprovado,12.248358730277147,-0.48434019547088974
399,Reprovado,0.11699425013263737,1.1449956976960394
400,Aprovado,-0.13762744831039292,1.2403423123959656
404,Aprovado,-0.161316131017835,1.1036499878921682
406,Aprovado,0.01799341735109353,-0.18406848476025114
410,Reprovado,-6.410248479729429,-5.322609133330498
412,Aprovado,0.017993417351093843,-0.18406848476025098
419,Aprovado,-2.0360709140408155,-2.2132244829250483
420,Aprovado,0.15085591778594695,0.1891687106871686
421,Reprovado,1.9551765149960243,0.42857736175045785
425,Aprovado,0.11699425013263737,1.1449956976960394
427,Reprovado,9.458431285341753,-0.2594227187956011
429,Aprovado,-1.0748046257933246,2.257658826850729
433,Aprovado,-1.2969611689735905,-2.0585806124321415
434,Aprovado,-1.2969611689735905,-2.0585806124321415
435,Reprovado,4.080160872815476,0.8178383838883221
437,Aprovado,-0.21041123046561555,0.11217303861265189
440,Aprovado,-0.6536267783704598,1.1214746551643509
441,Reprovado,-2.068309681324927,3.6142314791502126
442,Aprovado,-0.6719026526119625,2.01312639376662
446,Reprovado,-1.864384512509815,1.1847428053951186
450,Aprovado,0.017993417351093593,-0.1840684847602511
452,Aprovado,-1.29696116897359,-2.0585806124321415
455,Aprovado,3.926995671273857,0.7456567643766202
462,Reprovado,0.017993417351094197,-0.1840684847602507
464,Aprovado,0.01799341735109392,-0.18406848476025067
468,Aprovado,0.01799341735109364,-0.18406848476025098
469,Reprovado,0.017993417351093777,-0.18406848476025098
473,Aprovado,0.017993417351093666,-0.1840684847602512
474,Aprovado,0.017993417351093652,-0.18406848476025098
476,Aprovado,0.017993417351093367,-0.18406848476025123
481,Aprovado,12.018048021506083,-0.44934104499982686
484,Aprovado,-0.9944372738288814,0.3390081259060944
486,Reprovado,-0.588646105727898,0.055769677297446536
488,Aprovado,0.9585803271739677,0.7738311239803706
494,Reprovado,-1.981817413313554,-0.21151570164849312
496,Aprovado,-0.5354759791248215,0.5308978704416175
497,Aprovado,-1.025677767592678,2.4207674481588444
499,Aprovado,0.017993417351093728,-0.18406848476025106
502,Aprovado,-1.29696116897359,-2.0585806124321415
506,Aprovado,0.017993417351093416,-0.18406848476025128
507,Reprovado,-2.3968398065358145,1.0462249187915158
511,Aprovado,2.2911804936489024,0.5801543693467671
513,Reprovado,0.08989443390226792,-1.2196622876594219
519,Aprovado,-0.21041123046561563,0.11217303861265164
522,Aprovado,-0.6542734097263199,0.36017853587823
523,Aprovado,-1.2969611689735905,-2.0585806124321415
530,Reprovado,-2.3612603636664096,-1.1507239650615582
532,Aprovado,-4.520204676467231,-3.476356101264907
538,Reprovado,0.15085591778594706,0.18916871068716895
541,Aprovado,0.9585803271739681,0.773831123980371
544,Reprovado,-3.186584386483917,-1.8378872081710367
545,Reprovado,-0.5252929855705787,1.2434492393606649
549,Aprovado,0.017993417351093666,-0.18406848476025087
554,Aprovado,0.9585803271739677,0.7738311239803707
555,Aprovado,0.9585803271739681,0.7738311239803708
557,Aprovado,0.9585803271739681,0.773831123980371
562,Aprovado,-0.21041123046561555,0.11217303861265163
563,Aprovado,0.9585803271739679,0.7738311239803707
569,Aprovado,0.9585803271739681,0.7738311239803707
573,Reprovado,15.927104484682452,-0.8048189664520711
577,Reprovado,-2.9392740819784104,-1.6062363049096127
578,Reprovado,-8.010473293625797,10.863952208660132
580,Reprovado,3.9269956712738567,0.74565676437662
581,Reprovado,-2.1954627168714023,-2.434821327533785
584,Aprovado,0.01799341735109345,-0.18406848476025134
585,Aprovado,12.939882459694969,-0.5326858635560275
591,Reprovado,0.1151049054631493,0.13317245269265066
592,Aprovado,0.01799341735109372,-0.184068484760251
596,Aprovado,-1.730043358864207,3.7206054956869496
599,Aprovado,0.017993417351093777,-0.18406848476025106
600,Reprovado,0.01799341735109341,-0.18406848476025112
604,Reprovado,-2.551026125545791,1.316443042816257
611,Reprovado,1.0074609852282344,-2.9405355827240856
612,Aprovado,-0.2104112304656159,0.11217303861265164
616,Reprovado,0.6265936389271324,2.140009281422488
617,Aprovado,0.1169942501326371,1.1449956976960391
619,Reprovado,0.6265936389271333,2.1400092814224876
621,Aprovado,0.01799341735109351,-0.18406848476025126
623,Aprovado,-0.24908582128666357,1.2282613802181344
626,Reprovado,0.0898944339022677,-1.2196622876594214
627,Reprovado,1.805281406973329,0.6293235301005863
628,Aprovado,0.9585803271739677,0.7738311239803708
630,Aprovado,0.9585803271739679,0.773831123980371
633,Aprovado,-2.9044342765036792,-1.5361130085281212
634,Reprovado,0.017993417351093784,-0.1840684847602511
639,Aprovado,0.11699425013263737,1.1449956976960396
640,Aprovado,-0.13699823335503789,1.257377891720593
643,Aprovado,0.017993417351093687,-0.18406848476025106
650,Reprovado,0.0179934173510938,-0.18406848476025095
652,Reprovado por Freqüência,0.0179934173510938,-0.18406848476025095
653,Aprovado,-0.671902652611962,2.0131263937666204
655,Reprovado,-7.1633585341236,-7.1915772635020545
657,Aprovado,0.017993417351094027,-0.18406848476025095
658,Reprovado,0.017993417351093707,-0.18406848476025095
659,Aprovado,4.1877079955197924,0.18910771548721902
660,Reprovado,8.695569320612032,-0.17402242142853197
662,Reprovado,0.11733994785477951,-1.010314018226731
668,Reprovado,0.13036307292607327,0.47630005226358385
669,Reprovado,-1.296961168973591,-2.058580612432142
675,Aprovado,-1.0525448204618855,0.5504216036971596
676,Aprovado,0.01799341735109402,-0.1840684847602508
677,Reprovado,-0.6719026526119616,2.01312639376662
686,Aprovado,0.017993417351093586,-0.1840684847602512
687,Aprovado,0.017993417351093652,-0.18406848476025126
688,Aprovado,0.017993417351093395,-0.18406848476025137
694,Aprovado,0.01799341735109347,-0.18406848476025128
695,Reprovado,0.017993417351093857,-0.18406848476025087
696,Reprovado,0.0179934173510937,-0.1840684847602511
697,Aprovado,0.017993417351093673,-0.1840684847602511
698,Aprovado,0.017993417351094033,-0.18406848476025087
700,Aprovado,0.017993417351093464,-0.18406848476025128
701,Reprovado,-0.38443123159610854,0.2801490445252593
702,Aprovado,0.017993417351093666,-0.1840684847602511
703,Aprovado,-1.9561364652176836,2.7717098586580513
705,Reprovado,0.017993417351093523,-0.18406848476025123
706,Reprovado,0.01799341735109392,-0.18406848476025092
709,Aprovado,0.017993417351093784,-0.18406848476025112
710,Aprovado,-2.19324631611833,-2.274909165676849
711,Aprovado,-3.0563153949861674,-3.4471554780130718
717,Aprovado,-4.424182033120293,5.062379446535345
719,Aprovado,-4.267526834380448,5.07067148765197
722,Reprovado,-1.2969611689735905,-2.058580612432142
723,Reprovado,-1.29696116897359,-2.0585806124321415
725,Aprovado,-2.046443501274135,1.2239406193468294
728,Aprovado,-0.21041123046561583,0.11217303861265149
730,Aprovado,0.9585803271739681,0.7738311239803706
733,Aprovado,0.9585803271739683,0.7738311239803712
735,Aprovado,-0.2104112304656154,0.11217303861265185
737,Aprovado,-0.21041123046561583,0.11217303861265175
739,Aprovado,1.8847459489691496,0.44479027501740653
742,Aprovado,-0.21041123046561536,0.11217303861265156
743,Aprovado,0.9585803271739679,0.773831123980371
748,Reprovado,-0.5352758514618445,0.9898593996317248
749,Aprovado,-0.6536267783704596,1.121474655164351
750,Reprovado,0.13036307292607358,0.47630005226358413
751,Reprovado,-2.929775713046693,5.978256360310659
752,Reprovado,-1.0228343538962668,2.39578459224098
757,Aprovado,0.01799341735109402,-0.18406848476025073
758,Aprovado,0.017993417351093288,-0.18406848476025128
762,Aprovado,0.01799341735109364,-0.18406848476025123
768,Aprovado,0.01799341735109351,-0.18406848476025134
769,Reprovado,0.017993417351093857,-0.18406848476025087
771,Aprovado,-1.8464065774648828,-2.922486209483264
773,Reprovado,0.15085591778594679,0.1891687106871686
775,Reprovado,10.411773296864729,-0.31754407032495213
777,Aprovado,0.11699425013263787,1.1449956976960398
783,Aprovado,3.926995671273857,0.7456567643766202
786,Reprovado,15.578108864829172,-0.7758951135895067
787,Reprovado,15.89214498542997,-0.801871037570716
793,Aprovado,1.884745948969149,0.44479027501740626
797,Reprovado,-0.21041123046561555,0.11217303861265196
798,Aprovado,0.01799341735109377,-0.1840684847602511
799,Reprovado,0.3401202570389061,0.6514805144311396
801,Reprovado,-1.2969611689735896,-2.0585806124321415
803,Reprovado,0.017993417351093898,-0.18406848476025095
804,Reprovado,-4.866051811866541,5.834135156186527
813,Reprovado,-2.125500139465644,0.2915979933481358
816,Aprovado,-0.5245390633745025,1.2257048631102863
820,Aprovado,-3.1754677869447474,-4.089710380729399
827,Aprovado,-1.0256777675926771,2.4207674481588435
830,Reprovado,-1.954917884377072,3.884592823219013
831,Aprovado,-3.8798227180481537,-4.522387329695051
834,Reprovado,0.017993417351093898,-0.18406848476025084
837,Reprovado,0.11510490546314936,0.13317245269265088
843,Reprovado,-3.13450852764907,-1.8757219345107694
846,Aprovado,0.9585803271739681,0.7738311239803708
847,Reprovado,0.017993417351093628,-0.1840684847602514
848,Aprovado,-0.6542734097263195,0.36017853587823
855,Aprovado,-0.6719026526119625,2.0131263937666213
856,Aprovado,-3.664611451909518,4.295251214982403
859,Aprovado,0.017993417351093395,-0.18406848476025137
860,Reprovado,-7.161225291770093,-7.185703917585386
861,Aprovado,0.017993417351093523,-0.18406848476025123
866,Aprovado,0.017993417351093777,-0.18406848476025098
867,Reprovado,-2.046443501274135,1.2239406193468287
868,Reprovado,0.01799341735109366,-0.18406848476025106
879,Reprovado,-1.810689659669436,0.5514346083911442
882,Reprovado,12.72974401067214,-0.5330365209899341
883,Reprovado,13.355827042166,-0.5860101802200134
889,Aprovado,-0.21041123046561527,0.11217303861265192
891,Aprovado,6.86050432074409,-0.038352009587848526
892,Aprovado,-1.345286368725128,3.2446354127224217
895,Aprovado,0.017993417351093707,-0.18406848476025092
899,Aprovado,0.01799341735109397,-0.1840684847602508
905,Aprovado,0.017993417351093666,-0.1840684847602511
906,Aprovado,0.01799341735109353,-0.18406848476025112
907,Reprovado,-3.137843620725255,4.464907381969456
911,Aprovado,0.01799341735109392,-0.18406848476025078
938,Reprovado,0.5684096926582215,-4.037086558783044
939,Reprovado,-3.046121259486787,1.131107820408132
941,Aprovado,-3.811047063839317,4.946471280552765
961,Aprovado,-1.29696116897359,-2.0585806124321415
986,Reprovado,-2.7636488311668232,-5.2779246712227295
991,Aprovado,-0.2104112304656155,0.11217303861265189
1002,Reprovado,-0.33297583602617337,-1.312088073069918
1048,Aprovado,-0.21041123046561577,0.11217303861265153
1055,Reprovado,0.11510490546314936,0.1331724526926509
1077,Reprovado,-1.1309133084800453,-0.0023940866428783687
1079,Aprovado,-0.8713565188748233,0.4826310855938631
1081,Aprovado,10.862888551120873,-0.3571549925161098
1085,Reprovado,15.931089685359378,-0.8058438925062171
1113,Reprovado,-0.6719026526119625,2.0131263937666195
1115,Aprovado,0.01799341735109351,-0.18406848476025126
1117,Aprovado,0.017993417351093464,-0.18406848476025128
1118,Aprovado,-5.0369922694652205,5.873346593959959
1119,Reprovado,-3.470075386299206,-4.444061576909805
1120,Aprovado,-2.395436470426363,1.4509446554167589
1124,Aprovado,-0.21041123046561563,0.11217303861265189
1125,Aprovado,0.9585803271739677,0.7738311239803706
1130,Aprovado,-0.6719026526119614,2.0131263937666204
1138,Reprovado,-3.6898083282318304,-7.135986410053877
1143,Aprovado,3.9269956712738576,0.7456567643766202
1144,Aprovado,0.9585803271739688,0.7738311239803713
1146,Aprovado,-2.1687212905093323,-0.23189989879992837
1150,Aprovado,0.017993417351093593,-0.18406848476025123
1151,Reprovado,-2.154535444011415,-2.526980482212802
1155,Aprovado,0.9585803271739681,0.7738311239803707
1160,Reprovado,-3.0461212594867866,1.1311078204081315
1163,Aprovado,0.017993417351093374,-0.18406848476025112
1166,Aprovado,0.01799341735109353,-0.1840684847602512
1167,Reprovado,0.017993417351093808,-0.18406848476025087
1178,Aprovado,-0.21041123046561522,0.11217303861265203
1179,Aprovado,0.9585803271739681,0.7738311239803705
1189,Aprovado,-0.7183515120066037,3.5946364692724804
1190,Aprovado,0.017993417351093808,-0.18406848476025092
1193,Aprovado,0.017993417351093714,-0.1840684847602511
1194,Reprovado,0.7051539528262233,0.35495948415829576
1195,Aprovado,0.017993417351093714,-0.18406848476025106
1196,Reprovado,0.0706935436801594,2.3844739286751233
1203,Aprovado,0.01799341735109345,-0.18406848476025128
1205,Aprovado,0.017993417351093402,-0.18406848476025134
1209,Aprovado,0.017993417351093735,-0.1840684847602508
1210,Aprovado,0.017993417351094148,-0.1840684847602508
1211,Reprovado,0.017993417351093444,-0.18406848476025148
1216,Aprovado,-5.090886014448851,-3.940910324109894
1217,Aprovado,-1.1421764725565655,0.324140250840421
1219,Aprovado,-1.8464065774648828,-2.922486209483266
1221,Reprovado,-0.20086868707935973,-1.2219686074502683
1223,Reprovado,0.19762250706778847,-0.8082327168428526
1224,Aprovado,-0.21041123046561555,0.11217303861265189
1225,Aprovado,1.9551765149960243,0.4285773617504583
1227,Aprovado,-0.21041123046561533,0.11217303861265202
1229,Aprovado,-0.21041123046561566,0.11217303861265196
1230,Reprovado,1.955176514996025,0.428577361750458
1236,Reprovado,-1.3452863687251269,3.244635412722422
1237,Reprovado,-2.9112215450697407,0.7090497614432235
1238,Aprovado,1.8847459489691487,0.44479027501740626
1239,Aprovado,-0.13762744831039317,1.2403423123959656
1241,Reprovado,-1.3797461186140594,2.824253523682394
1242,Reprovado,-1.5202971792358235,2.950909770371808
1251,Reprovado,0.017993417351093784,-0.18406848476025092
1252,Reprovado,0.017993417351093593,-0.18406848476025126
1254,Reprovado,-5.800283477373854,-6.067029098007504
1255,Aprovado,0.017993417351093905,-0.18406848476025095
1259,Reprovado,-3.6624070468364494,4.63617901741152
1260,Aprovado,-4.723097347467719,-3.5476021869738887
1262,Aprovado,0.01799341735109364,-0.1840684847602512
1275,Aprovado,0.9585803271739683,0.7738311239803711
1282,Aprovado,0.9585803271739683,0.773831123980371
1284,Aprovado,-0.21041123046561536,0.1121730386126521
1285,Aprovado,-0.2104112304656157,0.11217303861265163
1288,Reprovado,-2.9112215450697394,0.7090497614432241
1293,Reprovado,12.619011262121054,-0.5114729468647066
1294,Aprovado,10.727724237507026,-0.34198465257169924
1295,Reprovado,-0.6568708356638892,1.1131738654231347
1297,Aprovado,-0.6719026526119618,2.01312639376662
1298,Reprovado,-1.0601441274566274,0.36318355607137326
1303,Aprovado,0.9585803271739683,0.773831123980371
1305,Reprovado,-0.21041123046561555,0.11217303861265175
1317,Aprovado,0.017993417351093978,-0.1840684847602508
1319,Aprovado,0.01799341735109372,-0.18406848476025098
1321,Aprovado,3.9269956712738567,0.7456567643766205
1322,Aprovado,-0.4178105897119325,1.1997948777357308
1323,Aprovado,10.652691726931613,-0.33964333828189913
1325,Aprovado,-0.2104112304656158,0.11217303861265174
1326,Reprovado,0.15085591778594631,0.18916871068716817
1329,Aprovado,0.017993417351093843,-0.184068484760251
1330,Aprovado,0.6490607587489062,0.4503062225623376
1331,Aprovado,-1.2969611689735896,-2.0585806124321415
1332,Reprovado,-1.29696116897359,-2.058580612432142
1333,Aprovado,0.11699425013263784,1.1449956976960398
1334,Reprovado,0.19762250706778892,-0.8082327168428524
1336,Reprovado,-0.21041123046561522,0.112173038612652
1338,Reprovado,15.927104484682454,-0.8048189664520711
1341,Aprovado,0.017993417351093464,-0.1840684847602514
1342,Aprovado,0.017993417351093572,-0.18406848476025134
1343,Aprovado,0.017993417351093593,-0.1840684847602511
1344,Aprovado,0.0179934173510937,-0.184068484760251
1345,Aprovado,-4.84973787047278,-3.984649211287522
1347,Aprovado,-2.5584033084128524,-3.104638508635701
1348,Aprovado,0.017993417351093843,-0.18406848476025112
1352,Reprovado,0.017993417351093777,-0.18406848476025095
1354,Aprovado,0.017993417351093777,-0.18406848476025106
1356,Aprovado,-2.857291047350047,-3.2986863588743836
1357,Aprovado,0.9585803271739679,0.7738311239803702
1358,Reprovado,-3.91594203226928,-5.011816314219239
1365,Aprovado,0.017993417351093395,-0.18406848476025123
1368,Aprovado,0.017993417351093673,-0.18406848476025092
1370,Reprovado,0.01799341735109366,-0.18406848476025098
1371,Aprovado,-1.2969611689735896,-2.058580612432141
1377,Reprovado,-1.86087481147041,0.8777729971263876
1378,Aprovado,-0.2104112304656155,0.11217303861265189
1379,Reprovado,0.41591489374843693,0.34638018593304715
1391,Aprovado,0.1508559177859469,0.18916871068716862
1396,Aprovado,-1.3748025039090273,2.7888388180087196
1398,Reprovado,0.017993417351093572,-0.18406848476025126
1403,Reprovado,0.017993417351093777,-0.18406848476025112
1406,Reprovado,-2.361260363666408,-1.1507239650615577
1409,Reprovado,14.819668715751082,-0.7103077253179481
1416,Aprovado,-1.29696116897359,-2.058580612432141
1417,Aprovado,-2.9772123948132196,-3.8529510308130157
1420,Aprovado,1.1220739741100012,1.698357406508135
1426,Aprovado,0.017993417351093458,-0.18406848476025137
1429,Aprovado,-2.361260363666409,-1.1507239650615584
1431,Aprovado,0.9415218487046803,1.805865422468909
1432,Aprovado,0.15085591778594679,0.18916871068716848
1433,Aprovado,-0.21041123046561552,0.11217303861265171
1435,Reprovado,-5.484484386347794,-5.770745088439214
1437,Aprovado,3.926995671273857,0.7456567643766205
1443,Aprovado,0.01799341735109385,-0.18406848476025095
1444,Aprovado,-4.081436048927082,-2.928170249836709
1451,Reprovado,12.62106093206,-0.5214189356547055
1452,Aprovado,11.630075667016367,-0.4186932787471933
1455,Reprovado,-6.675250360005703,-6.950534989589549
1456,Aprovado,0.9585803271739681,0.7738311239803708
1459,Reprovado,0.9585803271739686,0.7738311239803712
1463,Aprovado,0.9585803271739675,0.7738311239803707
1467,Aprovado,-0.21041123046561555,0.11217303861265175
1468,Aprovado,0.017993417351093912,-0.18406848476025087
1469,Reprovado,-3.2775166525558634,-2.097043430678837
1470,Aprovado,-0.21041123046561538,0.11217303861265192
1471,Aprovado,0.9585803271739683,0.773831123980371
1472,Reprovado,3.9269956712738576,0.7456567643766205
1475,Aprovado,0.9585803271739677,0.7738311239803702
1477,Reprovado,11.230958054940533,-0.40869873434330795
1478,Aprovado,-0.13762744831039345,1.2403423123959652
1487,Aprovado,0.017993417351093843,-0.18406848476025087
1488,Reprovado,-4.760752108836622,5.934546501790653
1489,Reprovado,-2.361260363666409,-1.1507239650615584
1490,Reprovado,-1.8946085011781129,-2.583867435202397
1494,Aprovado,-0.6719026526119618,2.0131263937666204
1495,Reprovado,-0.6719026526119625,2.0131263937666195
1496,Aprovado,-0.6536267783704598,1.1214746551643515
1497,Aprovado,0.01799341735109385,-0.18406848476025084
1500,Aprovado,-1.0075843165308578,0.4939504658776791
1501,Reprovado,0.5861995873714834,1.2586626476787337
1507,Aprovado,0.9585803271739683,0.773831123980371
1508,Aprovado,-0.022234466220818042,0.4936622001078266
1509,Reprovado,-0.20086868707935954,-1.2219686074502685
1514,Aprovado,-0.13469615239278201,1.2423050994648632
1516,Aprovado,0.017993417351094027,-0.18406848476025092
1521,Aprovado,0.017993417351093464,-0.18406848476025128
1524,Reprovado,-0.2720357576672987,-0.37171162896069054
1525,Aprovado,-3.9902066725312864,-2.938397266962478
1526,Aprovado,0.017993417351093863,-0.18406848476025078
1528,Aprovado,-4.00076446845587,4.259840069358565
1530,Aprovado,-2.5510261255457904,1.3164430428162572
1532,Reprovado,-5.403562436895371,-7.380333656675352
1534,Aprovado,-2.296962251213088,1.2448114824291567
1535,Reprovado,0.7051539528262233,0.35495948415829576
1538,Reprovado,0.08989443390226741,-1.2196622876594214
1539,Aprovado,0.11510490546314914,0.13317245269265063
1540,Reprovado,0.9585803271739679,0.7738311239803707
1543,Reprovado,15.892144985429969,-0.8018710375707149
1544,Aprovado,-2.4553189504687998,0.022475298614973445
1548,Aprovado,0.15085591778594679,0.18916871068716834
1549,Aprovado,0.1508559177859469,0.18916871068716856
1552,Aprovado,-0.6536267783704591,1.121474655164351
1555,Reprovado,-3.4004650077373193,5.811777673047556
1556,Reprovado,-2.2251538394865786,3.802731368799282
1561,Aprovado,0.017993417351093593,-0.18406848476025114
1562,Aprovado,0.017993417351093673,-0.18406848476025092
1565,Aprovado,0.017993417351093416,-0.18406848476025126
1567,Reprovado,-3.0461212594867866,1.1311078204081322
1568,Reprovado,0.705153952826223,0.35495948415829537
1573,Aprovado,-0.21041123046561547,0.11217303861265218
1574,Aprovado,-0.21041123046561555,0.1121730386126515
1575,Reprovado,0.01799341735109366,-0.18406848476025114
1576,Reprovado,-7.1949729318095486,-7.974522660679586
1580,Reprovado,0.01799341735109379,-0.18406848476025087
1584,Reprovado,-0.9325304960115645,3.056025456991318
1585,Aprovado,0.9585803271739679,0.7738311239803705
1588,Aprovado,-4.4209284736653665,5.051382572812866
1591,Aprovado,0.017993417351093388,-0.18406848476025134
1594,Reprovado,0.9585803271739681,0.773831123980371
1601,Reprovado,0.7051539528262228,0.35495948415829537
1608,Reprovado,-0.2726614790141624,-1.2718815454675576
1609,Reprovado,-1.9020685082089879,4.140145001477064
1611,Reprovado,0.9415218487046798,1.8058654224689088
1613,Reprovado,-6.321389508677014,7.670318076808528
1614,Reprovado,-2.400181287684937,4.6357434110659685
1615,Aprovado,0.017993417351093607,-0.18406848476025098
1617,Reprovado,0.017993417351093464,-0.18406848476025134
1620,Reprovado,-8.010473293625795,10.863952208660132
1621,Aprovado,-3.8481640697041226,-2.74900926256094
1622,Aprovado,0.9585803271739681,0.7738311239803707
1625,Aprovado,0.15085591778594662,0.18916871068716845
1628,Aprovado,-0.21041123046561552,0.11217303861265177
1630,Aprovado,-0.21041123046561527,0.11217303861265202
1631,Reprovado,-1.0256777675926776,2.420767448158844
1643,Aprovado,0.01799341735109366,-0.184068484760251
1655,Reprovado,0.01799341735109366,-0.18406848476025112
1656,Aprovado,-3.1754677869447474,-4.089710380729399
1660,Aprovado,-4.469291688856433,-3.314857377001295
1661,Aprovado,-3.990206672531288,-2.9383972669624794
1663,Reprovado,-1.29696116897359,-2.058580612432141
1666,Aprovado,-1.29696116897359,-2.058580612432141
1669,Reprovado,3.9269956712738576,0.7456567643766205
1670,Reprovado,-1.148220732500351,0.778180049938704
1674,Reprovado,-0.5886461057278976,0.055769677297446675
1675,Reprovado,-2.5990901383844034,-5.093541045128242
1683,Reprovado,1.7257369440669483,0.9003163005343595
1684,Aprovado,-0.21041123046561547,0.1121730386126519
1686,Aprovado,-0.2104112304656159,0.11217303861265171
1687,Aprovado,-0.21041123046561552,0.11217303861265197
1690,Reprovado,-2.4044338704987975,4.661811541614772
1691,Aprovado,0.1290941833720808,0.46034834923241785
1693,Aprovado,-0.671902652611962,2.0131263937666204
1697,Aprovado,0.9585803271739672,0.7738311239803701
1701,Reprovado,-0.369222744208572,1.4341488398446365
1702,Reprovado,-1.5741134429622696,1.1924581805167287
1703,Reprovado,-1.9036095418731644,3.991812195795703
1736,Reprovado,0.017993417351093607,-0.18406848476025112
1838,Reprovado,0.017993417351094082,-0.18406848476025087
1839,Aprovado,0.017993417351093464,-0.18406848476025134
1840,Aprovado,0.017993417351093395,-0.18406848476025142
1841,Aprovado,0.01799341735109379,-0.18406848476025095
1842,Aprovado,0.017993417351093728,-0.18406848476025092
1843,Aprovado,0.017993417351093714,-0.18406848476025112
1844,Aprovado,0.017993417351093336,-0.18406848476025134
1847,Aprovado,0.0179934173510938,-0.18406848476025078
1848,Aprovado,0.017993417351093714,-0.18406848476025106
1849,Aprovado,0.017993417351093517,-0.1840684847602512
1850,Aprovado,0.017993417351093857,-0.18406848476025092
1851,Aprovado,0.01799341735109341,-0.1840684847602512
1852,Aprovado,0.017993417351093666,-0.18406848476025112
1853,Aprovado,0.017993417351093714,-0.18406848476025087
1854,Aprovado,0.017993417351093558,-0.1840684847602514
1855,Aprovado,0.017993417351093586,-0.18406848476025126
1856,Aprovado,0.01799341735109353,-0.18406848476025123
1857,Reprovado,0.017993417351093586,-0.18406848476025126
1858,Aprovado,0.017993417351093666,-0.184068484760251
1859,Aprovado,0.01799341735109347,-0.18406848476025114
1860,Aprovado,0.017993417351093964,-0.18406848476025073
1861,Aprovado,0.017993417351093784,-0.184068484760251
1862,Aprovado,0.017993417351093728,-0.18406848476025084
1863,Aprovado,0.017993417351093336,-0.1840684847602514
1864,Aprovado,0.017993417351093614,-0.1840684847602511
1868,Aprovado,0.017993417351093544,-0.18406848476025106
1869,Aprovado,0.017993417351093912,-0.1840684847602508
1870,Reprovado,0.017993417351093857,-0.1840684847602508
1871,Reprovado,0.01799341735109358,-0.18406848476025126
1872,Aprovado,0.017993417351093444,-0.18406848476025137
1873,Aprovado,0.017993417351093336,-0.18406848476025123
1886,Aprovado,0.017993417351093537,-0.18406848476025112
1889,Reprovado,0.01799341735109358,-0.18406848476025114
1890,Reprovado,0.017993417351093714,-0.18406848476025126
1891,Reprovado,0.01799341735109366,-0.18406848476025095
1892,Aprovado,0.01799341735109366,-0.184068484760251
1893,Aprovado,0.017993417351093728,-0.18406848476025098
1894,Aprovado,0.01799341735109368,-0.18406848476025087
1895,Aprovado,0.01799341735109351,-0.18406848476025128
1898,Aprovado,0.01799341735109392,-0.18406848476025098
1899,Aprovado,0.01799341735109353,-0.1840684847602512
1900,Reprovado,0.017993417351093652,-0.18406848476025106
1901,Aprovado,0.017993417351093707,-0.18406848476025114
1902,Aprovado,0.017993417351093517,-0.18406848476025123
1903,Aprovado,0.017993417351093905,-0.18406848476025092
1904,Aprovado,0.017993417351093336,-0.1840684847602514
1905,Aprovado,0.017993417351093843,-0.18406848476025098
1906,Reprovado,0.01799341735109358,-0.1840684847602512
1907,Reprovado,0.01799341735109358,-0.18406848476025126
1908,Aprovado,0.017993417351093593,-0.18406848476025112
1909,Aprovado,0.017993417351093912,-0.18406848476025095
1910,Aprovado,0.017993417351093777,-0.18406848476025106
1911,Aprovado,0.017993417351093593,-0.18406848476025112
1912,Aprovado,0.01799341735109345,-0.18406848476025134
1913,Aprovado,0.017993417351093402,-0.18406848476025137
1914,Reprovado,0.017993417351093336,-0.1840684847602514
1915,Aprovado,0.017993417351093673,-0.18406848476025087
1917,Reprovado,0.017993417351093843,-0.18406848476025073
1918,Aprovado,0.017993417351093857,-0.18406848476025092
1920,Aprovado,0.01799341735109366,-0.18406848476025106
1921,Aprovado,0.017993417351093666,-0.18406848476025087
1922,Aprovado,0.01799341735109358,-0.18406848476025114
1923,Reprovado,0.017993417351093537,-0.18406848476025114
1928,Reprovado,0.01799341735109385,-0.184068484760251
1939,Aprovado,0.017993417351093523,-0.18406848476025114
1940,Aprovado,0.017993417351093593,-0.18406848476025112
1941,Reprovado,0.017993417351093523,-0.18406848476025123
1948,Aprovado,0.017993417351093898,-0.18406848476025087
1949,Reprovado,0.01799341735109372,-0.18406848476025106
1950,Aprovado,0.017993417351093537,-0.18406848476025106
1951,Reprovado,0.01799341735109372,-0.18406848476025106
1952,Aprovado,0.017993417351093652,-0.18406848476025112
1953,Aprovado,0.017993417351093714,-0.18406848476025112
1954,Aprovado,0.01799341735109358,-0.18406848476025123
1955,Aprovado,0.01799341735109345,-0.18406848476025134
1956,Aprovado,0.01799341735109377,-0.18406848476025106
1957,Aprovado,0.01799341735109345,-0.18406848476025128
1958,Aprovado,0.017993417351093517,-0.18406848476025137
1959,Aprovado,0.017993417351093416,-0.18406848476025128
1960,Aprovado,0.017993417351093464,-0.1840684847602512
1961,Aprovado,0.0179934173510938,-0.18406848476025084
1962,Reprovado,0.017993417351093395,-0.1840684847602514
1963,Aprovado,0.017993417351093777,-0.184068484760251
1964,Reprovado,0.01799341735109362,-0.18406848476025134
1965,Aprovado,0.017993417351094082,-0.18406848476025092
1968,Aprovado,0.017993417351093652,-0.18406848476025114
1969,Reprovado,0.017993417351093607,-0.1840684847602511
1970,Aprovado,0.017993417351093586,-0.18406848476025128
1971,Aprovado,0.01799341735109341,-0.18406848476025128
1972,Aprovado,0.017993417351093693,-0.18406848476025112
1973,Aprovado,0.017993417351093572,-0.18406848476025123
1974,Aprovado,0.017993417351093572,-0.18406848476025128
1980,Reprovado,0.01799341735109347,-0.18406848476025126
1981,Aprovado,0.017993417351093784,-0.18406848476025087
1982,Reprovado,0.017993417351093714,-0.18406848476025114
1989,Aprovado,0.017993417351093652,-0.18406848476025114
1991,Aprovado,0.01799341735109335,-0.18406848476025123
1992,Aprovado,0.017993417351093843,-0.18406848476025098
1993,Aprovado,0.017993417351093523,-0.1840684847602512
1994,Aprovado,0.017993417351093666,-0.18406848476025106
2000,Reprovado,0.01799341735109345,-0.1840684847602514
2001,Aprovado,0.017993417351093763,-0.18406848476025106
2002,Reprovado,0.017993417351093464,-0.18406848476025128
2003,Reprovado,-3.6624070468364502,4.636179017411518
2004,Aprovado,0.017993417351093517,-0.18406848476025128
2005,Aprovado,0.017993417351093728,-0.184068484760251
2006,Aprovado,0.017993417351093517,-0.18406848476025126
2007,Aprovado,0.017993417351093673,-0.18406848476025114
2008,Aprovado,0.01799341735109345,-0.18406848476025128
2009,Aprovado,0.017993417351093978,-0.18406848476025084
2010,Aprovado,-2.8859668879655547,3.368597011440162
2011,Aprovado,0.017993417351093978,-0.18406848476025078
2012,Aprovado,0.017993417351093777,-0.184068484760251
2013,Aprovado,0.01799341735109379,-0.1840684847602508
2015,Reprovado,0.017993417351093523,-0.18406848476025126
2016,Aprovado,0.017993417351093652,-0.18406848476025128
2017,Aprovado,0.017993417351093857,-0.18406848476025092
2018,Aprovado,0.01799341735109351,-0.1840684847602514
2019,Aprovado,0.017993417351093586,-0.1840684847602511
2020,Aprovado,0.017993417351093593,-0.18406848476025114
2021,Aprovado,0.017993417351093714,-0.1840684847602511
2022,Aprovado,0.017993417351093707,-0.18406848476025112
2023,Aprovado,0.017993417351093517,-0.18406848476025123
2024,Reprovado,0.017993417351093464,-0.1840684847602511
2025,Aprovado,-2.380976374694184,3.085977836896307
2026,Aprovado,0.017993417351093464,-0.1840684847602512
2029,Aprovado,0.01799341735109364,-0.1840684847602511
2031,Aprovado,0.017993417351093402,-0.1840684847602514
2032,Reprovado,0.017993417351093402,-0.18406848476025134
2033,Reprovado,0.017993417351093666,-0.18406848476025106
2034,Aprovado,0.01799341735109397,-0.18406848476025087
2042,Reprovado,-2.7778927397090993,3.9260228849863883
2051,Reprovado,0.01799341735109351,-0.18406848476025126
2052,Reprovado,-5.800283477373854,-6.067029098007502
2059,Reprovado,0.017993417351093517,-0.18406848476025134
2060,Aprovado,0.017993417351093485,-0.184068484760251
2061,Aprovado,0.017993417351093614,-0.18406848476025095
2062,Aprovado,0.017993417351094027,-0.18406848476025078
2063,Reprovado,0.017993417351093735,-0.1840684847602508
2064,Aprovado,0.01799341735109372,-0.18406848476025098
2065,Aprovado,0.017993417351093388,-0.18406848476025134
2066,Aprovado,-2.380976374694184,3.0859778368963076
2067,Aprovado,0.01799341735109383,-0.1840684847602511
2068,Reprovado,-3.3305595771892187,4.651735769728921
2069,Aprovado,-1.9561364652176831,2.77170985865805
2071,Aprovado,0.01799341735109351,-0.18406848476025134
2072,Aprovado,0.01799341735109372,-0.184068484760251
2073,Reprovado,-8.010473293625795,10.863952208660132
2074,Aprovado,0.01799341735109345,-0.18406848476025134
2075,Aprovado,0.017993417351093784,-0.18406848476025106
2076,Aprovado,0.017993417351093517,-0.18406848476025134
2077,Aprovado,0.017993417351094033,-0.1840684847602507
2078,Aprovado,0.01799341735109345,-0.1840684847602514
2079,Aprovado,0.017993417351093517,-0.18406848476025134
2080,Aprovado,0.017993417351093978,-0.18406848476025112
2081,Aprovado,0.017993417351093517,-0.18406848476025137
2082,Aprovado,0.01799341735109358,-0.18406848476025128
2083,Reprovado,-2.6721633177086277,4.012560343114447
2084,Aprovado,0.01799341735109345,-0.1840684847602512
2088,Reprovado,0.0179934173510938,-0.18406848476025084
2089,Aprovado,0.01799341735109366,-0.18406848476025114
2090,Aprovado,0.017993417351093572,-0.18406848476025123
2091,Reprovado,-0.2720357576672984,-0.3717116289606903
2092,Aprovado,0.017993417351093777,-0.184068484760251
2093,Reprovado,0.01799341735109372,-0.18406848476025106
2100,Reprovado,0.017993417351093707,-0.1840684847602511
2101,Aprovado,0.017993417351093517,-0.1840684847602514
2102,Aprovado,0.017993417351094027,-0.18406848476025087
2107,Aprovado,0.017993417351093836,-0.18406848476025114
2108,Aprovado,0.01799341735109379,-0.18406848476025098
2109,Reprovado,0.01799341735109366,-0.18406848476025106
2125,Aprovado,0.01799341735109353,-0.1840684847602512
2128,Reprovado,0.01799341735109372,-0.18406848476025106
2129,Reprovado,0.017993417351093673,-0.18406848476025106
2130,Aprovado,0.017993417351093666,-0.184068484760251
2131,Aprovado,0.01799341735109366,-0.18406848476025112
2132,Aprovado,0.017993417351093912,-0.18406848476025092
2133,Aprovado,0.01799341735109402,-0.18406848476025084
2134,Reprovado,-3.046121259486786,1.1311078204081324
2135,Aprovado,0.017993417351093905,-0.18406848476025092
2137,Reprovado,0.017993417351093964,-0.18406848476025087
2138,Aprovado,0.01799341735109353,-0.18406848476025123
2139,Aprovado,0.01799341735109392,-0.18406848476025092
2140,Reprovado,-8.010473293625795,10.86395220866013
2141,Reprovado,-8.010473293625797,10.863952208660132
2142,Aprovado,0.017993417351093517,-0.18406848476025128
2143,Aprovado,0.01799341735109385,-0.1840684847602508
2144,Reprovado,0.017993417351093593,-0.18406848476025126
2145,Reprovado,0.017993417351093444,-0.18406848476025137
2146,Aprovado,0.017993417351093978,-0.18406848476025084
2147,Aprovado,0.01799341735109385,-0.18406848476025084
2148,Reprovado,0.017993417351093634,-0.18406848476025123
2149,Aprovado,0.01799341735109345,-0.18406848476025137
2150,Reprovado,0.017993417351093714,-0.18406848476025112
2151,Reprovado,0.017993417351093863,-0.18406848476025084
2152,Reprovado,0.01799341735109345,-0.1840684847602514
2153,Aprovado,0.017993417351093728,-0.1840684847602511
2157,Reprovado,-3.9269880203182588,-2.343217967649669
2161,Aprovado,0.017993417351093978,-0.18406848476025084
2164,Aprovado,-3.8481640697041244,-2.7490092625609415
2165,Aprovado,-4.7532888097060155,-3.6521954222193123
2166,Reprovado,-0.2720357576672985,-0.3717116289606903
2167,Reprovado,-0.27203575766729826,-0.3717116289606898
2178,Reprovado,-6.507179271299803,9.803558929800907
2179,Reprovado,-5.3976111732759025,6.355970793451994
2180,Aprovado,-4.4692916888564325,-3.314857377001294
2181,Aprovado,-4.429552977743857,4.965604476155526
2187,Reprovado,0.017993417351093777,-0.1840684847602512
2188,Aprovado,-4.469291688856433,-3.314857377001294
2189,Reprovado,0.017993417351093572,-0.18406848476025114
2190,Aprovado,-4.410588088813476,5.735819069152694
2191,Aprovado,-4.727957773909275,-3.5573483269366872
2192,Reprovado,0.01799341735109364,-0.18406848476025114
2193,Aprovado,-5.075408799557957,-3.8476403244648694
2194,Aprovado,0.017993417351093728,-0.18406848476025095
2195,Aprovado,-4.469291688856431,-3.314857377001293
2197,Aprovado,-4.691288736748588,-3.8095228804126715
2198,Aprovado,-5.061156161297044,-3.8194683574594235
2199,Aprovado,-5.061430994851832,-3.9748176824399812
2200,Reprovado,-3.0461212594867866,1.1311078204081322
2201,Reprovado,0.017993417351093458,-0.1840684847602514
2202,Aprovado,-4.469291688856431,-3.314857377001293
2203,Aprovado,-5.181364978277689,-3.9770304004103267
2204,Aprovado,-5.0196852436770785,-3.8335908295830037
2209,Aprovado,-5.060955649131124,-3.8173291471507382
2222,Reprovado,-3.0461212594867866,1.1311078204081317
2229,Aprovado,-2.628704584343873,-5.017290027281641
2230,Aprovado,-2.9819616547217924,-4.68517414967159
2232,Aprovado,-2.9551324767456837,-2.8639011323259296
2233,Reprovado,-4.1533927620892905,-5.942205257024779
2235,Aprovado,-2.154535444011414,-2.5269804822128012
2236,Aprovado,-3.1754677869447483,-4.089710380729399
2238,Aprovado,0.01799341735109372,-0.1840684847602511
2239,Reprovado,-8.010473293625795,10.863952208660132
2240,Aprovado,-2.747274468249833,-3.394696915616043
2241,Aprovado,-3.811047063839317,4.946471280552765
2243,Aprovado,-1.2969611689735905,-2.0585806124321424
2244,Aprovado,-2.907288239106015,-3.4325263817089184
2245,Reprovado,-4.909041680969308,-6.000763750564272
2246,Reprovado,-1.29696116897359,-2.058580612432141
2247,Reprovado,-5.0510256448069955,-7.523717718426461
2250,Aprovado,-4.345948134241245,4.9016582588172195
2251,Aprovado,-3.66873536372794,4.314779421859664
2252,Aprovado,-3.8138366394037337,4.9539867818839864
2253,Aprovado,-2.9819616547217924,-4.685174149671588
2259,Aprovado,-1.2969611689735905,-2.0585806124321415
2262,Aprovado,-2.8566831186671418,-2.3400502057906096
2263,Aprovado,-2.6258717995563803,-3.0453347139053086
2264,Aprovado,-5.036992269465219,5.873346593959961
2272,Reprovado,-5.470578106204533,8.270963648505786
2273,Aprovado,-4.38805558822407,5.646237821870005
2274,Aprovado,-3.594610348857292,3.9443427564253812
2276,Aprovado,-1.2969611689735896,-2.058580612432141
2277,Aprovado,-1.2969611689735905,-2.0585806124321415
2278,Aprovado,-3.7457674127267464,4.584599525833451
2279,Aprovado,-3.427214974957585,-4.121607985837751
2280,Aprovado,-1.2969611689735905,-2.0585806124321415
2281,Aprovado,-1.29696116897359,-2.058580612432141
2282,Aprovado,-1.29696116897359,-2.0585806124321415
2284,Reprovado,-5.403562436895368,-7.38033365667535
2287,Aprovado,-3.561266567055326,4.610474165995785
2288,Aprovado,-1.296961168973591,-2.058580612432142
2290,Reprovado,-1.29696116897359,-2.058580612432141
2293,Aprovado,-3.235122828923686,-3.6767236010583977
2294,Aprovado,-2.154535444011415,-2.526980482212802
2298,Aprovado,-2.615172471914831,-2.8226128152844296
2303,Aprovado,-1.29696116897359,-2.0585806124321415
2304,Aprovado,-3.4248313108179165,3.9967850297262757
2305,Aprovado,-3.6740820164554577,4.329820153106041
2312,Aprovado,-2.195462716871402,-2.4348213275337844
2313,Aprovado,-3.1754677869447483,-4.089710380729399
2314,Aprovado,-4.363931936102074,4.968109247838289
2315,Aprovado,-1.438015257484584,1.0945723784985892
2316,Aprovado,-1.8643845125098149,1.1847428053951181
2317,Reprovado,-8.010473293625795,10.86395220866013
2318,Aprovado,-1.29696116897359,-2.058580612432141
2319,Aprovado,-1.8946085011781133,-2.5838674352023965
2320,Aprovado,-1.29696116897359,-2.0585806124321415
2321,Aprovado,-1.296961168973591,-2.058580612432142
2322,Aprovado,-2.774273451775249,-3.2664615934803893
2323,Reprovado,-1.296961168973591,-2.058580612432142
2324,Aprovado,-1.2969611689735896,-2.058580612432141
2325,Aprovado,-5.0369922694652205,5.873346593959961
2326,Aprovado,-2.154535444011413,-2.5269804822128026
2327,Aprovado,-3.593300714714456,3.9403622695374048
2328,Aprovado,-1.9912178640588778,-1.6677419153049986
2329,Aprovado,-1.7678080151299909,-2.658459929833463
2330,Aprovado,-2.081020207624096,-2.3033530088261043
2331,Aprovado,-1.29696116897359,-2.058580612432142
2334,Reprovado,-6.321389508677015,7.670318076808528
2335,Aprovado,-2.8804594393767102,1.417053189978472
2336,Reprovado,0.1151049054631496,0.1331724526926511
2337,Aprovado,-1.29696116897359,-2.0585806124321415
2338,Aprovado,-2.036070914040816,-2.213224482925048
2342,Reprovado,-4.674496078207665,-4.043816274648147
2344,Aprovado,-4.047977952680657,4.868268682373527
2345,Reprovado,-2.3102066967150736,0.5621310326041525
2346,Aprovado,-4.6574127826848075,6.379250467396884
2347,Reprovado,-3.046121259486786,1.131107820408132
2357,Reprovado,-5.800283477373854,-6.067029098007502
2358,Reprovado,-4.642778892557253,-4.9105256477560815
2359,Reprovado,-3.0461212594867866,1.131107820408132
2360,Aprovado,-2.9044342765036797,-1.5361130085281207
2361,Reprovado,-2.3968398065358145,1.046224918791516
2362,Reprovado,-5.905790695093356,-5.533756757642772
2367,Aprovado,-2.361260363666409,-1.1507239650615584
2368,Reprovado,-3.3681663528736276,-2.3654267860764184
2369,Aprovado,-2.8804594393767102,1.4170531899784717
2370,Reprovado,-2.361260363666409,-1.1507239650615577
2372,Reprovado,-2.361260363666409,-1.1507239650615584
2373,Reprovado,-2.361260363666409,-1.1507239650615582
2375,Reprovado,-3.046121259486786,1.131107820408132
2376,Reprovado,-1.0601441274566272,0.3631835560713734
2377,Aprovado,-1.950717270008049,1.3360662075076806
2378,Reprovado,-4.5725620137939735,-4.626393619415858
2379,Aprovado,-2.8742565970309184,-1.4572735401583077
2380,Reprovado,-4.522310621463067,-3.664748961726367
2382,Reprovado,11.40559173585058,-0.4184970533239206
2383,Reprovado,-7.160406536941349,-7.183431714874085
2384,Reprovado,-2.4113199796255516,1.3048712493241805
2385,Reprovado,-2.361260363666409,-1.1507239650615582
2386,Aprovado,-3.106796618356969,-1.8432148605013832
2388,Reprovado,-6.943991662959001,-6.931668225474157
2389,Aprovado,-2.3612603636664096,-1.150723965061558
2393,Reprovado,-2.36126036366641,-1.1507239650615582
2404,Reprovado,-3.134508527649068,-1.8757219345107692
2406,Reprovado,-2.4296972990921004,1.3149686685236432
2407,Aprovado,-2.6707329705079155,-3.120029518162407
2409,Aprovado,-3.1754677869447465,-4.089710380729398
2410,Reprovado,-4.848138365666754,-6.489843389109289
2411,Aprovado,-1.29696116897359,-2.058580612432141
2412,Aprovado,-1.2969611689735896,-2.058580612432141
2423,Reprovado,-3.630683786815161,-6.683512368618117
2424,Reprovado,-3.950238033568615,-4.916776925515092
2425,Reprovado,-1.8326745364357169,-3.650426208383374
2426,Reprovado,4.147559547414198,0.8485062422802689
2433,Reprovado,-2.1255001394656454,0.2915979933481357
2434,Reprovado,-3.314097263315449,-4.434034075985
2435,Aprovado,-0.6542734097263198,0.36017853587822996
2436,Reprovado,-1.8464065774648823,-2.9224862094832647
2437,Aprovado,-1.2969611689735905,-2.0585806124321415
2438,Reprovado,-3.1754677869447483,-4.0897103807294
2439,Reprovado,-1.2969611689735905,-2.0585806124321415
2440,Reprovado,-1.29696116897359,-2.058580612432141
2441,Reprovado,-1.29696116897359,-2.0585806124321415
2445,Reprovado,-3.285277675133206,-5.9519838972316705
2446,Reprovado,-2.5990901383844043,-5.0935410451282435
2447,Reprovado,-3.6485862839970213,-6.383281230129885
2448,Reprovado,-1.2969611689735905,-2.0585806124321415
2449,Reprovado,-1.8464065774648823,-2.922486209483265
2450,Reprovado,4.446014438621478,0.21557916718430353
2452,Reprovado,-2.2068535715969007,-3.399667114322565
2454,Reprovado,-3.868261350573732,-5.162953805483218
2456,Reprovado,-1.8464065774648823,-2.9224862094832647
2457,Reprovado,-1.2969611689735896,-2.0585806124321415
2460,Reprovado,-3.6898083282318304,-7.135986410053874
2464,Aprovado,-3.1754677869447483,-4.0897103807294
2467,Reprovado,3.287158180270613,0.6553251602852366
2468,Reprovado,4.6928301832439665,0.24534274249268176
2469,Aprovado,3.9269956712738567,0.7456567643766197
2471,Aprovado,-0.21041123046561544,0.11217303861265146
2472,Aprovado,-0.2104112304656153,0.11217303861265163
2482,Reprovado,16.26482550066658,-0.8309232581272888
2483,Aprovado,0.9585803271739681,0.7738311239803711
2485,Aprovado,0.9585803271739681,0.7738311239803713
2486,Aprovado,-0.21041123046561575,0.11217303861265175
2487,Aprovado,3.9269956712738567,0.7456567643766205
2494,Reprovado,4.075284778418552,0.8167547726023182
2495,Aprovado,3.9269956712738567,0.7456567643766202
2496,Aprovado,3.926995671273857,0.7456567643766202
2497,Aprovado,3.9269956712738567,0.7456567643766202
2498,Reprovado,-2.310206696715074,0.5621310326041522
2499,Aprovado,0.9585803271739679,0.7738311239803707
2500,Reprovado,4.369524735288678,0.20738325188251247
2501,Aprovado,0.30886149956359166,1.4280160351377909
2502,Reprovado,3.926995671273857,0.7456567643766202
2503,Aprovado,0.1169942501326371,1.1449956976960394
2506,Reprovado,15.892144985429967,-0.8018710375707172
2507,Reprovado,3.926995671273857,0.7456567643766205
2508,Reprovado,4.08219554404206,0.818096742576835
2509,Reprovado,3.926995671273857,0.7456567643766202
2510,Aprovado,0.9585803271739679,0.7738311239803705
2511,Reprovado,3.926995671273858,0.7456567643766211
2512,Aprovado,3.9269956712738567,0.7456567643766202
2513,Reprovado,4.6341118247791036,0.23868963704872126
2515,Reprovado,0.9585803271739683,0.7738311239803711
2516,Reprovado,0.9585803271739683,0.7738311239803713
2517,Aprovado,-1.060144127456627,0.3631835560713738
2518,Reprovado,3.926995671273856,0.7456567643766197
2519,Aprovado,3.926995671273857,0.7456567643766202
2520,Reprovado,0.11733994785477973,-1.0103140182267312
2525,Reprovado,4.47523593235434,0.718925524724205
2526,Reprovado,3.926995671273857,0.7456567643766202
2527,Aprovado,3.9269956712738576,0.7456567643766208
2528,Reprovado,4.07528477841855,0.8167547726023182
2530,Reprovado,-1.1828152149187814,0.3417649439315511
2532,Reprovado,0.21929541369025615,-4.913254712494047
2533,Reprovado,15.892144985429967,-0.8018710375707172
2534,Reprovado,0.11733994785477948,-1.0103140182267318
2538,Aprovado,0.9585803271739688,0.7738311239803712
2540,Aprovado,0.9585803271739686,0.7738311239803713
2541,Reprovado,-2.663529711336874,0.5698281747538863
2547,Aprovado,0.9585803271739686,0.7738311239803712
2548,Aprovado,-0.2104112304656154,0.11217303861265189
2549,Aprovado,0.9585803271739686,0.7738311239803713
2550,Aprovado,0.9585803271739681,0.7738311239803707
2552,Aprovado,0.9585803271739686,0.7738311239803712
2553,Aprovado,0.9585803271739679,0.7738311239803711
2554,Aprovado,0.9585803271739677,0.7738311239803708
2555,Aprovado,-1.1406697498803848,0.3335158101361941
2572,Aprovado,0.9585803271739679,0.7738311239803707
2573,Reprovado,0.566198653883186,-0.5958920868071462
2574,Reprovado,0.7051539528262232,0.35495948415829565
2575,Aprovado,0.9585803271739683,0.7738311239803712
2577,Reprovado,10.409524631642675,-0.31736176485528905
2578,Reprovado,-0.27266147901416227,-1.2718815454675567
2579,Reprovado,-0.27266147901416227,-1.2718815454675567
2580,Reprovado,0.7051539528262234,0.3549594841582954
2584,Aprovado,-1.9160490098889582,1.6875355590842036
2585,Reprovado,0.11733994785477925,-1.010314018226731
2588,Aprovado,12.01804802150608,-0.44934104499982797
2589,Reprovado,-0.21041123046561533,0.11217303861265189
2608,Reprovado,-2.91122154506974,0.7090497614432241
2609,Reprovado,0.19762250706778892,-0.8082327168428525
2610,Reprovado,-2.6635297113368726,0.5698281747538861
2611,Reprovado,0.19762250706778892,-0.8082327168428525
2618,Aprovado,-0.2104112304656153,0.1121730386126519
2619,Aprovado,-0.21041123046561536,0.11217303861265189
2620,Aprovado,-0.21041123046561575,0.1121730386126514
2621,Reprovado,0.34012025703890514,0.6514805144311386
2622,Aprovado,-0.21041123046561575,0.1121730386126516
2623,Reprovado,-0.20086868707935926,-1.2219686074502671
2624,Aprovado,-0.21041123046561577,0.11217303861265157
2625,Aprovado,-0.2104112304656152,0.11217303861265192
2626,Aprovado,-0.21041123046561555,0.11217303861265195
2628,Aprovado,-0.21041123046561583,0.1121730386126517
2629,Aprovado,-0.21041123046561572,0.1121730386126517
2630,Aprovado,-0.2104112304656153,0.11217303861265207
2631,Aprovado,-0.21041123046561527,0.11217303861265192
2632,Aprovado,-0.2104112304656158,0.11217303861265157
2633,Aprovado,-0.2104112304656157,0.11217303861265183
2634,Aprovado,-0.21041123046561533,0.11217303861265222
2635,Aprovado,-0.2104112304656153,0.11217303861265175
2636,Reprovado,-0.21041123046561583,0.11217303861265157
2637,Reprovado,15.892144985429969,-0.8018710375707172
2638,Aprovado,-0.210411230465616,0.1121730386126515
2639,Aprovado,-0.21041123046561533,0.11217303861265225
2640,Reprovado,-0.21041123046561555,0.11217303861265163
2641,Aprovado,-0.2104112304656158,0.11217303861265154
2643,Aprovado,-0.21041123046561572,0.11217303861265181
2644,Reprovado,0.19762250706778864,-0.8082327168428521
2649,Aprovado,-0.21041123046561583,0.11217303861265157
2654,Aprovado,-0.21041123046561566,0.11217303861265157
2656,Aprovado,-1.2837065083376187,0.719389009356794
2657,Reprovado,-0.6542734097263199,0.3601785358782299
2658,Aprovado,-0.9964653413618523,0.3261050034721335
2663,Reprovado,0.0898944339022677,-1.2196622876594212
2673,Aprovado,-0.21041123046561522,0.11217303861265207
2674,Reprovado,0.33509388218585845,-1.0419952604050566
2675,Reprovado,1.9551765149960247,0.42857736175045785
2676,Aprovado,-0.27656876848002865,-0.8339347075470147
2677,Aprovado,-0.2104112304656152,0.11217303861265203
2678,Aprovado,-0.21041123046561547,0.11217303861265177
2684,Aprovado,-0.2104112304656154,0.11217303861265207
2685,Aprovado,-0.21041123046561533,0.11217303861265196
2686,Aprovado,-0.21041123046561575,0.11217303861265156
2687,Aprovado,-0.21041123046561536,0.11217303861265175
2688,Aprovado,-0.21041123046561538,0.11217303861265207
2689,Aprovado,-0.21041123046561527,0.11217303861265177
2690,Aprovado,-1.1357006634813394,0.3307918210806191
2698,Reprovado,-2.310206696715074,0.5621310326041522
2699,Reprovado,0.705153952826223,0.3549594841582958
2700,Aprovado,-0.21041123046561525,0.11217303861265221
2701,Aprovado,-0.21041123046561577,0.1121730386126515
2702,Aprovado,-0.21041123046561544,0.11217303861265197
2703,Aprovado,-1.2795610847820755,0.3409927092585639
2704,Aprovado,-0.21041123046561533,0.11217303861265188
2705,Reprovado,-0.2008686870793598,-1.221968607450268
2706,Aprovado,-0.6542734097263199,0.36017853587822996
2707,Reprovado,-0.21041123046561586,0.11217303861265183
2710,Reprovado,-1.3369009297564347,0.6838576465911304
2711,Aprovado,1.8847459489691492,0.44479027501740614
2725,Aprovado,-0.21041123046561538,0.11217303861265208
2726,Aprovado,-0.21041123046561575,0.1121730386126516
2727,Reprovado,15.892144985429965,-0.8018710375707172
2734,Aprovado,1.9551765149960243,0.42857736175045785
2737,Aprovado,-0.2104112304656155,0.11217303861265154
2738,Aprovado,-0.21041123046561544,0.11217303861265183
2740,Aprovado,-0.2104112304656156,0.11217303861265168
2741,Reprovado,11.222346379608043,-0.4075681166898515
2742,Reprovado,-0.21041123046561555,0.1121730386126516
2745,Aprovado,-0.21041123046561536,0.11217303861265211
2746,Aprovado,0.9585803271739677,0.7738311239803705
2747,Aprovado,-0.21041123046561583,0.11217303861265156
2748,Reprovado,-0.21041123046561522,0.11217303861265215
2750,Reprovado,-2.2376071059318314,-0.2554199237716472
2752,Aprovado,-0.21041123046561533,0.11217303861265211
2754,Aprovado,1.5627654811979674,-1.4403893357586632
2756,Aprovado,-0.21041123046561516,0.11217303861265211
2757,Aprovado,-0.2104112304656156,0.11217303861265147
2758,Aprovado,-0.21041123046561538,0.11217303861265161
2760,Aprovado,0.1151049054631496,0.133172452692651
2766,Aprovado,-0.21041123046561527,0.11217303861265221
2767,Aprovado,-0.2104112304656158,0.11217303861265156
2768,Reprovado,0.34012025703890547,0.6514805144311393
2769,Aprovado,-0.21041123046561555,0.11217303861265174
2770,Reprovado,0.9605417499855485,-3.051014373186635
2773,Aprovado,0.5522968910805761,0.5784294233908139
2776,Reprovado,15.93108968535938,-0.8058438925062182
2777,Reprovado,0.9585803271739681,0.7738311239803711
2786,Aprovado,-0.2104112304656157,0.11217303861265183
2788,Aprovado,-0.2104112304656152,0.1121730386126521
2789,Aprovado,0.9585803271739683,0.7738311239803707
2790,Aprovado,0.9585803271739681,0.773831123980371
2791,Aprovado,1.9551765149960236,0.4285773617504583
2792,Aprovado,0.9585803271739681,0.7738311239803708
2799,Reprovado,0.9585803271739679,0.7738311239803707
2800,Aprovado,0.9585803271739683,0.7738311239803708
2801,Aprovado,0.9585803271739677,0.7738311239803708
2802,Reprovado,0.9415218487046803,1.80586542246891
2803,Aprovado,1.8847459489691478,0.4447902750174056
2805,Aprovado,0.9585803271739686,0.7738311239803708
2806,Aprovado,0.9585803271739679,0.7738311239803705
2810,Reprovado,1.955176514996025,0.42857736175045813
2811,Aprovado,-1.3576324527909633,1.0324091986949806
2812,Reprovado,0.9415218487046803,1.8058654224689095
2813,Aprovado,0.9585803271739683,0.7738311239803711
2814,Reprovado,1.9551765149960243,0.4285773617504584
2815,Aprovado,0.9415218487046803,1.8058654224689095
2816,Reprovado,0.11510490546314957,0.13317245269265104
2817,Aprovado,0.9585803271739681,0.7738311239803711
2818,Aprovado,0.9585803271739683,0.7738311239803708
2819,Aprovado,0.9415218487046803,1.8058654224689095
2826,Aprovado,0.9585803271739677,0.7738311239803702
2830,Reprovado,16.382977738240903,-0.8432242253517627
2831,Aprovado,0.9585803271739677,0.7738311239803702
2832,Reprovado,0.07156429526604273,-5.270146922674572
2833,Aprovado,0.94152184870468,1.8058654224689095
2834,Aprovado,1.9551765149960247,0.42857736175045774
2836,Aprovado,0.9415218487046803,1.8058654224689097
2838,Reprovado,13.762867867201367,-0.6212780667249228
2839,Aprovado,0.9585803271739677,0.7738311239803705
2842,Reprovado,1.9551765149960234,0.428577361750458
2848,Aprovado,0.9585803271739679,0.773831123980371
2854,Reprovado,17.403272516008766,-0.9303114405300524
2855,Reprovado,10.193949428538126,-0.30369024933908184
2858,Reprovado,-0.1028783469586065,0.15439565964368915
2859,Reprovado,2.2911804936489033,0.5801543693467671
2868,Aprovado,0.9585803271739679,0.7738311239803705
2869,Reprovado,0.9585803271739683,0.7738311239803711
2870,Aprovado,-2.1561278509081028,-0.32611337494211384
2871,Reprovado,0.9585803271739679,0.7738311239803707
2872,Aprovado,0.9585803271739679,0.7738311239803707
2873,Aprovado,0.9585803271739686,0.7738311239803712
2874,Aprovado,0.9585803271739679,0.7738311239803707
2875,Aprovado,-2.3145113279734404,0.0352605934492625
2876,Reprovado,10.410118043630233,-0.3174090698946109
2877,Reprovado,0.15085591778594695,0.1891687106871687
2879,Reprovado,0.9585803271739681,0.7738311239803708
2880,Aprovado,0.9585803271739681,0.773831123980371
2881,Aprovado,8.32184710766588,-0.13369207887623022
2882,Aprovado,0.9585803271739683,0.7738311239803711
2883,Reprovado,0.9585803271739681,0.773831123980371
2884,Reprovado,13.05622935887894,-0.5618019169857372
2885,Aprovado,0.9585803271739683,0.7738311239803711
2886,Aprovado,0.9585803271739683,0.7738311239803711
2888,Reprovado,12.737183721845852,-0.535026574926018
2889,Aprovado,0.9585803271739677,0.7738311239803708
2890,Reprovado,14.516337272664353,-0.6821534747527173
2891,Aprovado,-2.4784904601774826,0.8024919991786943
2893,Reprovado,0.9585803271739677,0.7738311239803706
2894,Reprovado,1.8847459489691483,0.44479027501740587
2895,Aprovado,1.9551765149960247,0.42857736175045813
2896,Aprovado,0.9585803271739681,0.7738311239803707
2897,Aprovado,-0.10287834695860644,0.15439565964368912
2898,Aprovado,-0.02223446622081777,0.49366220010782713
2900,Aprovado,-2.0938272665498734,0.07690474339283357
2901,Aprovado,-0.8209196054351806,0.45172756782696843
2903,Aprovado,-1.3576324527909636,1.0324091986949804
2913,Aprovado,2.291180493648903,0.5801543693467671
2914,Aprovado,0.15085591778594684,0.18916871068716862
2915,Aprovado,0.15085591778594684,0.18916871068716862
2916,Aprovado,1.8847459489691487,0.4447902750174064
2917,Aprovado,1.8847459489691483,0.44479027501740587
2918,Reprovado,1.8847459489691485,0.444790275017406
2919,Aprovado,1.8847459489691494,0.44479027501740614
2920,Aprovado,0.15085591778594712,0.18916871068716884
2921,Reprovado,1.196539753193664,0.04428898008828562
2926,Aprovado,0.15085591778594648,0.18916871068716853
2927,Aprovado,-0.8664177071667931,-0.22824348409885445
2928,Aprovado,1.8847459489691487,0.444790275017406
2929,Aprovado,0.15085591778594656,0.1891687106871684
2930,Aprovado,1.8847459489691483,0.44479027501740614
2931,Aprovado,0.15085591778594679,0.18916871068716856
2932,Aprovado,1.884745948969148,0.444790275017406
2934,Aprovado,0.150855917785947,0.18916871068716867
2935,Aprovado,1.884745948969149,0.44479027501740614
2936,Aprovado,10.652691726931613,-0.33964333828189913
2944,Aprovado,-0.10287834695860656,0.15439565964368893
2948,Aprovado,0.15085591778594656,0.1891687106871683
2949,Aprovado,0.1508559177859469,0.18916871068716873
2951,Aprovado,0.15085591778594673,0.18916871068716828
2952,Aprovado,1.884745948969149,0.44479027501740614
2954,Aprovado,-0.2146058760761963,1.2432259654732583
2957,Aprovado,-1.3624778194171696,1.5033436661443436
2959,Aprovado,-1.8741192913169524,0.7462325308635234
2964,Aprovado,0.217140345018481,1.3113959123554924
2965,Aprovado,-0.9148277225745349,0.4500314456419669
2966,Reprovado,11.733050774977757,-0.42273935797410117
2967,Reprovado,-0.3605954886734011,0.7250670860583363
2970,Reprovado,12.80249259752633,-0.5268604962744211
2972,Aprovado,-2.584012642145476,0.7775356523193578
2973,Reprovado,0.1508559177859469,0.18916871068716862
2974,Reprovado,0.15085591778594684,0.18916871068716867
2975,Aprovado,0.15085591778594679,0.18916871068716862
2976,Reprovado,0.1313430570120765,0.48664593702618786
2977,Reprovado,15.892144985429967,-0.801871037570716
2978,Reprovado,0.15085591778594662,0.18916871068716834
2980,Aprovado,0.15085591778594684,0.1891687106871687
2987,Reprovado,0.15085591778594673,0.18916871068716856
2990,Reprovado,-2.4631665429241734,0.7995666824673894
2991,Aprovado,-1.4517149739826671,0.465585853011544
2992,Aprovado,-0.5354759791248214,0.5308978704416177
2993,Reprovado,-2.9953606570131672,1.2130009725438917
2994,Aprovado,-0.5354759791248216,0.5308978704416171
2995,Reprovado,-3.428915740314315,1.2674261091382444
2996,Aprovado,-0.6536267783704593,1.1214746551643509
2997,Aprovado,-0.2710128758671611,1.6426356796623118
3001,Reprovado,-2.91122154506974,0.7090497614432238
3002,Reprovado,-3.713228463469627,1.3338435297301119
3003,Reprovado,12.479148986473769,-0.4932306329514801
3004,Reprovado,-0.5354759791248217,0.5308978704416174
3005,Reprovado,-1.0090069972704467,0.4621806485305028
3006,Reprovado,13.185460963574727,-0.5623380097572901
3007,Aprovado,-0.8713565188748236,0.4826310855938624
3009,Aprovado,-0.6536267783704587,1.1214746551643506
3010,Reprovado,-1.846472511321901,0.28475959081708946
3011,Reprovado,-0.7228795011010705,0.11723538242810914
3012,Reprovado,11.68975896243089,-0.40639125693133527
3013,Reprovado,-2.5980071002881595,4.241356630967522
3014,Aprovado,-0.8713565188748229,0.4826310855938631
3015,Reprovado,-2.9957289721422975,1.2012918461461692
3016,Aprovado,10.65269172693161,-0.33964333828190024
3017,Aprovado,-1.1943412074335347,0.7106346693478818
3018,Reprovado,0.01230044210597697,3.484441161823089
3019,Reprovado,-3.240563977161081,0.15761917448536736
3022,Aprovado,0.3527941992021254,0.43120177761028644
3023,Aprovado,-0.13464689402546448,1.2414359953315988
3024,Aprovado,0.1169942501326374,1.1449956976960396
3025,Aprovado,-0.9263604080720375,0.5641842840588867
3026,Reprovado,15.927104484682454,-0.8048189664520722
3027,Reprovado,0.18158629091333134,0.47269442226625014
3028,Reprovado,-1.6309884576138007,-0.15209330036078475
3030,Reprovado,14.20010123508562,-0.6587420407802168
3032,Reprovado,-2.8127147901640477,0.704734300281329
3033,Aprovado,-0.13762744831039292,1.2403423123959656
3036,Reprovado,14.40299419297465,-0.6748251476137173
3037,Aprovado,-0.8713565188748235,0.48263108559386275
3038,Aprovado,0.11699425013263784,1.14499569769604
3039,Aprovado,-0.576027116163079,1.431075994849389
3046,Reprovado,0.24079038980346634,2.8300510782559
3047,Aprovado,-0.1369982333550372,1.257377891720594
3048,Reprovado,15.20557897452494,-0.7430429926635578
3049,Aprovado,-0.13699823335503794,1.257377891720593
3050,Reprovado,-0.8885924947664753,1.2893965306536355
3051,Aprovado,0.11699425013263737,1.1449956976960396
3052,Reprovado,14.766984786520942,-0.6993399783995011
3053,Aprovado,-0.1376274483103934,1.2403423123959652
3054,Aprovado,0.11699425013263784,1.1449956976960398
3055,Reprovado,14.40299419297465,-0.6748251476137161
3066,Aprovado,-1.3797461186140598,2.8242535236823936
3070,Reprovado,13.259449058620417,-0.573120698370095
3071,Reprovado,-0.13469615239278201,1.2423050994648634
3072,Aprovado,-0.6050605382378884,1.2639858475331909
3073,Reprovado,-0.5252929855705787,1.2434492393606646
3074,Reprovado,-2.7930472951309366,5.152379740485398
3075,Reprovado,-2.7477352343979087,4.393358935227782
3076,Aprovado,-0.5793830771615909,1.431407194433042
3077,Aprovado,-0.2389513828373223,1.282568718928277
3078,Reprovado,-0.8336988651353693,1.1494907292390895
3081,Aprovado,-0.13556763963772103,1.2481677498380472
3082,Reprovado,-2.929775713046693,5.978256360310657
3084,Reprovado,-0.3692227442085719,1.4341488398446363
3086,Aprovado,-0.658839129813685,3.895495413793526
3099,Aprovado,-0.6719026526119618,2.01312639376662
3101,Reprovado,-0.671902652611962,2.0131263937666195
3102,Reprovado,-1.5882913680016315,2.84047906108424
3103,Aprovado,0.3977761610940259,2.5662732196286004
3104,Reprovado,-2.047867688854492,4.366946129071502
3105,Reprovado,-1.566773387064227,3.700460572137036
3106,Aprovado,-1.0692121749390335,0.899022908967412
3108,Aprovado,-1.022834353896266,2.395784592240981
3109,Reprovado,-1.7347435749284097,3.7446791037149874
3110,Aprovado,-0.671902652611962,2.01312639376662
3111,Reprovado,-1.8941188034293006,3.9442959746456645
3112,Aprovado,-1.2312244686355163,3.8029252615599636
3115,Reprovado,-1.3797461186140603,2.824253523682393
3116,Reprovado,-3.0942728211650383,5.544366481698723
3118,Reprovado,-0.6719026526119625,2.0131263937666195
3119,Aprovado,0.6265936389271328,2.1400092814224876
3120,Reprovado,-2.929775713046694,5.978256360310656
3121,Reprovado,-1.897857464884851,3.9594010052446134
3122,Aprovado,-1.0228343538962665,2.3957845922409806
3123,Reprovado,-0.6719026526119625,2.0131263937666195
3127,Aprovado,0.9585803271739677,0.7738311239803708
3130,Reprovado,0.15085591778594673,0.18916871068716845
3136,Aprovado,0.017993417351093808,-0.18406848476025087
3137,Reprovado,-3.6611565767452934,-3.4978924155107056
3140,Reprovado,0.1151049054631494,0.133172452692651
3147,Reprovado,-3.811332755632206,-2.446241135082454
3149,Aprovado,0.017993417351093673,-0.18406848476025106
3150,Aprovado,0.01799341735109392,-0.18406848476025087
3154,Reprovado,0.11510490546314922,0.13317245269265066
3156,Aprovado,0.017993417351093714,-0.18406848476025114
3158,Reprovado,-2.2338461779072225,-0.2594021959211244
3160,Aprovado,0.017993417351093416,-0.18406848476025123
3162,Reprovado,0.8385992968956628,0.85492775301934
3163,Aprovado,0.01799341735109364,-0.18406848476025112
3164,Aprovado,0.39130242426259354,1.383084160754983
3166,Aprovado,0.01799341735109353,-0.18406848476025123
3167,Aprovado,0.01799341735109353,-0.18406848476025128
3168,Aprovado,0.9585803271739681,0.7738311239803707
3169,Reprovado,-3.046121259486786,1.1311078204081322
3170,Reprovado,1.6178075731785782,-1.3246173943876345
3180,Reprovado,0.0179934173510936,-0.1840684847602511
3181,Aprovado,0.7276805008456317,0.8814981467193347
3182,Aprovado,0.017993417351093784,-0.18406848476025098
3185,Reprovado,1.1220739741100012,1.698357406508135
3191,Aprovado,-0.21041123046561533,0.1121730386126516
3192,Aprovado,0.017993417351094144,-0.18406848476025084
