IDT_MATRICULA,IDT_TURMA,COD_DISCIPLINA,VLR_MEDIA,DSC_SITUACAO_FINAL,1,2,3,4,5,6,7,8,9,10,11,12,13,14
9,2703,GSI004,61,Aprovado,1,1,1,2,1,1,2,2,1,2,2,2,2,2
14,2283,GSI004,0,Reprovado,0,0,0,0,0,2,2,2,0,0,2,2,0,2
18,2330,GSI004,89,Aprovado,1,1,2,1,1,2,1,2,1,1,2,2,1,1
19,2153,GSI004,82,Aprovado,1,1,1,1,1,1,2,2,1,2,2,2,1,1
20,2167,GSI004,83,Aprovado,1,1,1,1,1,2,2,2,1,2,2,2,1,1
25,2051,GSI004,68,Aprovado,1,0,1,1,1,1,2,2,1,2,2,2,1,1
30,1921,GSI004,25,Reprovado,1,1,1,2,1,1,2,2,1,2,2,2,1,2
31,1910,GSI004,62,Aprovado,1,1,1,2,1,1,2,2,1,2,2,2,0,2
32,1910,GSI004,12,Reprovado,1,0,1,2,1,1,2,2,0,2,2,2,1,2
33,1921,GSI004,88,Aprovado,1,1,1,2,1,1,2,2,1,2,2,2,1,2
35,2621,GSI004,96,Aprovado,1,1,1,2,1,2,2,2,1,2,2,2,2,2
36,2621,GSI004,46,Reprovado,1,1,1,2,1,2,2,2,1,2,2,2,2,2
37,1639,GSI004,23,Reprovado,1,1,1,1,1,2,2,2,1,1,2,2,1,2
43,2490,GSI004,36,Reprovado,1,1,1,2,1,1,2,1,1,2,2,2,1,2
51,2703,GSI004,73,Aprovado,1,1,1,2,1,1,2,2,1,2,2,2,2,2
52,2703,GSI004,60,Aprovado,1,1,1,2,1,1,2,2,1,2,2,2,2,2
54,2486,GSI004,0,Reprovado,1,1,0,0,2,0,1,1,0,1,2,2,0,2
55,2292,GSI004,62,Aprovado,1,1,1,1,1,2,2,2,1,2,2,2,1,1
58,2380,GSI004,0,Reprovado,1,1,1,1,0,2,2,2,0,1,2,2,0,0
63,2092,GSI004,95,Aprovado,1,1,1,1,1,1,2,2,1,2,2,2,1,1
64,2096,GSI004,71,Aprovado,1,1,1,1,1,1,2,2,1,2,2,2,1,1
65,2092,GSI004,39,Reprovado,1,1,1,1,1,1,2,2,1,2,2,2,1,1
67,2051,GSI004,45,Reprovado,1,0,1,1,1,0,2,2,0,2,2,2,0,0
70,1639,GSI004,72,Aprovado,1,1,1,1,1,2,2,2,1,1,2,2,1,2
72,1898,GSI004,4,Reprovado,1,0,1,2,1,1,2,1,1,2,2,2,0,2
79,1967,GSI004,93,Aprovado,1,1,1,1,1,1,2,2,1,2,2,2,1,1
80,2259,GSI004,100,Aprovado,1,0,0,1,1,2,2,2,0,1,2,2,1,2
82,2061,GSI004,64,Aprovado,1,1,1,1,2,1,2,2,1,2,2,2,1,1
84,1955,GSI004,73,Aprovado,1,0,1,2,1,1,2,2,1,2,2,2,1,2
88,1854,GSI004,60,Aprovado,1,1,1,2,1,1,2,1,1,2,2,2,1,2
91,2723,GSI004,60,Aprovado,1,1,1,2,1,1,2,2,1,2,2,2,2,2
92,1898,GSI004,61,Aprovado,0,0,1,2,1,0,2,1,1,2,2,2,1,2
94,2364,GSI004,73,Aprovado,1,1,1,0,0,2,2,2,1,1,2,2,1,1
96,2364,GSI004,93,Aprovado,0,1,1,1,1,2,2,2,1,1,2,2,1,0
99,2330,GSI004,100,Aprovado,1,1,2,1,1,2,1,2,1,0,2,2,1,1
102,2333,GSI004,80,Aprovado,1,1,2,1,1,2,1,2,1,1,2,2,1,1
103,2330,GSI004,98,Aprovado,1,1,2,1,1,2,1,2,1,0,2,2,1,1
107,1955,GSI004,69,Aprovado,1,1,1,2,1,1,2,2,1,2,2,2,1,2
108,1910,GSI004,51,Reprovado,1,1,1,2,1,1,2,2,1,2,2,2,1,2
109,2096,GSI004,72,Aprovado,1,1,1,1,1,1,2,2,1,2,2,2,1,1
111,2703,GSI004,96,Aprovado,1,1,1,2,1,1,2,2,1,2,2,2,2,2
115,2188,GSI004,91,Aprovado,1,1,1,1,1,2,2,2,1,2,2,2,1,0
117,1995,GSI004,20,Reprovado,1,1,1,1,1,1,2,2,1,2,2,2,1,0
118,2167,GSI004,60,Aprovado,1,1,1,1,1,2,2,2,1,2,2,2,1,1
119,2562,GSI004,72,Aprovado,1,0,0,0,2,1,1,1,1,1,2,2,0,2
121,2558,GSI004,12,Reprovado,1,1,1,1,2,1,1,1,1,1,1,1,1,2
122,1898,GSI004,50,Reprovado,1,0,1,2,1,1,2,1,1,2,2,2,1,2
123,2096,GSI004,89,Aprovado,1,1,1,1,1,1,2,2,1,2,2,2,1,1
124,2092,GSI004,0,Reprovado,1,0,0,0,0,1,2,2,1,2,2,2,1,1
127,2703,GSI004,60,Aprovado,1,1,1,2,1,1,2,2,1,2,2,2,2,2
130,2292,GSI004,79,Aprovado,0,1,1,1,1,2,2,2,1,2,2,2,1,1
131,1995,GSI004,60,Aprovado,1,1,1,1,1,1,2,2,1,2,2,2,1,1
132,1967,GSI004,15,Reprovado,1,0,1,1,1,1,2,2,0,2,2,2,0,0
133,2006,GSI004,36,Reprovado,1,1,0,1,1,1,2,2,0,2,2,2,1,1
134,2642,GSI004,0,Reprovado,1,1,1,2,1,1,2,1,1,2,2,2,1,2
135,2703,GSI004,60,Aprovado,1,1,1,2,1,1,2,2,1,2,2,2,2,2
138,1921,GSI004,74,Aprovado,1,1,1,2,0,1,2,2,1,2,2,2,1,2
141,2723,GSI004,65,Aprovado,1,1,1,2,1,1,2,2,1,2,2,2,2,2
143,1854,GSI004,60,Aprovado,1,1,1,2,1,1,2,1,1,2,2,2,1,2
145,2558,GSI004,81,Aprovado,1,1,1,1,2,1,1,1,1,1,1,1,1,2
146,2330,GSI004,0,Reprovado,1,1,2,1,1,2,1,2,0,0,2,2,0,1
149,2411,GSI004,66,Aprovado,1,1,1,1,1,2,2,2,1,0,2,2,1,1
154,1995,GSI004,12,Reprovado,1,1,1,1,1,1,2,2,0,2,2,2,1,0
155,1995,GSI004,40,Reprovado,1,1,1,1,1,1,2,2,1,2,2,2,1,1
160,2411,GSI004,60,Aprovado,1,1,1,1,1,2,2,2,1,1,2,2,1,1
161,2333,GSI004,26,Reprovado,1,1,2,1,1,2,1,2,1,1,2,2,1,0
164,2621,GSI004,80,Aprovado,1,1,1,2,1,2,2,2,1,2,2,2,2,2
168,2333,GSI004,17,Reprovado,1,0,2,1,1,2,1,2,1,1,2,2,1,0
171,2703,GSI004,60,Aprovado,1,1,1,2,1,1,2,2,1,2,2,2,2,2
175,2174,GSI004,72,Aprovado,1,1,1,1,1,1,2,2,1,2,2,2,1,1
177,1921,GSI004,37,Reprovado,1,1,1,2,1,1,2,2,1,2,2,2,1,2
181,2703,GSI004,62,Aprovado,1,1,1,2,1,1,2,2,1,2,2,2,2,2
183,2703,GSI004,60,Aprovado,1,1,1,2,1,1,2,2,1,2,2,2,2,2
184,2058,GSI004,0,Reprovado,1,0,1,1,2,0,2,2,0,2,2,2,0,0
185,1901,GSI004,0,Reprovado,1,0,0,2,1,0,2,0,0,2,2,2,0,2
186,2167,GSI004,0,Reprovado,0,1,1,0,0,2,2,2,0,2,2,2,1,1
207,2703,GSI004,80,Aprovado,1,1,1,2,1,1,2,2,1,2,2,2,2,2
208,1854,GSI004,66,Aprovado,1,1,1,2,1,1,2,1,1,2,2,2,1,2
210,1854,GSI004,72,Aprovado,1,1,1,2,1,1,2,1,1,2,2,2,1,2
211,1854,GSI004,41,Reprovado,1,1,1,2,1,1,2,1,1,2,2,2,1,2
212,1854,GSI004,17,Reprovado,1,1,1,2,1,1,2,1,1,2,2,2,1,2
215,2703,GSI004,92,Aprovado,1,1,1,2,1,1,2,2,1,2,2,2,2,2
216,2703,GSI004,76,Aprovado,1,1,1,2,1,1,2,2,1,2,2,2,2,2
217,2703,GSI004,64,Aprovado,1,1,1,2,1,1,2,2,1,2,2,2,2,2
218,2688,GSI004,64,Aprovado,1,1,1,2,1,1,2,1,1,2,2,2,1,2
219,2723,GSI004,73,Aprovado,1,1,1,2,1,1,2,2,1,2,2,2,2,2
220,2723,GSI004,60,Aprovado,1,1,1,2,1,1,2,2,1,2,2,2,2,2
224,2703,GSI004,69,Aprovado,1,1,1,2,1,1,2,2,1,2,2,2,2,2
225,2688,GSI004,60,Aprovado,1,1,1,2,1,1,2,1,1,2,2,2,1,2
228,2703,GSI004,60,Aprovado,1,1,1,2,1,1,2,2,1,2,2,2,2,2
229,2703,GSI004,89,Aprovado,1,1,1,2,1,1,2,2,1,2,2,2,2,2
230,2599,GSI004,80,Aprovado,1,1,1,2,1,1,2,2,1,2,2,2,2,2
234,2660,GSI004,0,Reprovado,1,1,1,2,1,1,2,2,1,2,2,2,2,2
235,2660,GSI004,60,Aprovado,1,1,1,2,1,1,2,2,1,2,2,2,2,2
237,2599,GSI004,64,Aprovado,1,1,1,2,1,1,2,2,1,2,2,2,2,2
241,2621,GSI004,53,Reprovado,1,1,1,2,1,2,2,2,1,2,2,2,2,2
242,2621,GSI004,88,Aprovado,1,1,1,2,1,2,2,2,1,2,2,2,2,2
243,2621,GSI004,44,Reprovado,1,1,1,2,1,2,2,2,1,2,2,2,2,2
244,2621,GSI004,26,Reprovado,1,1,1,2,1,2,2,2,1,2,2,2,2,2
247,2592,GSI004,81,Aprovado,1,1,1,2,1,1,2,2,1,2,2,2,2,2
248,2592,GSI004,76,Aprovado,1,1,1,2,1,1,2,2,1,2,2,2,2,2
249,2599,GSI004,60,Aprovado,1,1,1,2,1,1,2,2,1,2,2,2,2,2
251,2599,GSI004,60,Aprovado,1,1,1,2,1,1,2,2,1,2,2,2,2,2
252,2558,GSI004,95,Aprovado,0,1,1,1,2,1,1,1,1,1,1,1,1,2
254,2506,GSI004,86,Aprovado,0,1,0,1,2,0,1,1,0,1,2,2,1,2
255,2409,GSI004,6,Reprovado,1,0,0,1,0,2,2,2,1,0,2,2,1,0
256,2562,GSI004,55,Reprovado,1,1,1,1,2,1,1,1,1,1,2,2,1,2
257,2409,GSI004,0,Reprovado,1,0,0,0,0,2,2,2,1,0,2,2,1,0
261,2494,GSI004,60,Aprovado,1,1,1,2,1,1,2,1,1,2,2,2,1,2
262,2411,GSI004,0,Reprovado,0,0,0,0,1,2,2,2,0,0,2,2,0,0
271,2333,GSI004,12,Reprovado,1,0,2,1,1,2,1,2,0,1,2,2,1,0
272,2259,GSI004,70,Aprovado,1,0,1,1,1,2,2,2,1,1,2,2,1,2
274,2292,GSI004,81,Aprovado,0,1,1,1,1,2,2,2,1,2,2,2,1,1
275,2380,GSI004,16,Reprovado,0,1,1,1,1,2,2,2,1,1,2,2,1,0
276,2364,GSI004,74,Aprovado,1,1,0,1,1,2,2,2,1,1,2,2,1,0
277,2364,GSI004,60,Aprovado,0,1,0,0,1,2,2,2,0,1,2,2,1,0
280,1639,GSI004,0,Reprovado,1,1,1,1,1,2,2,2,1,1,2,2,1,2
284,2333,GSI004,60,Aprovado,1,0,2,1,1,2,1,2,1,1,2,2,1,0
285,2333,GSI004,100,Aprovado,1,1,2,1,1,2,1,2,1,1,2,2,1,0
287,2188,GSI004,70,Aprovado,1,1,1,1,1,2,2,2,1,2,2,2,1,1
288,2188,GSI004,100,Aprovado,1,1,1,1,1,2,2,2,1,2,2,2,1,1
295,2188,GSI004,0,Reprovado,1,0,0,0,0,2,2,2,1,2,2,2,0,0
302,2193,GSI004,29,Reprovado,1,1,1,1,1,1,2,2,1,2,2,2,1,1
305,1906,GSI004,62,Aprovado,1,1,1,2,1,1,2,2,1,2,2,2,1,2
310,2174,GSI004,62,Aprovado,1,1,1,1,1,1,2,2,1,2,2,2,1,1
312,1639,GSI004,0,Reprovado,1,1,1,1,1,2,2,2,1,1,2,2,1,2
313,1639,GSI004,0,Reprovado,1,1,1,1,1,2,2,2,1,1,2,2,1,2
314,2051,GSI004,0,Reprovado,0,0,0,0,0,0,2,2,0,2,2,2,0,0
315,1901,GSI004,44,Reprovado,1,1,1,2,1,1,2,1,1,2,2,2,1,2
316,2096,GSI004,89,Aprovado,1,1,1,1,1,1,2,2,1,2,2,2,1,1
318,2027,GSI004,9,Reprovado,1,1,1,1,1,1,2,2,0,2,2,2,1,0
319,2096,GSI004,97,Aprovado,1,1,1,1,1,1,2,2,1,2,2,2,1,1
321,2027,GSI004,85,Aprovado,1,1,1,1,1,1,2,2,1,2,2,2,1,1
324,1906,GSI004,27,Reprovado,1,1,1,2,1,1,2,2,1,2,2,2,1,2
325,2061,GSI004,60,Aprovado,1,1,1,1,2,1,2,2,1,2,2,2,1,1
326,2061,GSI004,90,Aprovado,1,1,1,1,2,1,2,2,1,2,2,2,1,1
327,2006,GSI004,60,Aprovado,1,1,1,0,1,0,2,2,1,2,2,2,1,1
328,1995,GSI004,26,Reprovado,1,1,1,1,1,1,2,2,1,2,2,2,1,0
331,1995,GSI004,26,Reprovado,1,1,1,1,1,1,2,2,1,2,2,2,1,1
332,1995,GSI004,74,Aprovado,1,1,1,1,1,1,2,2,1,2,2,2,1,1
333,1995,GSI004,60,Aprovado,1,1,1,1,1,1,2,2,1,2,2,2,1,1
335,1910,GSI004,24,Reprovado,1,0,1,2,1,1,2,2,0,2,2,2,0,2
336,1960,GSI004,5,Reprovado,1,1,1,1,1,1,2,2,1,2,2,2,1,1
338,1921,GSI004,60,Aprovado,1,1,1,2,1,1,2,2,1,2,2,2,1,2
339,1921,GSI004,12,Reprovado,1,1,1,2,0,1,2,2,1,2,2,2,1,2
341,1906,GSI004,37,Reprovado,1,1,1,2,1,1,2,2,1,2,2,2,1,2
349,1898,GSI004,82,Aprovado,1,0,1,2,0,1,2,1,1,2,2,2,1,2
350,1898,GSI004,60,Aprovado,1,0,1,2,1,1,2,1,1,2,2,2,1,2
351,1898,GSI004,26,Reprovado,1,0,1,2,1,0,2,1,1,2,2,2,1,2
352,1955,GSI004,66,Aprovado,1,1,1,2,1,1,2,2,1,2,2,2,1,2
361,2409,GSI004,2,Reprovado,1,1,1,1,1,2,2,2,1,1,2,2,1,0
362,1901,GSI004,0,Reprovado,1,0,0,2,1,0,2,0,0,2,2,2,0,2
373,2562,GSI004,87,Aprovado,1,1,1,1,2,1,1,1,1,1,2,2,1,2
374,2592,GSI004,77,Aprovado,1,1,1,2,1,1,2,2,1,2,2,2,2,2
376,2193,GSI004,60,Aprovado,1,1,1,1,1,1,2,2,1,2,2,2,1,1
377,2494,GSI004,0,Reprovado,1,1,1,2,1,1,2,1,1,2,2,2,1,2
378,2494,GSI004,35,Reprovado,1,1,1,2,1,1,2,1,1,2,2,2,1,2
380,2411,GSI004,82,Aprovado,1,1,1,0,0,2,2,2,1,1,2,2,1,1
384,2330,GSI004,87,Aprovado,1,1,2,1,1,2,1,2,1,1,2,2,1,1
387,2283,GSI004,63,Aprovado,1,1,1,1,1,2,2,2,1,1,2,2,1,2
390,2051,GSI004,90,Aprovado,1,1,1,1,1,1,2,2,1,2,2,2,1,0
392,2027,GSI004,62,Aprovado,1,1,1,1,1,1,2,2,1,2,2,2,1,0
393,2006,GSI004,87,Aprovado,1,0,1,1,1,0,2,2,1,2,2,2,1,1
395,1967,GSI004,71,Aprovado,1,1,1,1,1,1,2,2,1,2,2,2,1,1
396,1967,GSI004,84,Aprovado,1,1,1,1,1,1,2,2,1,2,2,2,1,1
399,1921,GSI004,60,Aprovado,1,1,1,2,1,1,2,2,1,2,2,2,1,2
400,1921,GSI004,60,Aprovado,1,1,1,2,1,1,2,2,1,2,2,2,1,2
404,1910,GSI004,83,Aprovado,1,1,1,2,1,1,2,2,1,2,2,2,0,2
406,2621,GSI004,80,Aprovado,1,1,1,2,1,2,2,2,1,2,2,2,2,2
410,2558,GSI004,10,Reprovado,1,1,0,1,2,0,0,0,0,0,0,0,0,2
412,2703,GSI004,61,Aprovado,1,1,1,2,1,1,2,2,1,2,2,2,2,2
419,2494,GSI004,60,Aprovado,1,1,1,2,1,1,2,1,1,2,2,2,1,2
420,1967,GSI004,94,Aprovado,1,1,1,1,1,1,2,2,1,2,2,2,1,1
421,2006,GSI004,3,Reprovado,1,0,0,0,1,0,2,2,0,2,2,2,0,0
423,1639,GSI004,27,Reprovado,1,1,1,1,1,2,2,2,1,1,2,2,1,2
425,1921,GSI004,95,Aprovado,1,1,1,2,1,1,2,2,1,2,2,2,1,2
427,1955,GSI004,64,Aprovado,1,1,1,2,1,1,2,2,1,2,2,2,1,2
429,1901,GSI004,79,Aprovado,1,1,1,2,1,1,2,1,1,2,2,2,1,2
433,2409,GSI004,81,Aprovado,1,1,1,1,1,2,2,2,1,1,2,2,1,1
434,2333,GSI004,100,Aprovado,1,1,2,1,1,2,1,2,0,1,2,2,1,1
435,2259,GSI004,0,Reprovado,1,0,0,0,1,2,2,2,0,1,2,2,1,2
437,2153,GSI004,72,Aprovado,1,1,1,1,1,1,2,2,1,2,2,2,1,1
440,1921,GSI004,63,Aprovado,1,1,1,2,1,1,2,2,1,2,2,2,1,2
441,1898,GSI004,24,Reprovado,1,0,1,2,1,1,2,1,1,2,2,2,0,2
442,1898,GSI004,76,Aprovado,1,1,1,2,1,1,2,1,1,2,2,2,1,2
450,1854,GSI004,42,Reprovado,1,1,1,2,1,1,2,1,1,2,2,2,1,2
452,2494,GSI004,60,Aprovado,1,1,1,2,1,1,2,1,1,2,2,2,1,2
455,2259,GSI004,80,Aprovado,1,1,1,1,1,2,2,2,1,1,2,2,1,2
462,1854,GSI004,5,Reprovado,1,1,1,2,1,1,2,1,1,2,2,2,1,2
464,2599,GSI004,71,Aprovado,1,1,1,2,1,1,2,2,1,2,2,2,2,2
468,2723,GSI004,60,Aprovado,1,1,1,2,1,1,2,2,1,2,2,2,2,2
469,2723,GSI004,18,Reprovado,1,1,1,2,1,1,2,2,1,2,2,2,2,2
473,2660,GSI004,72,Aprovado,1,1,1,2,1,1,2,2,1,2,2,2,2,2
474,2703,GSI004,60,Aprovado,1,1,1,2,1,1,2,2,1,2,2,2,2,2
476,2592,GSI004,65,Aprovado,1,1,1,2,1,1,2,2,1,2,2,2,2,2
481,2188,GSI004,81,Aprovado,1,1,1,0,0,2,2,2,1,2,2,2,1,0
484,2167,GSI004,74,Aprovado,1,1,1,1,1,2,2,2,1,2,2,2,1,1
486,2167,GSI004,1,Reprovado,0,1,1,1,1,2,2,2,1,2,2,2,1,1
488,1639,GSI004,78,Aprovado,1,1,1,1,1,2,2,2,1,1,2,2,1,2
494,1955,GSI004,24,Reprovado,1,1,1,2,1,1,2,2,1,2,2,2,0,2
496,1955,GSI004,89,Aprovado,1,1,1,2,1,1,2,2,1,2,2,2,1,2
497,1898,GSI004,60,Aprovado,1,0,1,2,1,1,2,1,1,2,2,2,1,2
499,2723,GSI004,79,Aprovado,1,1,1,2,1,1,2,2,1,2,2,2,2,2
502,2490,GSI004,70,Aprovado,1,1,1,2,1,1,2,1,1,2,2,2,1,2
506,2723,GSI004,60,Aprovado,1,1,1,2,1,1,2,2,1,2,2,2,2,2
511,1995,GSI004,60,Aprovado,1,1,1,1,1,1,2,2,1,2,2,2,1,0
513,2092,GSI004,17,Reprovado,1,0,0,1,1,1,2,2,1,2,2,2,1,1
519,2092,GSI004,67,Aprovado,1,1,1,1,1,1,2,2,1,2,2,2,1,1
522,2092,GSI004,60,Aprovado,1,1,1,0,0,1,2,2,1,2,2,2,1,1
523,2411,GSI004,92,Aprovado,1,1,1,1,1,2,2,2,1,0,2,2,1,0
528,2193,GSI004,73,Aprovado,1,1,0,1,1,1,2,2,1,2,2,2,1,1
530,2167,GSI004,86,Aprovado,1,1,1,1,1,2,2,2,1,2,2,2,1,1
532,2562,GSI004,78,Aprovado,1,0,1,1,2,1,1,1,1,1,2,2,0,2
538,1960,GSI004,27,Reprovado,1,1,1,1,1,1,2,2,1,2,2,2,1,1
541,2188,GSI004,85,Aprovado,1,1,0,0,0,2,2,2,1,2,2,2,1,0
544,1639,GSI004,0,Reprovado,1,1,1,1,1,2,2,2,1,1,2,2,1,2
545,1921,GSI004,60,Aprovado,1,1,1,2,1,1,2,2,1,2,2,2,1,2
549,2599,GSI004,60,Aprovado,1,1,1,2,1,1,2,2,1,2,2,2,2,2
554,2188,GSI004,95,Aprovado,1,1,1,1,1,2,2,2,1,2,2,2,1,1
555,2188,GSI004,74,Aprovado,1,1,0,0,0,2,2,2,1,2,2,2,1,1
557,2193,GSI004,100,Aprovado,1,1,1,1,1,1,2,2,1,2,2,2,1,1
561,2193,GSI004,90,Aprovado,1,1,1,1,1,1,2,2,1,2,2,2,1,0
562,2058,GSI004,60,Aprovado,1,1,1,1,2,1,2,2,1,2,2,2,1,1
563,2051,GSI004,79,Aprovado,1,1,1,1,1,1,2,2,1,2,2,2,1,1
569,2006,GSI004,63,Aprovado,1,1,1,1,1,1,2,2,1,2,2,2,1,1
573,1921,GSI004,64,Aprovado,1,1,1,2,1,1,2,2,1,2,2,2,1,2
577,2292,GSI004,53,Reprovado,0,1,1,0,1,2,2,2,1,2,2,2,1,1
578,2411,GSI004,0,Reprovado,0,0,0,0,0,2,2,2,0,0,2,2,0,0
580,2283,GSI004,17,Reprovado,1,0,0,1,1,2,2,2,1,1,2,2,0,2
581,2292,GSI004,79,Aprovado,0,1,1,1,1,2,2,2,1,2,2,2,1,1
584,1854,GSI004,81,Aprovado,1,1,1,2,1,1,2,1,1,2,2,2,1,2
585,1921,GSI004,73,Aprovado,0,1,1,2,1,1,2,2,1,2,2,2,1,2
591,2174,GSI004,22,Reprovado,1,0,0,0,0,1,2,2,1,2,2,2,1,1
592,2703,GSI004,64,Aprovado,1,1,1,2,1,1,2,2,1,2,2,2,2,2
596,1898,GSI004,65,Aprovado,1,0,1,2,1,1,2,1,1,2,2,2,1,2
599,2723,GSI004,66,Aprovado,1,1,1,2,1,1,2,2,1,2,2,2,2,2
600,2660,GSI004,11,Reprovado,1,1,1,2,1,1,2,2,1,2,2,2,2,2
604,2292,GSI004,0,Reprovado,0,0,0,0,0,2,2,2,0,2,2,2,0,0
611,2058,GSI004,13,Reprovado,1,0,1,1,2,1,2,2,1,2,2,2,1,1
612,2058,GSI004,61,Aprovado,1,1,1,0,2,1,2,2,0,2,2,2,1,1
617,1910,GSI004,73,Aprovado,1,1,1,2,1,1,2,2,1,2,2,2,1,2
619,1901,GSI004,60,Aprovado,1,0,1,2,1,1,2,1,1,2,2,2,1,2
621,2676,GSI004,85,Aprovado,1,1,1,2,1,1,2,1,1,2,2,2,1,2
623,1921,GSI004,53,Reprovado,1,1,1,2,1,1,2,2,1,2,2,2,1,2
626,1639,GSI004,5,Reprovado,1,1,1,1,1,2,2,2,1,1,2,2,1,2
627,2051,GSI004,0,Reprovado,1,1,1,1,1,1,2,2,0,2,2,2,1,1
628,1639,GSI004,17,Reprovado,1,1,1,1,1,2,2,2,1,1,2,2,1,2
630,2006,GSI004,60,Aprovado,1,1,1,1,1,1,2,2,1,2,2,2,1,1
633,2292,GSI004,67,Aprovado,0,0,0,1,0,2,2,2,1,2,2,2,1,1
634,2599,GSI004,77,Aprovado,1,1,1,2,1,1,2,2,1,2,2,2,2,2
639,1921,GSI004,64,Aprovado,1,1,1,2,1,1,2,2,1,2,2,2,1,2
640,1910,GSI004,61,Aprovado,1,1,1,2,1,1,2,2,1,2,2,2,1,2
643,1854,GSI004,75,Aprovado,1,1,1,2,1,1,2,1,1,2,2,2,1,2
647,1955,GSI004,69,Aprovado,1,1,1,2,1,1,2,2,1,2,2,2,0,2
650,1854,GSI004,0,Reprovado,1,1,1,2,1,1,2,1,1,2,2,2,1,2
652,2642,GSI004,23,Reprovado,1,1,1,2,1,1,2,1,1,2,2,2,1,2
653,1901,GSI004,91,Aprovado,1,0,1,2,1,1,2,1,1,2,2,2,1,2
655,2380,GSI004,0,Reprovado,1,1,1,1,0,2,2,2,0,1,2,2,0,0
657,1854,GSI004,60,Aprovado,1,1,1,2,1,1,2,1,1,2,2,2,1,2
658,2486,GSI004,12,Reprovado,1,1,1,0,2,0,1,1,1,1,2,2,1,2
659,2283,GSI004,79,Aprovado,1,1,1,1,1,2,2,2,1,1,2,2,1,2
660,1995,GSI004,16,Reprovado,1,1,1,1,1,1,2,2,1,2,2,2,1,0
662,2153,GSI004,0,Reprovado,1,1,1,1,1,0,2,2,1,2,2,2,1,1
668,2006,GSI004,60,Aprovado,1,1,0,1,1,1,2,2,1,2,2,2,1,1
669,2058,GSI004,60,Aprovado,1,1,1,1,2,1,2,2,1,2,2,2,1,1
675,1955,GSI004,67,Aprovado,1,1,1,2,1,1,2,2,1,2,2,2,1,2
676,2723,GSI004,90,Aprovado,1,1,1,2,1,1,2,2,1,2,2,2,2,2
677,1901,GSI004,28,Reprovado,1,1,1,2,1,1,2,1,1,2,2,2,1,2
686,2660,GSI004,60,Aprovado,1,1,1,2,1,1,2,2,1,2,2,2,2,2
687,1854,GSI004,60,Aprovado,1,1,1,2,1,1,2,1,1,2,2,2,1,2
688,1854,GSI004,25,Reprovado,1,1,1,2,1,1,2,1,1,2,2,2,1,2
694,2703,GSI004,77,Aprovado,1,1,1,2,1,1,2,2,1,2,2,2,2,2
695,2621,GSI004,79,Aprovado,1,1,1,2,1,2,2,2,1,2,2,2,2,2
696,2703,GSI004,23,Reprovado,1,1,1,2,1,1,2,2,1,2,2,2,2,2
697,2723,GSI004,69,Aprovado,1,1,1,2,1,1,2,2,1,2,2,2,2,2
698,2723,GSI004,63,Aprovado,1,1,1,2,1,1,2,2,1,2,2,2,2,2
700,2642,GSI004,84,Aprovado,1,1,1,2,1,1,2,1,1,2,2,2,1,2
701,2486,GSI004,1,Reprovado,1,1,1,0,2,1,1,1,1,1,2,2,1,2
702,2688,GSI004,92,Aprovado,1,1,1,2,1,1,2,1,1,2,2,2,1,2
703,2486,GSI004,0,Reprovado,0,1,0,0,2,0,1,1,0,1,2,2,0,2
705,2411,GSI004,0,Reprovado,1,0,0,0,0,2,2,2,0,0,2,2,0,0
706,2599,GSI004,10,Reprovado,1,1,1,2,1,1,2,2,1,2,2,2,2,2
709,2599,GSI004,83,Aprovado,1,1,1,2,1,1,2,2,1,2,2,2,2,2
710,2411,GSI004,94,Aprovado,1,0,1,1,0,2,2,2,1,1,2,2,1,1
711,2490,GSI004,60,Aprovado,1,1,1,2,1,1,2,1,1,2,2,2,1,2
717,2292,GSI004,22,Reprovado,0,0,0,1,1,2,2,2,1,2,2,2,1,0
719,1921,GSI004,75,Aprovado,0,1,1,2,1,1,2,2,1,2,2,2,1,2
722,2330,GSI004,86,Aprovado,1,1,2,1,1,2,1,2,1,1,2,2,1,1
723,2333,GSI004,79,Aprovado,1,1,2,1,1,2,1,2,1,1,2,2,1,0
725,2167,GSI004,97,Aprovado,1,1,1,1,1,2,2,2,1,2,2,2,1,1
728,2259,GSI004,77,Aprovado,1,1,0,1,1,2,2,2,1,1,2,2,1,2
730,2193,GSI004,88,Aprovado,1,1,1,1,1,1,2,2,1,2,2,2,1,1
733,2193,GSI004,72,Aprovado,1,1,1,1,1,1,2,2,1,2,2,2,1,1
735,2092,GSI004,92,Aprovado,1,1,0,1,1,1,2,2,1,2,2,2,1,1
737,2153,GSI004,77,Aprovado,1,1,1,1,1,1,2,2,1,2,2,2,1,1
739,1960,GSI004,60,Aprovado,1,1,1,1,1,1,2,2,1,2,2,2,1,1
742,2092,GSI004,82,Aprovado,1,0,0,1,1,1,2,2,1,2,2,2,1,1
743,2006,GSI004,60,Aprovado,1,1,1,1,1,1,2,2,1,2,2,2,1,1
748,1921,GSI004,53,Reprovado,1,1,1,2,1,1,2,2,1,2,2,2,1,2
749,1910,GSI004,74,Aprovado,1,1,1,2,1,1,2,2,1,2,2,2,1,2
750,1906,GSI004,0,Reprovado,1,1,1,2,1,1,2,2,1,2,2,2,1,2
751,1898,GSI004,0,Reprovado,0,0,0,2,0,0,2,0,0,2,2,2,0,2
752,1901,GSI004,6,Reprovado,1,1,1,2,1,1,2,1,1,2,2,2,1,2
757,1854,GSI004,71,Aprovado,1,1,1,2,1,1,2,1,1,2,2,2,1,2
758,1854,GSI004,74,Aprovado,1,1,1,2,1,1,2,1,1,2,2,2,1,2
762,2703,GSI004,60,Aprovado,1,1,1,2,1,1,2,2,1,2,2,2,2,2
768,2599,GSI004,60,Aprovado,1,1,1,2,1,1,2,2,1,2,2,2,2,2
769,2486,GSI004,0,Reprovado,0,1,0,1,2,0,1,1,0,1,2,2,0,2
771,2330,GSI004,67,Aprovado,1,1,2,1,1,2,1,2,1,1,2,2,1,1
773,1960,GSI004,14,Reprovado,1,1,1,1,1,1,2,2,1,2,2,2,1,1
775,1995,GSI004,3,Reprovado,1,1,1,1,1,1,2,2,1,2,2,2,1,0
776,1901,GSI004,20,Reprovado,1,1,1,2,1,1,2,1,1,2,2,2,1,2
777,1910,GSI004,82,Aprovado,1,1,1,2,1,1,2,2,1,2,2,2,1,2
782,2188,GSI004,100,Aprovado,1,1,0,1,0,2,2,2,1,2,2,2,1,1
785,1639,GSI004,65,Aprovado,1,1,1,1,1,2,2,2,1,1,2,2,1,2
786,2006,GSI004,67,Aprovado,1,0,1,1,1,1,2,2,1,2,2,2,1,1
787,1906,GSI004,60,Aprovado,1,1,1,2,1,1,2,2,1,2,2,2,1,2
793,1967,GSI004,79,Aprovado,1,1,1,1,1,1,2,2,1,2,2,2,1,1
797,2058,GSI004,0,Reprovado,1,0,1,1,2,0,2,2,0,2,2,2,0,0
798,1854,GSI004,9,Reprovado,1,1,1,2,1,1,2,1,1,2,2,2,1,2
799,2096,GSI004,21,Reprovado,1,0,1,1,1,0,2,2,1,2,2,2,1,1
801,2058,GSI004,66,Aprovado,1,0,1,1,2,1,2,2,1,2,2,2,1,1
803,2642,GSI004,82,Aprovado,1,1,1,2,1,1,2,1,1,2,2,2,1,2
813,1639,GSI004,0,Reprovado,1,1,1,1,1,2,2,2,1,1,2,2,1,2
816,1921,GSI004,70,Aprovado,1,1,1,2,1,1,2,2,1,2,2,2,1,2
820,2167,GSI004,100,Aprovado,0,1,1,1,1,2,2,2,1,2,2,2,1,1
827,1901,GSI004,62,Aprovado,1,0,1,2,1,1,2,1,1,2,2,2,1,2
830,1901,GSI004,7,Reprovado,1,1,1,2,1,1,2,1,1,2,2,2,1,2
831,2330,GSI004,80,Aprovado,1,1,2,1,1,2,1,2,1,0,2,2,1,1
834,2642,GSI004,0,Reprovado,1,1,1,2,1,1,2,1,1,2,2,2,1,2
837,1639,GSI004,0,Reprovado,1,1,1,1,1,2,2,2,1,1,2,2,1,2
843,2380,GSI004,93,Aprovado,1,1,1,1,1,2,2,2,1,1,2,2,1,1
846,2188,GSI004,74,Aprovado,1,1,1,1,1,2,2,2,1,2,2,2,1,1
847,2703,GSI004,63,Aprovado,1,1,1,2,1,1,2,2,1,2,2,2,2,2
848,2167,GSI004,71,Aprovado,1,1,1,1,1,2,2,2,1,2,2,2,1,1
855,1901,GSI004,84,Aprovado,1,1,1,2,1,1,2,1,1,2,2,2,1,2
856,2409,GSI004,6,Reprovado,1,1,1,0,0,2,2,2,1,0,2,2,1,0
859,2703,GSI004,60,Aprovado,1,1,1,2,1,1,2,2,1,2,2,2,2,2
860,2380,GSI004,0,Reprovado,1,1,1,1,1,2,2,2,0,1,2,2,0,0
861,2642,GSI004,94,Aprovado,1,1,1,2,1,1,2,1,1,2,2,2,1,2
866,2723,GSI004,60,Aprovado,1,1,1,2,1,1,2,2,1,2,2,2,2,2
867,2380,GSI004,0,Reprovado,1,1,1,1,1,2,2,2,1,1,2,2,1,1
868,2599,GSI004,60,Aprovado,1,1,1,2,1,1,2,2,1,2,2,2,2,2
879,1639,GSI004,0,Reprovado,1,1,1,1,1,2,2,2,1,1,2,2,1,2
883,1906,GSI004,60,Aprovado,1,1,1,2,1,1,2,2,1,2,2,2,1,2
885,2333,GSI004,60,Aprovado,1,1,2,1,1,2,1,2,1,1,2,2,1,1
889,2096,GSI004,60,Aprovado,1,1,1,1,1,1,2,2,1,2,2,2,1,1
891,2051,GSI004,60,Aprovado,1,1,1,1,1,1,2,2,1,2,2,2,1,1
892,1901,GSI004,85,Aprovado,1,1,1,2,1,1,2,1,1,2,2,2,1,2
895,1854,GSI004,79,Aprovado,1,1,1,2,1,1,2,1,1,2,2,2,1,2
899,2703,GSI004,62,Aprovado,1,1,1,2,1,1,2,2,1,2,2,2,2,2
905,2660,GSI004,60,Aprovado,1,1,1,2,1,1,2,2,1,2,2,2,2,2
906,2660,GSI004,60,Aprovado,1,1,1,2,1,1,2,2,1,2,2,2,2,2
907,2642,GSI004,0,Reprovado,1,1,1,2,1,1,2,1,1,2,2,2,1,2
911,2592,GSI004,74,Aprovado,1,1,1,2,1,1,2,2,1,2,2,2,2,2
915,1906,GSI004,46,Reprovado,1,1,1,2,1,1,2,2,1,2,2,2,1,2
938,2167,GSI004,15,Reprovado,1,1,1,1,1,2,2,2,1,2,2,2,1,1
939,2333,GSI004,57,Reprovado,1,0,2,0,0,2,1,2,1,1,2,2,1,0
941,2506,GSI004,0,Reprovado,1,1,0,1,2,0,1,1,0,1,2,2,1,2
961,2409,GSI004,75,Aprovado,1,1,1,1,1,2,2,2,1,1,2,2,1,1
986,2292,GSI004,60,Aprovado,1,0,1,0,1,2,2,2,1,2,2,2,1,0
991,2153,GSI004,66,Aprovado,1,1,1,1,1,1,2,2,1,2,2,2,1,1
1002,2193,GSI004,0,Reprovado,1,1,0,0,0,1,2,2,1,2,2,2,1,0
1011,2167,GSI004,95,Aprovado,0,1,1,1,1,2,2,2,1,2,2,2,1,1
1048,2058,GSI004,76,Aprovado,1,1,1,1,2,1,2,2,1,2,2,2,1,1
1055,2027,GSI004,0,Reprovado,1,1,1,1,1,1,2,2,0,2,2,2,1,0
1077,1906,GSI004,40,Reprovado,1,1,1,2,1,1,2,2,1,2,2,2,1,2
1079,1955,GSI004,65,Aprovado,1,1,1,2,1,1,2,2,1,2,2,2,1,2
1081,1906,GSI004,61,Aprovado,1,1,1,2,1,1,2,2,1,2,2,2,1,2
1085,1906,GSI004,1,Reprovado,1,0,1,2,1,1,2,2,0,2,2,2,0,2
1113,1898,GSI004,49,Reprovado,1,0,1,2,1,1,2,1,1,2,2,2,1,2
1115,2703,GSI004,92,Aprovado,1,1,1,2,1,1,2,2,1,2,2,2,2,2
1117,2364,GSI004,0,Reprovado,1,0,0,0,0,2,2,2,0,0,2,2,0,0
1118,1639,GSI004,0,Reprovado,1,1,1,1,1,2,2,2,1,1,2,2,1,2
1119,2411,GSI004,15,Reprovado,1,1,1,1,0,2,2,2,0,0,2,2,0,0
1120,2292,GSI004,83,Aprovado,0,0,1,1,1,2,2,2,1,2,2,2,1,1
1124,2096,GSI004,56,Reprovado,1,1,1,1,1,1,2,2,1,2,2,2,1,1
1125,2051,GSI004,93,Aprovado,1,1,1,1,1,1,2,2,1,2,2,2,1,1
1130,1901,GSI004,91,Aprovado,1,1,1,2,1,1,2,1,1,2,2,2,1,2
1138,2333,GSI004,1,Reprovado,0,0,2,0,0,2,0,2,0,0,2,2,0,0
1143,2283,GSI004,65,Aprovado,1,1,1,1,1,2,2,2,1,1,2,2,1,2
1144,2283,GSI004,62,Aprovado,1,1,1,1,1,2,2,2,1,1,2,2,1,2
1146,1906,GSI004,45,Reprovado,1,1,1,2,1,1,2,2,1,2,2,2,1,2
1150,2599,GSI004,75,Aprovado,1,1,1,2,1,1,2,2,1,2,2,2,2,2
1151,2330,GSI004,22,Reprovado,1,1,2,1,1,2,1,2,1,0,2,2,1,1
1155,2193,GSI004,89,Aprovado,1,1,1,1,1,1,2,2,1,2,2,2,1,1
1160,2292,GSI004,0,Reprovado,0,0,0,0,0,2,2,2,0,2,2,2,0,0
1163,2723,GSI004,70,Aprovado,1,1,1,2,1,1,2,2,1,2,2,2,2,2
1166,2592,GSI004,73,Aprovado,1,1,1,2,1,1,2,2,1,2,2,2,2,2
1167,2621,GSI004,34,Reprovado,1,1,1,2,1,2,2,2,1,2,2,2,2,2
1168,2167,GSI004,90,Aprovado,0,1,1,1,1,2,2,2,1,2,2,2,1,1
1178,2096,GSI004,90,Aprovado,1,1,1,1,1,1,2,2,1,2,2,2,1,1
1179,2006,GSI004,60,Aprovado,1,1,1,1,1,0,2,2,1,2,2,2,1,1
1185,1898,GSI004,4,Reprovado,1,0,0,2,1,0,2,0,0,2,2,2,0,2
1189,1898,GSI004,68,Aprovado,1,0,1,2,0,1,2,1,1,2,2,2,1,2
1190,1854,GSI004,77,Aprovado,1,1,1,2,1,1,2,1,1,2,2,2,1,2
1193,2660,GSI004,0,Reprovado,1,1,1,2,1,1,2,2,1,2,2,2,2,2
1194,1639,GSI004,15,Reprovado,1,1,1,1,1,2,2,2,1,1,2,2,1,2
1195,1854,GSI004,68,Aprovado,1,1,1,2,1,1,2,1,1,2,2,2,1,2
1196,1901,GSI004,14,Reprovado,1,1,1,2,1,1,2,1,1,2,2,2,1,2
1203,1854,GSI004,50,Reprovado,1,1,1,2,1,1,2,1,1,2,2,2,1,2
1205,1854,GSI004,25,Reprovado,1,1,1,2,1,1,2,1,1,2,2,2,1,2
1209,2592,GSI004,60,Aprovado,1,1,1,2,1,1,2,2,1,2,2,2,2,2
1210,2642,GSI004,91,Aprovado,1,1,1,2,1,1,2,1,1,2,2,2,1,2
1211,2621,GSI004,0,Reprovado,1,1,1,2,1,2,2,2,1,2,2,2,2,2
1216,2364,GSI004,63,Aprovado,0,1,0,1,0,2,2,2,1,1,2,2,1,1
1217,2092,GSI004,27,Reprovado,1,1,1,1,1,1,2,2,1,2,2,2,1,1
1219,2333,GSI004,91,Aprovado,1,1,2,1,1,2,1,2,1,1,2,2,1,1
1221,2092,GSI004,0,Reprovado,1,0,0,0,0,1,2,2,1,2,2,2,1,1
1223,2174,GSI004,9,Reprovado,1,0,0,1,1,0,2,2,1,2,2,2,0,1
1224,1967,GSI004,60,Aprovado,1,1,1,1,1,1,2,2,0,2,2,2,1,1
1225,1639,GSI004,80,Aprovado,1,1,1,1,1,2,2,2,1,1,2,2,1,2
1227,2092,GSI004,62,Aprovado,1,1,1,1,1,1,2,2,1,2,2,2,1,1
1229,2096,GSI004,81,Aprovado,1,1,1,1,1,1,2,2,1,2,2,2,1,1
1230,1995,GSI004,60,Aprovado,1,1,1,1,1,1,2,2,1,2,2,2,1,1
1236,1898,GSI004,18,Reprovado,1,1,1,2,1,1,2,1,1,2,2,2,0,2
1238,1967,GSI004,46,Reprovado,1,1,1,1,1,1,2,2,1,2,2,2,1,1
1239,1921,GSI004,60,Aprovado,1,1,1,2,1,1,2,2,1,2,2,2,1,2
1241,1901,GSI004,10,Reprovado,1,1,1,2,1,1,2,1,1,2,2,2,1,2
1242,1901,GSI004,21,Reprovado,1,0,1,2,1,1,2,1,1,2,2,2,1,2
1251,2660,GSI004,60,Aprovado,1,1,1,2,1,1,2,2,1,2,2,2,2,2
1252,2660,GSI004,15,Reprovado,1,1,1,2,1,1,2,2,1,2,2,2,2,2
1254,2380,GSI004,0,Reprovado,0,1,1,1,0,2,2,2,0,1,2,2,0,0
1255,2703,GSI004,60,Aprovado,1,1,1,2,1,1,2,2,1,2,2,2,2,2
1259,2562,GSI004,0,Reprovado,1,0,0,0,2,0,1,1,1,1,2,2,0,2
1260,2092,GSI004,89,Aprovado,1,1,1,0,0,1,2,2,1,2,2,2,1,1
1262,2599,GSI004,71,Aprovado,1,1,1,2,1,1,2,2,1,2,2,2,2,2
1275,2193,GSI004,98,Aprovado,1,1,1,1,1,1,2,2,1,2,2,2,1,1
1282,2051,GSI004,84,Aprovado,1,1,1,1,1,1,2,2,1,2,2,2,1,1
1284,2061,GSI004,71,Aprovado,1,1,1,1,2,1,2,2,1,2,2,2,1,1
1285,2061,GSI004,66,Aprovado,1,1,1,1,2,1,2,2,1,2,2,2,1,1
1288,1639,GSI004,8,Reprovado,1,1,1,1,1,2,2,2,1,1,2,2,1,2
1293,1910,GSI004,61,Aprovado,0,1,1,2,0,1,2,2,1,2,2,2,1,2
1294,1921,GSI004,67,Aprovado,1,1,1,2,1,1,2,2,1,2,2,2,1,2
1295,1921,GSI004,11,Reprovado,1,1,1,2,0,1,2,2,1,2,2,2,1,2
1297,1901,GSI004,73,Aprovado,1,1,1,2,1,1,2,1,1,2,2,2,1,2
1303,2193,GSI004,100,Aprovado,1,1,1,1,1,1,2,2,1,2,2,2,1,1
1305,2058,GSI004,9,Reprovado,1,0,1,1,2,0,2,2,0,2,2,2,0,0
1311,2283,GSI004,79,Aprovado,1,0,0,1,1,2,2,2,0,0,2,2,1,2
1317,1854,GSI004,82,Aprovado,1,1,1,2,1,1,2,1,1,2,2,2,1,2
1319,2599,GSI004,79,Aprovado,1,1,1,2,1,1,2,2,1,2,2,2,2,2
1321,2283,GSI004,100,Aprovado,1,1,1,1,1,2,2,2,1,1,2,2,1,2
1322,1921,GSI004,79,Aprovado,1,1,1,2,0,1,2,2,1,2,2,2,1,2
1323,1960,GSI004,60,Aprovado,1,1,1,1,1,1,2,2,1,2,2,2,1,1
1325,2174,GSI004,77,Aprovado,1,1,1,1,1,1,2,2,1,2,2,2,1,1
1326,1960,GSI004,60,Aprovado,1,1,1,1,1,1,2,2,1,2,2,2,1,1
1329,2642,GSI004,87,Aprovado,1,1,1,2,1,1,2,1,1,2,2,2,1,2
1330,1955,GSI004,68,Aprovado,1,1,1,2,1,1,2,2,1,2,2,2,1,2
1331,2411,GSI004,100,Aprovado,1,1,1,0,1,2,2,2,1,1,2,2,1,1
1332,2490,GSI004,25,Reprovado,1,1,1,2,1,1,2,1,1,2,2,2,1,2
1333,1921,GSI004,70,Aprovado,1,1,1,2,1,1,2,2,1,2,2,2,1,2
1334,2174,GSI004,0,Reprovado,1,0,0,0,0,0,2,2,0,2,2,2,0,1
1336,2153,GSI004,60,Aprovado,1,1,1,1,1,1,2,2,1,2,2,2,1,1
1338,2006,GSI004,60,Aprovado,1,1,1,1,1,0,2,2,1,2,2,2,1,1
1341,2703,GSI004,73,Aprovado,1,1,1,2,1,1,2,2,1,2,2,2,2,2
1342,2703,GSI004,70,Aprovado,1,1,1,2,1,1,2,2,1,2,2,2,2,2
1343,2592,GSI004,80,Aprovado,1,1,1,2,1,1,2,2,1,2,2,2,2,2
1344,2621,GSI004,81,Aprovado,1,1,1,2,1,2,2,2,1,2,2,2,2,2
1345,2558,GSI004,65,Aprovado,1,1,1,1,2,1,0,1,1,1,1,1,1,2
1347,2490,GSI004,38,Reprovado,1,1,1,2,1,1,2,1,1,2,2,2,1,2
1352,2660,GSI004,7,Reprovado,1,1,1,2,1,1,2,2,1,2,2,2,2,2
1354,2621,GSI004,75,Aprovado,1,1,1,2,1,2,2,2,1,2,2,2,2,2
1356,2494,GSI004,75,Aprovado,1,1,1,2,1,1,2,1,1,2,2,2,1,2
1357,2330,GSI004,64,Aprovado,1,1,2,1,1,2,1,2,1,1,2,2,1,1
1358,2330,GSI004,56,Reprovado,1,1,2,1,1,2,1,2,1,0,2,2,1,1
1365,1854,GSI004,81,Aprovado,1,1,1,2,1,1,2,1,1,2,2,2,1,2
1368,2723,GSI004,65,Aprovado,1,1,1,2,1,1,2,2,1,2,2,2,2,2
1370,2642,GSI004,63,Aprovado,1,1,1,2,1,1,2,1,1,2,2,2,1,2
1371,2330,GSI004,100,Aprovado,1,1,2,1,1,2,1,2,1,1,2,2,1,1
1377,1639,GSI004,0,Reprovado,1,1,1,1,1,2,2,2,1,1,2,2,1,2
1378,2058,GSI004,94,Aprovado,1,1,1,1,2,1,2,2,1,2,2,2,1,1
1379,2096,GSI004,4,Reprovado,1,0,1,0,0,0,2,2,0,2,2,2,0,1
1391,1967,GSI004,60,Aprovado,1,1,1,1,1,1,2,2,1,2,2,2,1,1
1396,1898,GSI004,66,Aprovado,1,0,1,2,1,0,2,1,1,2,2,2,1,2
1398,1854,GSI004,0,Reprovado,1,1,1,2,1,1,2,1,1,2,2,2,1,2
1403,2562,GSI004,0,Reprovado,1,0,0,0,2,0,1,1,1,1,2,2,1,2
1406,2167,GSI004,60,Aprovado,0,1,1,1,1,2,2,2,1,2,2,2,1,1
1408,1967,GSI004,84,Aprovado,1,1,1,1,1,1,2,2,1,2,2,2,1,1
1409,2027,GSI004,46,Reprovado,1,1,1,1,1,1,2,2,1,2,2,2,1,1
1416,2411,GSI004,66,Aprovado,0,1,1,1,0,2,2,2,0,1,2,2,1,0
1417,2494,GSI004,35,Reprovado,1,1,1,2,1,1,2,1,1,2,2,2,1,2
1420,2051,GSI004,70,Aprovado,1,0,1,1,1,1,2,2,1,2,2,2,1,1
1421,2061,GSI004,100,Aprovado,1,1,1,1,2,1,2,2,1,2,2,2,1,1
1426,2411,GSI004,28,Reprovado,0,0,0,0,0,2,2,2,0,0,2,2,0,0
1429,2380,GSI004,73,Aprovado,1,1,1,1,1,2,2,2,1,1,2,2,1,1
1431,2051,GSI004,75,Aprovado,1,1,1,1,1,1,2,2,1,2,2,2,1,1
1432,1967,GSI004,91,Aprovado,1,1,1,1,1,1,2,2,1,2,2,2,1,1
1433,1995,GSI004,2,Reprovado,1,1,1,1,1,1,2,2,0,2,2,2,1,0
1435,2409,GSI004,8,Reprovado,1,0,0,1,1,2,2,2,1,1,2,2,1,0
1437,2283,GSI004,96,Aprovado,1,1,1,1,1,2,2,2,1,1,2,2,1,2
1443,2703,GSI004,62,Aprovado,1,1,1,2,1,1,2,2,1,2,2,2,2,2
1444,2558,GSI004,90,Aprovado,1,1,1,1,2,1,1,1,1,1,1,1,0,2
1451,1906,GSI004,48,Reprovado,1,1,1,2,1,1,2,2,1,2,2,2,1,2
1452,1910,GSI004,51,Reprovado,1,1,1,2,1,1,2,2,1,2,2,2,1,2
1455,2409,GSI004,15,Reprovado,1,0,0,1,1,2,2,2,1,0,2,2,1,0
1456,1995,GSI004,84,Aprovado,1,1,1,1,1,1,2,2,1,2,2,2,1,1
1459,2006,GSI004,60,Aprovado,1,1,1,1,1,0,2,2,1,2,2,2,1,1
1463,2027,GSI004,77,Aprovado,1,1,1,1,1,1,2,2,1,2,2,2,1,1
1467,2096,GSI004,70,Aprovado,1,1,1,1,1,1,2,2,1,2,2,2,1,1
1468,2621,GSI004,42,Reprovado,1,1,1,2,1,2,2,2,1,2,2,2,2,2
1469,2364,GSI004,30,Reprovado,0,1,0,1,1,2,2,2,1,1,2,2,1,0
1470,1967,GSI004,60,Aprovado,1,1,0,1,1,1,2,2,1,2,2,2,1,1
1471,2051,GSI004,65,Aprovado,1,1,1,1,1,1,2,2,1,2,2,2,1,1
1472,2259,GSI004,60,Aprovado,1,1,1,1,1,2,2,2,1,1,2,2,1,2
1475,2193,GSI004,100,Aprovado,1,1,1,1,1,1,2,2,1,2,2,2,1,1
1477,2006,GSI004,37,Reprovado,1,1,1,1,1,1,2,2,1,2,2,2,1,1
1478,1910,GSI004,74,Aprovado,1,1,1,2,1,1,2,2,1,2,2,2,1,2
1487,2599,GSI004,88,Aprovado,1,1,1,2,1,1,2,2,1,2,2,2,2,2
1488,2506,GSI004,3,Reprovado,1,1,1,1,2,1,1,1,1,1,2,2,1,2
1489,2364,GSI004,27,Reprovado,0,1,0,1,1,2,2,2,1,1,2,2,1,0
1490,2167,GSI004,0,Reprovado,0,1,1,0,0,2,2,2,0,2,2,2,1,1
1494,1898,GSI004,60,Aprovado,1,1,1,2,1,1,2,1,1,2,2,2,1,2
1495,1898,GSI004,61,Aprovado,1,0,1,2,1,1,2,1,1,2,2,2,1,2
1496,1921,GSI004,79,Aprovado,1,1,1,2,1,1,2,2,1,2,2,2,1,2
1497,2723,GSI004,60,Aprovado,1,1,1,2,1,1,2,2,1,2,2,2,2,2
1500,1906,GSI004,71,Aprovado,1,1,1,2,1,1,2,2,1,2,2,2,1,2
1501,1910,GSI004,45,Reprovado,1,1,1,2,1,1,2,2,1,2,2,2,0,2
1507,2188,GSI004,100,Aprovado,1,1,1,1,1,2,2,2,1,2,2,2,1,1
1508,2051,GSI004,68,Aprovado,1,1,1,1,1,1,2,2,1,2,2,2,1,1
1509,2096,GSI004,0,Reprovado,1,0,0,0,0,0,2,2,0,2,2,2,0,1
1514,1910,GSI004,38,Reprovado,1,1,1,2,1,1,2,2,1,2,2,2,1,2
1516,1854,GSI004,60,Aprovado,1,1,1,2,1,1,2,1,1,2,2,2,1,2
1521,2592,GSI004,0,Reprovado,1,1,1,2,1,1,2,2,1,2,2,2,2,2
1524,2486,GSI004,0,Reprovado,1,1,0,0,2,0,1,1,0,1,2,2,0,2
1525,2486,GSI004,60,Aprovado,1,1,1,0,2,1,1,1,1,1,2,2,1,2
1526,2599,GSI004,73,Aprovado,1,1,1,2,1,1,2,2,1,2,2,2,2,2
1528,2490,GSI004,62,Aprovado,1,1,1,2,1,1,2,1,1,2,2,2,1,2
1530,2411,GSI004,31,Reprovado,1,1,1,1,1,2,2,2,1,1,2,2,1,1
1532,2411,GSI004,0,Reprovado,0,0,0,0,0,2,2,2,0,0,2,2,0,0
1534,2380,GSI004,0,Reprovado,1,1,1,1,1,2,2,2,1,1,2,2,1,1
1535,2058,GSI004,11,Reprovado,1,0,1,1,2,0,2,2,0,2,2,2,0,0
1537,2283,GSI004,6,Reprovado,1,0,0,0,0,2,2,2,0,0,2,2,0,2
1538,2096,GSI004,8,Reprovado,1,0,1,0,0,1,2,2,1,2,2,2,0,1
1540,2051,GSI004,52,Reprovado,1,0,1,1,1,1,2,2,1,2,2,2,1,1
1543,1960,GSI004,13,Reprovado,1,1,1,1,1,1,2,2,1,2,2,2,1,1
1544,1967,GSI004,52,Reprovado,1,1,1,1,1,1,2,2,1,2,2,2,1,1
1548,1967,GSI004,91,Aprovado,1,1,1,1,1,1,2,2,1,2,2,2,1,1
1549,1967,GSI004,60,Aprovado,1,1,1,1,1,1,2,2,1,2,2,2,1,1
1552,1910,GSI004,70,Aprovado,0,1,1,2,1,1,2,2,1,2,2,2,1,2
1555,1901,GSI004,1,Reprovado,1,0,1,2,1,0,2,0,0,2,2,2,0,2
1556,1898,GSI004,3,Reprovado,1,0,1,2,1,0,2,1,1,2,2,2,1,2
1561,2723,GSI004,72,Aprovado,1,1,1,2,1,1,2,2,1,2,2,2,2,2
1562,2723,GSI004,60,Aprovado,1,1,1,2,1,1,2,2,1,2,2,2,2,2
1565,2592,GSI004,82,Aprovado,1,1,1,2,1,1,2,2,1,2,2,2,2,2
1567,2409,GSI004,0,Reprovado,1,0,0,0,0,2,2,2,1,0,2,2,1,0
1568,2027,GSI004,22,Reprovado,1,1,1,1,1,1,2,2,1,2,2,2,1,0
1573,2153,GSI004,21,Reprovado,1,1,1,1,1,1,2,2,1,2,2,2,1,1
1574,2058,GSI004,40,Reprovado,1,1,1,1,2,1,2,2,0,2,2,2,1,1
1575,2592,GSI004,80,Aprovado,1,1,1,2,1,1,2,2,1,2,2,2,2,2
1576,2486,GSI004,0,Reprovado,0,1,0,0,2,0,1,1,0,1,2,2,0,2
1580,2688,GSI004,60,Aprovado,1,1,1,2,1,1,2,1,1,2,2,2,1,2
1584,1898,GSI004,15,Reprovado,1,0,1,2,1,0,2,1,1,2,2,2,1,2
1585,2174,GSI004,88,Aprovado,1,1,1,1,1,1,2,2,1,2,2,2,1,1
1588,2506,GSI004,2,Reprovado,0,1,1,1,2,1,1,1,1,1,2,2,1,2
1591,2599,GSI004,76,Aprovado,1,1,1,2,1,1,2,2,1,2,2,2,2,2
1594,1995,GSI004,3,Reprovado,1,1,1,1,1,1,2,2,0,2,2,2,1,0
1601,1639,GSI004,0,Reprovado,1,1,1,1,1,2,2,2,1,1,2,2,1,2
1608,2167,GSI004,0,Reprovado,0,1,1,0,0,2,2,2,0,2,2,2,1,1
1609,1901,GSI004,77,Aprovado,1,1,1,2,1,1,2,1,1,2,2,2,1,2
1611,2051,GSI004,10,Reprovado,1,0,1,1,1,0,2,2,0,2,2,2,0,0
1612,1955,GSI004,40,Reprovado,1,1,1,2,0,1,2,2,1,2,2,2,1,2
1613,2333,GSI004,0,Reprovado,0,0,2,0,0,2,0,2,0,0,2,2,0,0
1614,1906,GSI004,40,Reprovado,1,1,1,2,1,1,2,2,1,2,2,2,1,2
1615,1854,GSI004,66,Aprovado,1,1,1,2,1,1,2,1,1,2,2,2,1,2
1617,2642,GSI004,20,Reprovado,1,1,1,2,1,1,2,1,1,2,2,2,1,2
1620,2411,GSI004,11,Reprovado,1,0,0,0,0,2,2,2,0,0,2,2,0,0
1621,2558,GSI004,63,Aprovado,1,1,1,1,2,1,1,1,1,1,1,1,1,2
1622,1901,GSI004,18,Reprovado,1,1,1,2,1,1,2,0,0,2,2,2,0,2
1624,1901,GSI004,65,Aprovado,1,1,1,2,1,1,2,1,1,2,2,2,1,2
1625,2061,GSI004,29,Reprovado,1,1,1,1,2,0,2,2,1,2,2,2,0,1
1628,2153,GSI004,85,Aprovado,1,1,1,1,1,1,2,2,1,2,2,2,1,1
1630,2058,GSI004,86,Aprovado,1,0,1,1,2,1,2,2,1,2,2,2,1,1
1631,1898,GSI004,6,Reprovado,1,0,1,2,1,1,2,1,1,2,2,2,0,2
1643,1854,GSI004,82,Aprovado,1,1,1,2,1,1,2,1,1,2,2,2,1,2
1655,2660,GSI004,0,Reprovado,1,1,1,2,1,1,2,2,1,2,2,2,2,2
1656,2490,GSI004,69,Aprovado,1,1,1,2,1,1,2,1,1,2,2,2,1,2
1660,2558,GSI004,72,Aprovado,1,1,1,1,2,1,1,1,0,0,1,1,1,2
1661,2562,GSI004,64,Aprovado,1,1,1,1,2,1,1,1,1,1,2,2,1,2
1663,2409,GSI004,75,Aprovado,1,1,1,0,1,2,2,2,1,1,2,2,1,0
1666,2411,GSI004,78,Aprovado,1,1,0,1,1,2,2,2,1,0,2,2,1,0
1667,2409,GSI004,62,Aprovado,1,1,1,0,1,2,2,2,1,0,2,2,1,0
1669,2174,GSI004,16,Reprovado,0,0,0,0,0,0,2,2,1,2,2,2,1,1
1670,1639,GSI004,16,Reprovado,1,1,1,1,1,2,2,2,1,1,2,2,1,2
1674,2259,GSI004,62,Aprovado,0,1,1,1,1,2,2,2,1,1,2,2,1,2
1675,2333,GSI004,27,Reprovado,1,0,2,1,1,2,0,2,0,0,2,2,0,0
1679,2153,GSI004,63,Aprovado,1,1,1,1,1,1,2,2,1,2,2,2,1,1
1683,2051,GSI004,0,Reprovado,0,0,0,0,0,0,2,2,0,2,2,2,0,0
1684,2096,GSI004,98,Aprovado,1,1,1,1,1,1,2,2,1,2,2,2,1,1
1686,2092,GSI004,78,Aprovado,1,1,0,1,1,1,2,2,1,2,2,2,1,1
1687,1995,GSI004,36,Reprovado,1,1,1,1,1,1,2,2,0,2,2,2,1,1
1690,1898,GSI004,65,Aprovado,1,0,1,2,0,0,2,1,1,2,2,2,1,2
1691,1955,GSI004,90,Aprovado,1,1,1,2,1,1,2,2,1,2,2,2,1,2
1693,1898,GSI004,69,Aprovado,1,1,1,2,1,1,2,1,1,2,2,2,1,2
1697,2027,GSI004,70,Aprovado,1,1,1,1,1,1,2,2,1,2,2,2,1,1
1701,1910,GSI004,0,Reprovado,0,0,1,2,0,1,2,2,0,2,2,2,0,2
1702,1901,GSI004,64,Aprovado,1,1,1,2,1,1,2,1,1,2,2,2,1,2
1703,1901,GSI004,5,Reprovado,1,1,1,2,1,1,2,1,1,2,2,2,1,2
1838,1854,GSI004,37,Reprovado,1,1,1,2,1,1,2,1,1,2,2,2,1,2
1839,1854,GSI004,56,Reprovado,1,1,1,2,1,1,2,1,1,2,2,2,1,2
1840,1854,GSI004,5,Reprovado,1,1,1,2,1,1,2,1,1,2,2,2,1,2
1841,1854,GSI004,65,Aprovado,1,1,1,2,1,1,2,1,1,2,2,2,1,2
1842,1854,GSI004,60,Aprovado,1,1,1,2,1,1,2,1,1,2,2,2,1,2
1843,1854,GSI004,95,Aprovado,1,1,1,2,1,1,2,1,1,2,2,2,1,2
1844,1854,GSI004,60,Aprovado,1,1,1,2,1,1,2,1,1,2,2,2,1,2
1847,1854,GSI004,34,Reprovado,1,1,1,2,1,1,2,1,1,2,2,2,1,2
1848,1854,GSI004,60,Aprovado,1,1,1,2,1,1,2,1,1,2,2,2,1,2
1849,1854,GSI004,60,Aprovado,1,1,1,2,1,1,2,1,1,2,2,2,1,2
1850,1854,GSI004,91,Aprovado,1,1,1,2,1,1,2,1,1,2,2,2,1,2
1851,1854,GSI004,51,Reprovado,1,1,1,2,1,1,2,1,1,2,2,2,1,2
1852,1854,GSI004,82,Aprovado,1,1,1,2,1,1,2,1,1,2,2,2,1,2
1853,1854,GSI004,44,Reprovado,1,1,1,2,1,1,2,1,1,2,2,2,1,2
1854,1854,GSI004,76,Aprovado,1,1,1,2,1,1,2,1,1,2,2,2,1,2
1855,1854,GSI004,82,Aprovado,1,1,1,2,1,1,2,1,1,2,2,2,1,2
1856,1854,GSI004,53,Reprovado,1,1,1,2,1,1,2,1,1,2,2,2,1,2
1857,1854,GSI004,15,Reprovado,1,1,1,2,1,1,2,1,1,2,2,2,1,2
1858,1854,GSI004,60,Aprovado,1,1,1,2,1,1,2,1,1,2,2,2,1,2
1859,1854,GSI004,60,Aprovado,1,1,1,2,1,1,2,1,1,2,2,2,1,2
1860,1854,GSI004,70,Aprovado,1,1,1,2,1,1,2,1,1,2,2,2,1,2
1861,1854,GSI004,60,Aprovado,1,1,1,2,1,1,2,1,1,2,2,2,1,2
1862,1854,GSI004,60,Aprovado,1,1,1,2,1,1,2,1,1,2,2,2,1,2
1863,1854,GSI004,60,Aprovado,1,1,1,2,1,1,2,1,1,2,2,2,1,2
1864,1854,GSI004,72,Aprovado,1,1,1,2,1,1,2,1,1,2,2,2,1,2
1868,1854,GSI004,60,Aprovado,1,1,1,2,1,1,2,1,1,2,2,2,1,2
1869,1854,GSI004,50,Reprovado,1,1,1,2,1,1,2,1,1,2,2,2,1,2
1870,1854,GSI004,0,Reprovado,1,1,1,2,1,1,2,1,1,2,2,2,1,2
1871,1854,GSI004,22,Reprovado,1,1,1,2,1,1,2,1,1,2,2,2,1,2
1872,1854,GSI004,49,Reprovado,1,1,1,2,1,1,2,1,1,2,2,2,1,2
1873,1854,GSI004,82,Aprovado,1,1,1,2,1,1,2,1,1,2,2,2,1,2
1877,1854,GSI004,18,Reprovado,1,1,1,2,1,1,2,1,1,2,2,2,1,2
1886,2723,GSI004,78,Aprovado,1,1,1,2,1,1,2,2,1,2,2,2,2,2
1889,2703,GSI004,2,Reprovado,1,1,1,2,1,1,2,2,1,2,2,2,2,2
1890,2660,GSI004,0,Reprovado,1,1,1,2,1,1,2,2,1,2,2,2,2,2
1891,2723,GSI004,28,Reprovado,1,1,1,2,1,1,2,2,1,2,2,2,2,2
1892,2723,GSI004,71,Aprovado,1,1,1,2,1,1,2,2,1,2,2,2,2,2
1893,2723,GSI004,60,Aprovado,1,1,1,2,1,1,2,2,1,2,2,2,2,2
1894,2703,GSI004,60,Aprovado,1,1,1,2,1,1,2,2,1,2,2,2,2,2
1895,2723,GSI004,69,Aprovado,1,1,1,2,1,1,2,2,1,2,2,2,2,2
1898,2723,GSI004,65,Aprovado,1,1,1,2,1,1,2,2,1,2,2,2,2,2
1899,2723,GSI004,74,Aprovado,1,1,1,2,1,1,2,2,1,2,2,2,2,2
1900,2703,GSI004,2,Reprovado,1,1,1,2,1,1,2,2,1,2,2,2,2,2
1901,2723,GSI004,70,Aprovado,1,1,1,2,1,1,2,2,1,2,2,2,2,2
1902,2688,GSI004,60,Aprovado,1,1,1,2,1,1,2,1,1,2,2,2,1,2
1903,2723,GSI004,65,Aprovado,1,1,1,2,1,1,2,2,1,2,2,2,2,2
1904,2723,GSI004,68,Aprovado,1,1,1,2,1,1,2,2,1,2,2,2,2,2
1905,2723,GSI004,86,Aprovado,1,1,1,2,1,1,2,2,1,2,2,2,2,2
1906,2660,GSI004,0,Reprovado,1,1,1,2,1,1,2,2,1,2,2,2,2,2
1907,2703,GSI004,69,Aprovado,1,1,1,2,1,1,2,2,1,2,2,2,2,2
1908,2660,GSI004,73,Aprovado,1,1,1,2,1,1,2,2,1,2,2,2,2,2
1909,2723,GSI004,73,Aprovado,1,1,1,2,1,1,2,2,1,2,2,2,2,2
1910,2723,GSI004,60,Aprovado,1,1,1,2,1,1,2,2,1,2,2,2,2,2
1911,2723,GSI004,72,Aprovado,1,1,1,2,1,1,2,2,1,2,2,2,2,2
1912,2723,GSI004,60,Aprovado,1,1,1,2,1,1,2,2,1,2,2,2,2,2
1913,2703,GSI004,65,Aprovado,1,1,1,2,1,1,2,2,1,2,2,2,2,2
1914,2723,GSI004,15,Reprovado,1,1,1,2,1,1,2,2,1,2,2,2,2,2
1915,2723,GSI004,0,Reprovado,1,1,1,2,1,1,2,2,1,2,2,2,2,2
1917,2703,GSI004,2,Reprovado,1,1,1,2,1,1,2,2,1,2,2,2,2,2
1918,2723,GSI004,93,Aprovado,1,1,1,2,1,1,2,2,1,2,2,2,2,2
1920,2723,GSI004,69,Aprovado,1,1,1,2,1,1,2,2,1,2,2,2,2,2
1921,2723,GSI004,67,Aprovado,1,1,1,2,1,1,2,2,1,2,2,2,2,2
1922,2723,GSI004,60,Aprovado,1,1,1,2,1,1,2,2,1,2,2,2,2,2
1923,2660,GSI004,0,Reprovado,1,1,1,2,1,1,2,2,1,2,2,2,2,2
1928,2642,GSI004,23,Reprovado,1,1,1,2,1,1,2,1,1,2,2,2,1,2
1939,2703,GSI004,83,Aprovado,1,1,1,2,1,1,2,2,1,2,2,2,2,2
1940,2703,GSI004,69,Aprovado,1,1,1,2,1,1,2,2,1,2,2,2,2,2
1941,2688,GSI004,60,Aprovado,1,1,1,2,1,1,2,1,1,2,2,2,1,2
1948,2703,GSI004,68,Aprovado,1,1,1,2,1,1,2,2,1,2,2,2,2,2
1949,2703,GSI004,60,Aprovado,1,1,1,2,1,1,2,2,1,2,2,2,2,2
1950,2703,GSI004,100,Aprovado,1,1,1,2,1,1,2,2,1,2,2,2,2,2
1951,2703,GSI004,16,Reprovado,1,1,1,2,1,1,2,2,1,2,2,2,2,2
1952,2703,GSI004,79,Aprovado,1,1,1,2,1,1,2,2,1,2,2,2,2,2
1953,2703,GSI004,60,Aprovado,1,1,1,2,1,1,2,2,1,2,2,2,2,2
1954,2703,GSI004,60,Aprovado,1,1,1,2,1,1,2,2,1,2,2,2,2,2
1955,2703,GSI004,60,Aprovado,1,1,1,2,1,1,2,2,1,2,2,2,2,2
1956,2703,GSI004,62,Aprovado,1,1,1,2,1,1,2,2,1,2,2,2,2,2
1957,2703,GSI004,67,Aprovado,1,1,1,2,1,1,2,2,1,2,2,2,2,2
1958,2688,GSI004,63,Aprovado,1,1,1,2,1,1,2,1,1,2,2,2,1,2
1959,2703,GSI004,60,Aprovado,1,1,1,2,1,1,2,2,1,2,2,2,2,2
1960,2703,GSI004,60,Aprovado,1,1,1,2,1,1,2,2,1,2,2,2,2,2
1961,2703,GSI004,77,Aprovado,1,1,1,2,1,1,2,2,1,2,2,2,2,2
1962,2562,GSI004,0,Reprovado,1,0,0,0,2,0,1,1,1,1,2,2,0,2
1963,2703,GSI004,60,Aprovado,1,1,1,2,1,1,2,2,1,2,2,2,2,2
1964,2703,GSI004,60,Aprovado,1,1,1,2,1,1,2,2,1,2,2,2,2,2
1965,2703,GSI004,65,Aprovado,1,1,1,2,1,1,2,2,1,2,2,2,2,2
1968,2703,GSI004,62,Aprovado,1,1,1,2,1,1,2,2,1,2,2,2,2,2
1969,2703,GSI004,60,Aprovado,1,1,1,2,1,1,2,2,1,2,2,2,2,2
1970,2703,GSI004,68,Aprovado,1,1,1,2,1,1,2,2,1,2,2,2,2,2
1971,2703,GSI004,71,Aprovado,1,1,1,2,1,1,2,2,1,2,2,2,2,2
1972,2703,GSI004,64,Aprovado,1,1,1,2,1,1,2,2,1,2,2,2,2,2
1973,2703,GSI004,76,Aprovado,1,1,1,2,1,1,2,2,1,2,2,2,2,2
1974,2703,GSI004,67,Aprovado,1,1,1,2,1,1,2,2,1,2,2,2,2,2
1980,2660,GSI004,0,Reprovado,1,1,1,2,1,1,2,2,1,2,2,2,2,2
1981,2703,GSI004,65,Aprovado,1,1,1,2,1,1,2,2,1,2,2,2,2,2
1982,2660,GSI004,0,Reprovado,1,1,1,2,1,1,2,2,1,2,2,2,2,2
1989,2409,GSI004,0,Reprovado,1,0,0,0,0,2,2,2,1,0,2,2,1,0
1991,2660,GSI004,64,Aprovado,1,1,1,2,1,1,2,2,1,2,2,2,2,2
1992,2688,GSI004,71,Aprovado,1,1,1,2,1,1,2,1,1,2,2,2,1,2
1993,2688,GSI004,100,Aprovado,1,1,1,2,1,1,2,1,1,2,2,2,1,2
1994,2660,GSI004,92,Aprovado,1,1,1,2,1,1,2,2,1,2,2,2,2,2
2000,2660,GSI004,60,Aprovado,1,1,1,2,1,1,2,2,1,2,2,2,2,2
2001,2688,GSI004,60,Aprovado,1,1,1,2,1,1,2,1,1,2,2,2,1,2
2002,2621,GSI004,22,Reprovado,1,1,1,2,1,2,2,2,1,2,2,2,2,2
2003,2660,GSI004,76,Aprovado,1,1,1,2,1,1,2,2,1,2,2,2,2,2
2004,2621,GSI004,60,Aprovado,1,1,1,2,1,2,2,2,1,2,2,2,2,2
2005,2688,GSI004,67,Aprovado,1,1,1,2,1,1,2,1,1,2,2,2,1,2
2006,2660,GSI004,62,Aprovado,1,1,1,2,1,1,2,2,1,2,2,2,2,2
2007,2676,GSI004,60,Aprovado,1,1,1,2,1,1,2,1,1,2,2,2,1,2
2009,2688,GSI004,60,Aprovado,1,1,1,2,1,1,2,1,1,2,2,2,1,2
2010,2660,GSI004,60,Aprovado,1,1,1,2,1,1,2,2,1,2,2,2,2,2
2011,2660,GSI004,60,Aprovado,1,1,1,2,1,1,2,2,1,2,2,2,2,2
2012,2660,GSI004,60,Aprovado,1,1,1,2,1,1,2,2,1,2,2,2,2,2
2013,2660,GSI004,60,Aprovado,1,1,1,2,1,1,2,2,1,2,2,2,2,2
2015,2660,GSI004,13,Reprovado,1,1,1,2,1,1,2,2,1,2,2,2,2,2
2016,2676,GSI004,60,Aprovado,1,1,1,2,1,1,2,1,1,2,2,2,1,2
2017,2642,GSI004,65,Aprovado,1,1,1,2,1,1,2,1,1,2,2,2,1,2
2018,2660,GSI004,83,Aprovado,1,1,1,2,1,1,2,2,1,2,2,2,2,2
2019,2660,GSI004,60,Aprovado,1,1,1,2,1,1,2,2,1,2,2,2,2,2
2020,2660,GSI004,60,Aprovado,1,1,1,2,1,1,2,2,1,2,2,2,2,2
2021,2688,GSI004,60,Aprovado,1,1,1,2,1,1,2,1,1,2,2,2,1,2
2022,2688,GSI004,71,Aprovado,1,1,1,2,1,1,2,1,1,2,2,2,1,2
2023,2660,GSI004,60,Aprovado,1,1,1,2,1,1,2,2,1,2,2,2,2,2
2024,2676,GSI004,60,Aprovado,1,1,1,2,1,1,2,1,1,2,2,2,1,2
2025,2292,GSI004,97,Aprovado,1,1,1,1,1,2,2,2,1,2,2,2,1,1
2026,2592,GSI004,78,Aprovado,1,1,1,2,1,1,2,2,1,2,2,2,2,2
2029,2486,GSI004,0,Reprovado,1,1,0,0,2,0,1,1,0,1,2,2,0,2
2031,2660,GSI004,78,Aprovado,1,1,1,2,1,1,2,2,1,2,2,2,2,2
2032,2688,GSI004,0,Reprovado,1,1,1,2,1,1,2,1,1,2,2,2,1,2
2033,2506,GSI004,60,Aprovado,0,1,0,1,2,0,1,1,0,1,2,2,1,2
2034,2660,GSI004,60,Aprovado,1,1,1,2,1,1,2,2,1,2,2,2,2,2
2042,2562,GSI004,0,Reprovado,1,0,0,0,2,1,1,1,1,1,2,2,0,2
2051,2621,GSI004,22,Reprovado,1,1,1,2,1,2,2,2,1,2,2,2,2,2
2052,2562,GSI004,0,Reprovado,1,0,1,0,2,0,1,1,1,1,2,2,1,2
2059,2621,GSI004,0,Reprovado,1,1,1,2,1,2,2,2,1,2,2,2,2,2
2060,2621,GSI004,75,Aprovado,1,1,1,2,1,2,2,2,1,2,2,2,2,2
2061,2642,GSI004,77,Aprovado,1,1,1,2,1,1,2,1,1,2,2,2,1,2
2062,2642,GSI004,73,Aprovado,1,1,1,2,1,1,2,1,1,2,2,2,1,2
2063,2621,GSI004,0,Reprovado,1,1,1,2,1,2,2,2,1,2,2,2,2,2
2064,2621,GSI004,60,Aprovado,1,1,1,2,1,2,2,2,1,2,2,2,2,2
2065,2621,GSI004,44,Reprovado,1,1,1,2,1,2,2,2,1,2,2,2,2,2
2066,2486,GSI004,1,Reprovado,1,1,0,1,2,1,1,1,1,1,2,2,0,2
2067,2409,GSI004,10,Reprovado,1,1,0,0,0,2,2,2,1,0,2,2,1,0
2068,2562,GSI004,0,Reprovado,1,0,0,0,2,0,1,1,1,1,2,2,0,2
2069,2592,GSI004,60,Aprovado,1,1,1,2,1,1,2,2,1,2,2,2,2,2
2071,2621,GSI004,87,Aprovado,1,1,1,2,1,2,2,2,1,2,2,2,2,2
2072,2621,GSI004,80,Aprovado,1,1,1,2,1,2,2,2,1,2,2,2,2,2
2073,2621,GSI004,27,Reprovado,1,1,1,2,1,2,2,2,1,2,2,2,2,2
2074,2562,GSI004,68,Aprovado,1,1,1,1,2,1,1,1,1,1,2,2,1,2
2075,2621,GSI004,41,Reprovado,1,1,1,2,1,2,2,2,1,2,2,2,2,2
2076,2621,GSI004,73,Aprovado,1,1,1,2,1,2,2,2,1,2,2,2,2,2
2077,2642,GSI004,36,Reprovado,1,1,1,2,1,1,2,1,1,2,2,2,1,2
2078,2621,GSI004,79,Aprovado,1,1,1,2,1,2,2,2,1,2,2,2,2,2
2079,2592,GSI004,0,Reprovado,1,1,1,2,1,1,2,2,1,2,2,2,2,2
2080,2592,GSI004,60,Aprovado,1,1,1,2,1,1,2,2,1,2,2,2,2,2
2081,2592,GSI004,0,Reprovado,1,1,1,2,1,1,2,2,1,2,2,2,2,2
2082,2621,GSI004,34,Reprovado,1,1,1,2,1,2,2,2,1,2,2,2,2,2
2083,2562,GSI004,0,Reprovado,1,0,0,0,2,0,1,1,1,1,2,2,0,2
2084,2642,GSI004,79,Aprovado,1,1,1,2,1,1,2,1,1,2,2,2,1,2
2088,2621,GSI004,75,Aprovado,1,1,1,2,1,2,2,2,1,2,2,2,2,2
2089,2167,GSI004,90,Aprovado,0,1,1,1,1,2,2,2,1,2,2,2,1,1
2090,2330,GSI004,69,Aprovado,1,1,2,1,1,2,1,2,1,1,2,2,1,1
2091,2562,GSI004,0,Reprovado,1,0,0,0,2,0,1,1,1,1,2,2,0,2
2092,2642,GSI004,81,Aprovado,1,1,1,2,1,1,2,1,1,2,2,2,1,2
2093,2592,GSI004,45,Reprovado,1,1,1,2,1,1,2,2,1,2,2,2,2,2
2100,2599,GSI004,72,Aprovado,1,1,1,2,1,1,2,2,1,2,2,2,2,2
2101,2599,GSI004,60,Aprovado,1,1,1,2,1,1,2,2,1,2,2,2,2,2
2102,2621,GSI004,81,Aprovado,1,1,1,2,1,2,2,2,1,2,2,2,2,2
2107,2621,GSI004,35,Reprovado,1,1,1,2,1,2,2,2,1,2,2,2,2,2
2108,2599,GSI004,79,Aprovado,1,1,1,2,1,1,2,2,1,2,2,2,2,2
2109,2621,GSI004,0,Reprovado,1,1,1,2,1,2,2,2,1,2,2,2,2,2
2125,2599,GSI004,83,Aprovado,1,1,1,2,1,1,2,2,1,2,2,2,2,2
2128,2599,GSI004,43,Reprovado,1,1,1,2,1,1,2,2,1,2,2,2,2,2
2129,2599,GSI004,65,Aprovado,1,1,1,2,1,1,2,2,1,2,2,2,2,2
2130,2599,GSI004,90,Aprovado,1,1,1,2,1,1,2,2,1,2,2,2,2,2
2131,2599,GSI004,61,Aprovado,1,1,1,2,1,1,2,2,1,2,2,2,2,2
2132,2599,GSI004,73,Aprovado,1,1,1,2,1,1,2,2,1,2,2,2,2,2
2133,2599,GSI004,80,Aprovado,1,1,1,2,1,1,2,2,1,2,2,2,2,2
2134,2380,GSI004,0,Reprovado,1,1,1,1,1,2,2,2,0,1,2,2,0,0
2135,2599,GSI004,30,Reprovado,1,1,1,2,1,1,2,2,1,2,2,2,2,2
2137,2599,GSI004,75,Aprovado,1,1,1,2,1,1,2,2,1,2,2,2,2,2
2138,2599,GSI004,72,Aprovado,1,1,1,2,1,1,2,2,1,2,2,2,2,2
2139,2592,GSI004,73,Aprovado,1,1,1,2,1,1,2,2,1,2,2,2,2,2
2140,2409,GSI004,0,Reprovado,1,0,0,0,0,2,2,2,1,0,2,2,1,0
2141,2486,GSI004,0,Reprovado,1,1,0,1,2,0,1,1,1,1,2,2,1,2
2142,2599,GSI004,63,Aprovado,1,1,1,2,1,1,2,2,1,2,2,2,2,2
2143,2599,GSI004,78,Aprovado,1,1,1,2,1,1,2,2,1,2,2,2,2,2
2144,2599,GSI004,0,Reprovado,1,1,1,2,1,1,2,2,1,2,2,2,2,2
2145,2592,GSI004,63,Aprovado,1,1,1,2,1,1,2,2,1,2,2,2,2,2
2146,2592,GSI004,82,Aprovado,1,1,1,2,1,1,2,2,1,2,2,2,2,2
2147,2592,GSI004,74,Aprovado,1,1,1,2,1,1,2,2,1,2,2,2,2,2
2148,2562,GSI004,0,Reprovado,1,0,0,0,2,0,1,1,1,1,2,2,0,2
2149,2592,GSI004,69,Aprovado,1,1,1,2,1,1,2,2,1,2,2,2,2,2
2150,2592,GSI004,78,Aprovado,1,1,1,2,1,1,2,2,1,2,2,2,2,2
2151,2592,GSI004,60,Aprovado,1,1,1,2,1,1,2,2,1,2,2,2,2,2
2153,2599,GSI004,79,Aprovado,1,1,1,2,1,1,2,2,1,2,2,2,2,2
2157,2562,GSI004,24,Reprovado,1,1,1,1,2,1,1,1,1,1,2,2,1,2
2161,2592,GSI004,61,Aprovado,1,1,1,2,1,1,2,2,1,2,2,2,2,2
2164,2558,GSI004,83,Aprovado,1,1,1,1,2,1,0,1,1,1,1,1,1,2
2165,2558,GSI004,12,Reprovado,0,1,1,1,2,1,0,1,1,1,1,1,0,2
2166,2486,GSI004,0,Reprovado,0,1,0,0,2,0,1,1,0,1,2,2,0,2
2167,2506,GSI004,0,Reprovado,0,1,0,1,2,0,1,1,0,1,2,2,1,2
2178,2486,GSI004,0,Reprovado,0,1,0,0,2,0,1,1,0,1,2,2,0,2
2179,2562,GSI004,0,Reprovado,1,0,0,1,2,0,1,1,1,1,2,2,0,2
2180,2562,GSI004,84,Aprovado,1,1,1,1,2,1,1,1,1,1,2,2,1,2
2181,2562,GSI004,0,Reprovado,1,0,1,1,2,0,1,1,1,1,2,2,0,2
2187,2486,GSI004,0,Reprovado,0,1,0,0,2,0,1,1,0,1,2,2,0,2
2188,2292,GSI004,100,Aprovado,1,1,1,1,1,2,2,2,1,2,2,2,1,1
2189,2558,GSI004,13,Reprovado,0,1,1,1,2,1,1,1,1,1,1,1,1,2
2190,2409,GSI004,15,Reprovado,1,1,1,1,1,2,2,2,1,1,2,2,1,0
2191,2193,GSI004,84,Aprovado,1,1,1,1,1,1,2,2,1,2,2,2,1,0
2192,2506,GSI004,0,Reprovado,0,1,1,1,2,1,1,1,1,1,2,2,1,2
2193,2558,GSI004,79,Aprovado,1,1,1,1,2,1,1,1,1,1,1,1,0,2
2194,2167,GSI004,86,Aprovado,1,1,1,1,1,2,2,2,1,2,2,2,1,1
2195,2486,GSI004,0,Reprovado,1,1,1,1,2,1,1,1,1,1,2,2,0,2
2197,2330,GSI004,70,Aprovado,1,1,2,1,1,2,1,2,1,1,2,2,1,1
2198,2562,GSI004,0,Reprovado,1,0,0,0,2,0,1,1,1,1,2,2,0,2
2199,2051,GSI004,65,Aprovado,1,0,1,1,1,1,2,2,1,2,2,2,1,1
2200,2558,GSI004,19,Reprovado,0,1,0,1,2,1,0,0,0,0,0,0,0,2
2201,2558,GSI004,12,Reprovado,1,1,1,1,2,1,1,0,1,1,1,1,1,2
2202,2558,GSI004,85,Aprovado,1,1,1,1,2,1,1,1,1,1,1,1,1,2
2203,2364,GSI004,78,Aprovado,1,0,0,1,0,2,2,2,1,1,2,2,1,0
2204,2558,GSI004,13,Reprovado,0,1,0,1,2,1,0,0,1,1,1,1,1,2
2222,2490,GSI004,6,Reprovado,1,1,1,2,1,1,2,1,1,2,2,2,1,2
2229,2333,GSI004,0,Reprovado,1,0,2,0,0,2,0,2,0,0,2,2,0,0
2230,2490,GSI004,84,Aprovado,1,1,1,2,1,1,2,1,1,2,2,2,1,2
2232,2490,GSI004,2,Reprovado,1,1,1,2,1,1,2,1,1,2,2,2,1,2
2233,2494,GSI004,45,Reprovado,1,1,1,2,1,1,2,1,1,2,2,2,1,2
2235,2051,GSI004,0,Reprovado,0,0,0,0,0,0,2,2,0,2,2,2,0,0
2236,2490,GSI004,65,Aprovado,1,1,1,2,1,1,2,1,1,2,2,2,1,2
2238,2061,GSI004,75,Aprovado,1,1,1,1,2,1,2,2,1,2,2,2,1,1
2239,2494,GSI004,12,Reprovado,1,1,1,2,1,1,2,1,1,2,2,2,1,2
2240,2506,GSI004,60,Aprovado,1,1,1,1,2,1,1,1,1,1,2,2,1,2
2241,2409,GSI004,6,Reprovado,1,0,0,0,1,2,2,2,1,0,2,2,1,0
2243,2490,GSI004,74,Aprovado,1,1,1,2,1,1,2,1,1,2,2,2,1,2
2244,2490,GSI004,76,Aprovado,1,1,1,2,1,1,2,1,1,2,2,2,1,2
2245,2490,GSI004,35,Reprovado,1,1,1,2,1,1,2,1,1,2,2,2,1,2
2246,2380,GSI004,20,Reprovado,0,1,1,1,1,2,2,2,0,1,2,2,1,0
2247,2494,GSI004,60,Aprovado,1,1,1,2,1,1,2,1,1,2,2,2,1,2
2250,2333,GSI004,60,Aprovado,1,1,2,0,0,2,1,2,0,1,2,2,1,1
2251,2292,GSI004,83,Aprovado,1,1,1,1,1,2,2,2,1,2,2,2,1,1
2252,1639,GSI004,5,Reprovado,1,1,1,1,1,2,2,2,1,1,2,2,1,2
2253,2494,GSI004,60,Aprovado,1,1,1,2,1,1,2,1,1,2,2,2,1,2
2259,2330,GSI004,84,Aprovado,1,1,2,1,1,2,1,2,1,0,2,2,1,1
2262,2494,GSI004,61,Aprovado,1,1,1,2,1,1,2,1,1,2,2,2,1,2
2263,2506,GSI004,12,Reprovado,1,1,1,1,2,1,1,1,1,1,2,2,1,2
2264,2167,GSI004,0,Reprovado,0,1,1,0,0,2,2,2,0,2,2,2,1,1
2272,2494,GSI004,0,Reprovado,1,1,1,2,1,1,2,1,1,2,2,2,1,2
2273,2409,GSI004,16,Reprovado,1,0,0,1,1,2,2,2,1,1,2,2,1,0
2274,2490,GSI004,0,Reprovado,1,1,1,2,1,1,2,1,1,2,2,2,1,2
2276,2494,GSI004,85,Aprovado,1,1,1,2,1,1,2,1,1,2,2,2,1,2
2277,2494,GSI004,61,Aprovado,1,1,1,2,1,1,2,1,1,2,2,2,1,2
2278,2494,GSI004,60,Aprovado,1,1,1,2,1,1,2,1,1,2,2,2,1,2
2279,2494,GSI004,66,Aprovado,1,1,1,2,1,1,2,1,1,2,2,2,1,2
2280,2259,GSI004,33,Reprovado,1,0,0,1,1,2,2,2,1,1,2,2,1,2
2281,2167,GSI004,95,Aprovado,0,1,1,0,0,2,2,2,1,2,2,2,1,1
2282,2411,GSI004,60,Aprovado,1,1,1,1,1,2,2,2,1,1,2,2,1,1
2284,2411,GSI004,0,Reprovado,0,0,0,0,0,2,2,2,0,0,2,2,0,0
2287,2167,GSI004,8,Reprovado,0,1,1,1,1,2,2,2,0,2,2,2,1,1
2288,2409,GSI004,81,Aprovado,1,1,1,1,1,2,2,2,1,1,2,2,1,0
2290,2292,GSI004,70,Aprovado,1,0,1,1,1,2,2,2,1,2,2,2,1,1
2293,2409,GSI004,61,Aprovado,1,1,1,0,1,2,2,2,1,0,2,2,1,1
2294,2411,GSI004,100,Aprovado,1,1,1,1,1,2,2,2,1,1,2,2,1,1
2298,2259,GSI004,87,Aprovado,1,1,1,0,1,2,2,2,1,1,2,2,1,2
2303,2411,GSI004,82,Aprovado,1,1,1,1,1,2,2,2,1,1,2,2,1,1
2304,2411,GSI004,16,Reprovado,1,0,0,1,0,2,2,2,0,0,2,2,0,0
2305,2411,GSI004,11,Reprovado,1,0,0,1,0,2,2,2,0,0,2,2,0,0
2312,2411,GSI004,77,Aprovado,1,1,0,1,1,2,2,2,0,0,2,2,1,0
2313,2411,GSI004,36,Reprovado,1,1,1,1,1,2,2,2,1,1,2,2,1,0
2314,2292,GSI004,67,Aprovado,0,0,1,1,1,2,2,2,1,2,2,2,1,1
2315,2167,GSI004,22,Reprovado,0,1,1,1,1,2,2,2,0,2,2,2,1,1
2316,2411,GSI004,0,Reprovado,1,0,0,1,0,2,2,2,1,0,2,2,1,0
2317,2411,GSI004,0,Reprovado,0,0,0,0,0,2,2,2,0,0,2,2,0,0
2318,2411,GSI004,23,Reprovado,1,0,1,1,0,2,2,2,1,0,2,2,1,0
2319,2292,GSI004,32,Reprovado,0,0,0,1,0,2,2,2,0,2,2,2,0,0
2320,2411,GSI004,87,Aprovado,1,1,1,1,1,2,2,2,1,1,2,2,1,1
2321,2409,GSI004,84,Aprovado,1,1,1,1,1,2,2,2,1,1,2,2,1,1
2322,2409,GSI004,67,Aprovado,1,1,1,1,1,2,2,2,1,1,2,2,1,0
2323,2409,GSI004,16,Reprovado,1,1,1,1,1,2,2,2,1,1,2,2,1,1
2324,2292,GSI004,100,Aprovado,1,1,1,1,1,2,2,2,1,2,2,2,1,1
2325,2380,GSI004,67,Aprovado,1,1,1,1,1,2,2,2,1,1,2,2,1,0
2326,2409,GSI004,78,Aprovado,1,1,1,1,1,2,2,2,1,1,2,2,1,0
2327,2364,GSI004,71,Aprovado,0,1,1,1,1,2,2,2,1,1,2,2,1,1
2328,1995,GSI004,60,Aprovado,1,1,1,1,1,1,2,2,1,2,2,2,1,1
2329,2411,GSI004,60,Aprovado,1,1,1,1,0,2,2,2,1,1,2,2,1,0
2330,1955,GSI004,75,Aprovado,1,1,1,2,1,1,2,2,1,2,2,2,0,2
2331,2411,GSI004,61,Aprovado,0,1,1,1,0,2,2,2,1,1,2,2,1,1
2334,2409,GSI004,14,Reprovado,1,0,1,1,0,2,2,2,1,0,2,2,1,0
2335,2364,GSI004,60,Aprovado,0,1,1,1,1,2,2,2,1,1,2,2,1,0
2336,1639,GSI004,0,Reprovado,1,1,1,1,1,2,2,2,1,1,2,2,1,2
2337,2409,GSI004,16,Reprovado,1,0,0,1,1,2,2,2,1,0,2,2,1,0
2338,2409,GSI004,81,Aprovado,1,1,1,1,1,2,2,2,1,1,2,2,1,1
2342,2364,GSI004,1,Reprovado,0,0,0,1,0,2,2,2,0,0,2,2,1,0
2345,2411,GSI004,78,Aprovado,0,1,1,1,1,2,2,2,1,0,2,2,1,1
2347,2259,GSI004,0,Reprovado,0,0,0,0,0,2,2,2,0,0,2,2,0,2
2357,2364,GSI004,0,Reprovado,1,0,0,0,0,2,2,2,0,0,2,2,0,0
2358,2364,GSI004,10,Reprovado,0,0,0,0,0,2,2,2,0,1,2,2,1,0
2359,2096,GSI004,0,Reprovado,0,0,1,0,0,0,2,2,0,2,2,2,0,1
2360,2364,GSI004,100,Aprovado,1,1,0,1,1,2,2,2,1,1,2,2,1,0
2361,2364,GSI004,20,Reprovado,0,0,0,1,0,2,2,2,0,0,2,2,0,0
2362,2364,GSI004,0,Reprovado,0,0,0,0,0,2,2,2,0,0,2,2,0,0
2367,2364,GSI004,85,Aprovado,1,1,0,1,1,2,2,2,1,0,2,2,1,0
2368,2364,GSI004,89,Aprovado,0,1,1,1,1,2,2,2,1,0,2,2,1,0
2369,2364,GSI004,68,Aprovado,0,1,1,1,1,2,2,2,1,1,2,2,1,0
2370,2167,GSI004,71,Aprovado,1,1,1,1,1,2,2,2,1,2,2,2,1,1
2372,2333,GSI004,72,Aprovado,1,1,2,1,1,2,1,2,1,1,2,2,1,1
2373,2193,GSI004,70,Aprovado,1,1,0,0,0,1,2,2,1,2,2,2,1,0
2375,2380,GSI004,60,Aprovado,1,1,1,1,1,2,2,2,1,1,2,2,1,1
2376,2167,GSI004,61,Aprovado,0,1,1,1,1,2,2,2,1,2,2,2,1,1
2377,2283,GSI004,65,Aprovado,1,1,1,1,1,2,2,2,1,0,2,2,1,2
2378,2380,GSI004,20,Reprovado,1,1,1,1,1,2,2,2,1,1,2,2,1,0
2379,2380,GSI004,60,Aprovado,1,1,1,1,1,2,2,2,1,1,2,2,1,1
2380,2380,GSI004,24,Reprovado,1,1,1,1,1,2,2,2,1,1,2,2,1,0
2382,2167,GSI004,30,Reprovado,1,1,1,1,1,2,2,2,0,2,2,2,1,1
2383,2380,GSI004,0,Reprovado,1,1,1,1,0,2,2,2,0,1,2,2,1,0
2384,2292,GSI004,0,Reprovado,1,0,0,1,0,2,2,2,0,2,2,2,0,0
2385,2364,GSI004,0,Reprovado,1,1,1,1,1,2,2,2,1,1,2,2,1,1
2386,2364,GSI004,54,Reprovado,0,1,1,1,1,2,2,2,0,1,2,2,1,0
2388,2380,GSI004,0,Reprovado,1,1,1,1,0,2,2,2,0,1,2,2,0,0
2389,2380,GSI004,30,Reprovado,1,1,1,1,1,2,2,2,0,1,2,2,1,1
2393,2364,GSI004,60,Aprovado,0,1,0,1,1,2,2,2,1,0,2,2,1,1
2404,2364,GSI004,23,Reprovado,1,1,1,1,1,2,2,2,1,0,2,2,1,1
2406,2364,GSI004,0,Reprovado,0,1,1,1,1,2,2,2,1,1,2,2,1,0
2407,2333,GSI004,100,Aprovado,1,1,2,1,1,2,1,2,1,1,2,2,1,1
2409,2333,GSI004,100,Aprovado,1,1,2,1,1,2,1,2,1,1,2,2,1,0
2410,2292,GSI004,0,Reprovado,0,0,0,0,0,2,2,2,0,2,2,2,0,0
2411,2333,GSI004,94,Aprovado,1,0,2,1,1,2,0,2,0,1,2,2,1,1
2412,2333,GSI004,74,Aprovado,1,1,2,1,1,2,1,2,1,1,2,2,1,0
2423,2333,GSI004,16,Reprovado,1,0,2,1,0,2,0,2,0,0,2,2,0,0
2424,2259,GSI004,0,Reprovado,0,0,0,1,1,2,2,2,0,0,2,2,0,2
2425,2153,GSI004,67,Aprovado,1,1,1,1,1,1,2,2,1,2,2,2,1,1
2426,2259,GSI004,29,Reprovado,1,0,0,1,1,2,2,2,0,1,2,2,1,2
2433,2167,GSI004,23,Reprovado,1,1,1,1,1,2,2,2,0,2,2,2,1,1
2434,2330,GSI004,8,Reprovado,1,1,2,1,1,2,1,2,1,1,2,2,1,1
2435,2167,GSI004,60,Aprovado,1,1,1,1,1,2,2,2,1,2,2,2,1,1
2436,2292,GSI004,62,Aprovado,0,0,0,1,0,2,2,2,1,2,2,2,1,1
2437,2330,GSI004,81,Aprovado,1,1,2,1,1,2,1,2,1,1,2,2,1,1
2438,2027,GSI004,7,Reprovado,1,1,1,1,1,1,2,2,0,2,2,2,1,0
2439,2292,GSI004,77,Aprovado,1,1,1,1,1,2,2,2,1,2,2,2,1,1
2440,2333,GSI004,63,Aprovado,1,1,2,1,1,2,1,2,1,1,2,2,1,1
2441,2167,GSI004,72,Aprovado,1,1,1,1,1,2,2,2,1,2,2,2,1,1
2445,1639,GSI004,7,Reprovado,1,1,1,1,1,2,2,2,1,1,2,2,1,2
2446,2330,GSI004,11,Reprovado,1,1,2,1,1,2,1,2,1,0,2,2,1,1
2447,2259,GSI004,0,Reprovado,0,1,1,1,1,2,2,2,1,1,2,2,1,2
2448,2167,GSI004,22,Reprovado,0,1,1,1,1,2,2,2,0,2,2,2,1,1
2449,2292,GSI004,67,Aprovado,0,1,1,1,0,2,2,2,0,2,2,2,1,1
2450,2292,GSI004,1,Reprovado,1,0,0,0,0,2,2,2,0,2,2,2,0,0
2452,2167,GSI004,8,Reprovado,0,1,1,1,0,2,2,2,0,2,2,2,1,1
2454,2333,GSI004,1,Reprovado,1,0,2,1,0,2,0,2,0,0,2,2,0,0
2456,2333,GSI004,28,Reprovado,1,0,2,1,1,2,1,2,0,1,2,2,1,0
2457,2333,GSI004,78,Aprovado,1,1,2,1,1,2,0,2,1,1,2,2,1,1
2460,2333,GSI004,3,Reprovado,1,0,2,1,1,2,1,2,0,1,2,2,1,0
2464,2330,GSI004,94,Aprovado,1,1,2,1,1,2,1,2,1,1,2,2,1,1
2467,2333,GSI004,25,Reprovado,1,1,2,1,1,2,0,2,1,1,2,2,1,0
2468,2292,GSI004,0,Reprovado,0,0,0,0,0,2,2,2,0,2,2,2,0,0
2469,2259,GSI004,100,Aprovado,1,1,0,1,1,2,2,2,1,1,2,2,1,2
2470,2283,GSI004,16,Reprovado,1,0,0,1,1,2,2,2,0,1,2,2,0,2
2471,2292,GSI004,82,Aprovado,1,1,1,1,1,2,2,2,1,2,2,2,1,1
2472,2259,GSI004,0,Reprovado,1,0,0,1,1,2,2,2,1,1,2,2,1,2
2481,2051,GSI004,39,Reprovado,1,1,1,1,1,0,2,2,1,2,2,2,1,0
2482,2259,GSI004,65,Aprovado,1,1,1,1,1,2,2,2,1,1,2,2,1,2
2483,2259,GSI004,69,Aprovado,1,0,0,1,1,2,2,2,1,1,2,2,1,2
2484,2167,GSI004,61,Aprovado,1,1,1,1,1,2,2,2,1,2,2,2,1,1
2485,2259,GSI004,80,Aprovado,1,1,1,1,1,2,2,2,1,1,2,2,1,2
2486,2259,GSI004,78,Aprovado,1,1,0,1,1,2,2,2,1,1,2,2,1,2
2487,2259,GSI004,76,Aprovado,1,1,1,1,1,2,2,2,1,1,2,2,1,2
2494,2283,GSI004,77,Aprovado,1,1,0,1,1,2,2,2,1,1,2,2,1,2
2495,2283,GSI004,97,Aprovado,1,1,1,1,1,2,2,2,1,1,2,2,1,2
2496,2283,GSI004,100,Aprovado,1,1,1,1,1,2,2,2,1,1,2,2,1,2
2497,2283,GSI004,100,Aprovado,1,1,1,1,1,2,2,2,1,1,2,2,1,2
2498,2283,GSI004,24,Reprovado,1,0,0,0,0,2,2,2,0,0,2,2,0,2
2499,2259,GSI004,73,Aprovado,1,1,1,1,1,2,2,2,1,1,2,2,1,2
2500,2259,GSI004,49,Reprovado,1,1,1,1,1,2,2,2,1,1,2,2,1,2
2501,2259,GSI004,91,Aprovado,1,1,1,1,1,2,2,2,1,1,2,2,1,2
2502,2153,GSI004,11,Reprovado,1,1,1,0,0,1,2,2,1,2,2,2,1,1
2503,2283,GSI004,60,Aprovado,1,0,1,1,1,2,2,2,1,1,2,2,1,2
2505,1639,GSI004,7,Reprovado,1,1,1,1,1,2,2,2,1,1,2,2,1,2
2506,2188,GSI004,67,Aprovado,1,1,0,0,0,2,2,2,1,2,2,2,1,0
2507,1639,GSI004,13,Reprovado,1,1,1,1,1,2,2,2,1,1,2,2,1,2
2508,2167,GSI004,0,Reprovado,0,1,1,0,0,2,2,2,0,2,2,2,1,1
2509,2283,GSI004,51,Reprovado,1,1,0,1,1,2,2,2,1,1,2,2,1,2
2510,2283,GSI004,50,Reprovado,1,1,1,1,1,2,2,2,1,1,2,2,1,2
2511,2167,GSI004,1,Reprovado,0,1,1,1,0,2,2,2,0,2,2,2,1,1
2512,2259,GSI004,80,Aprovado,1,1,1,1,1,2,2,2,1,1,2,2,1,2
2513,2292,GSI004,52,Reprovado,1,0,0,1,1,2,2,2,0,2,2,2,1,0
2515,2188,GSI004,43,Reprovado,1,1,0,0,0,2,2,2,1,2,2,2,1,1
2516,2193,GSI004,79,Aprovado,1,1,1,1,1,1,2,2,1,2,2,2,1,1
2517,2283,GSI004,3,Reprovado,1,0,0,1,1,2,2,2,1,0,2,2,0,2
2518,2283,GSI004,16,Reprovado,1,1,0,1,1,2,2,2,1,1,2,2,1,2
2519,2283,GSI004,87,Aprovado,1,1,1,1,1,2,2,2,1,1,2,2,1,2
2520,2188,GSI004,0,Reprovado,0,0,0,0,0,2,2,2,1,2,2,2,0,0
2525,2259,GSI004,22,Reprovado,1,0,0,1,1,2,2,2,0,1,2,2,1,2
2526,2259,GSI004,60,Aprovado,1,1,1,1,1,2,2,2,1,1,2,2,1,2
2527,2259,GSI004,71,Aprovado,1,1,1,1,1,2,2,2,1,1,2,2,1,2
2528,2259,GSI004,25,Reprovado,1,0,0,0,0,2,2,2,0,1,2,2,1,2
2530,1639,GSI004,0,Reprovado,1,1,1,1,1,2,2,2,1,1,2,2,1,2
2532,2167,GSI004,27,Reprovado,0,1,1,0,0,2,2,2,0,2,2,2,1,1
2533,1639,GSI004,3,Reprovado,1,1,1,1,1,2,2,2,1,1,2,2,1,2
2534,2188,GSI004,0,Reprovado,0,0,0,0,0,2,2,2,1,2,2,2,0,0
2538,2188,GSI004,88,Aprovado,1,1,1,1,1,2,2,2,1,2,2,2,1,1
2540,1995,GSI004,2,Reprovado,1,1,1,1,1,1,2,2,0,2,2,2,1,0
2541,2188,GSI004,81,Aprovado,1,1,0,0,0,2,2,2,1,2,2,2,1,0
2547,2193,GSI004,100,Aprovado,1,1,1,1,1,1,2,2,1,2,2,2,1,1
2548,2153,GSI004,60,Aprovado,1,1,1,1,1,1,2,2,1,2,2,2,1,1
2549,2188,GSI004,93,Aprovado,1,1,1,1,1,2,2,2,1,2,2,2,1,1
2550,2188,GSI004,100,Aprovado,1,1,0,1,1,2,2,2,1,2,2,2,1,1
2552,2188,GSI004,95,Aprovado,1,1,1,1,1,2,2,2,1,2,2,2,1,0
2553,2188,GSI004,95,Aprovado,1,1,1,1,1,2,2,2,1,2,2,2,1,1
2554,2188,GSI004,76,Aprovado,1,1,1,1,1,2,2,2,1,2,2,2,1,1
2555,2167,GSI004,100,Aprovado,1,1,1,1,1,2,2,2,1,2,2,2,1,1
2557,1901,GSI004,71,Aprovado,1,1,1,2,1,1,2,1,1,2,2,2,1,2
2563,2167,GSI004,12,Reprovado,0,1,1,1,1,2,2,2,0,2,2,2,1,1
2570,2096,GSI004,2,Reprovado,1,0,1,0,0,0,2,2,1,2,2,2,0,1
2571,2167,GSI004,0,Reprovado,0,1,1,0,0,2,2,2,0,2,2,2,1,1
2572,2193,GSI004,91,Aprovado,1,1,1,1,1,1,2,2,1,2,2,2,1,1
2573,2193,GSI004,62,Aprovado,1,1,1,1,1,1,2,2,1,2,2,2,1,0
2574,2167,GSI004,88,Aprovado,0,1,1,1,1,2,2,2,1,2,2,2,1,1
2575,2193,GSI004,94,Aprovado,1,1,0,0,0,1,2,2,1,2,2,2,1,1
2577,1639,GSI004,30,Reprovado,1,1,1,1,1,2,2,2,1,1,2,2,1,2
2578,2193,GSI004,0,Reprovado,1,1,0,0,0,1,2,2,1,2,2,2,1,0
2579,2193,GSI004,0,Reprovado,0,0,1,0,0,1,2,2,1,2,2,2,1,0
2580,1639,GSI004,3,Reprovado,1,1,1,1,1,2,2,2,1,1,2,2,1,2
2585,2167,GSI004,1,Reprovado,1,1,1,1,1,2,2,2,0,2,2,2,1,1
2588,2193,GSI004,66,Aprovado,1,1,1,1,1,1,2,2,1,2,2,2,1,1
2589,2193,GSI004,69,Aprovado,1,1,1,1,1,1,2,2,1,2,2,2,1,0
2608,1639,GSI004,0,Reprovado,1,1,1,1,1,2,2,2,1,1,2,2,1,2
2609,2174,GSI004,0,Reprovado,0,0,0,0,0,0,2,2,1,2,2,2,0,1
2610,2167,GSI004,36,Reprovado,1,1,1,1,1,2,2,2,1,2,2,2,1,1
2611,2096,GSI004,28,Reprovado,1,1,1,0,0,1,2,2,1,2,2,2,1,1
2618,1967,GSI004,60,Aprovado,1,1,1,1,1,1,2,2,1,2,2,2,1,1
2619,2061,GSI004,67,Aprovado,1,1,1,1,2,1,2,2,1,2,2,2,1,1
2620,2174,GSI004,62,Aprovado,1,1,1,1,1,1,2,2,1,2,2,2,1,1
2621,1639,GSI004,0,Reprovado,1,1,1,1,1,2,2,2,1,1,2,2,1,2
2622,1960,GSI004,0,Reprovado,1,1,1,1,1,1,2,2,0,2,2,2,1,0
2623,2174,GSI004,34,Reprovado,1,1,1,1,1,1,2,2,1,2,2,2,1,1
2624,2174,GSI004,83,Aprovado,1,1,1,1,1,1,2,2,1,2,2,2,1,1
2625,2174,GSI004,77,Aprovado,1,1,1,1,1,1,2,2,1,2,2,2,1,1
2626,2174,GSI004,74,Aprovado,1,1,1,1,1,1,2,2,1,2,2,2,1,1
2628,2153,GSI004,62,Aprovado,1,1,1,1,1,1,2,2,1,2,2,2,1,1
2629,2058,GSI004,60,Aprovado,1,1,1,1,2,1,2,2,1,2,2,2,1,1
2630,2153,GSI004,89,Aprovado,1,1,1,1,1,1,2,2,1,2,2,2,1,1
2631,2174,GSI004,52,Reprovado,1,1,1,1,1,1,2,2,1,2,2,2,1,1
2632,2174,GSI004,60,Aprovado,1,1,1,1,1,1,2,2,1,2,2,2,1,1
2633,2174,GSI004,67,Aprovado,1,1,1,1,1,1,2,2,1,2,2,2,1,1
2634,1639,GSI004,3,Reprovado,1,1,1,1,1,2,2,2,1,1,2,2,1,2
2635,1960,GSI004,23,Reprovado,1,1,1,1,1,1,2,2,0,2,2,2,1,1
2636,1639,GSI004,0,Reprovado,1,1,1,1,1,2,2,2,1,1,2,2,1,2
2637,1639,GSI004,0,Reprovado,1,1,1,1,1,2,2,2,1,1,2,2,1,2
2638,2153,GSI004,66,Aprovado,1,1,1,1,1,1,2,2,1,2,2,2,1,1
2639,2153,GSI004,60,Aprovado,1,1,1,1,1,1,2,2,1,2,2,2,1,1
2640,2153,GSI004,65,Aprovado,1,1,1,1,1,1,2,2,1,2,2,2,1,1
2641,2153,GSI004,22,Reprovado,1,1,1,0,0,1,2,2,1,2,2,2,1,1
2643,1901,GSI004,67,Aprovado,1,1,1,2,1,1,2,1,1,2,2,2,1,2
2644,2153,GSI004,8,Reprovado,1,0,1,1,1,1,2,2,1,2,2,2,1,1
2649,2153,GSI004,75,Aprovado,1,1,1,1,1,1,2,2,1,2,2,2,1,1
2651,2153,GSI004,53,Reprovado,1,1,1,1,1,1,2,2,1,2,2,2,1,1
2653,1639,GSI004,69,Aprovado,1,1,1,1,1,2,2,2,1,1,2,2,1,2
2654,2153,GSI004,60,Aprovado,1,0,1,1,1,1,2,2,1,2,2,2,1,1
2656,2092,GSI004,60,Aprovado,1,1,1,1,1,1,2,2,1,2,2,2,1,1
2657,2051,GSI004,61,Aprovado,1,1,1,1,1,1,2,2,1,2,2,2,1,1
2658,2092,GSI004,61,Aprovado,1,1,1,1,1,1,2,2,1,2,2,2,1,1
2663,2092,GSI004,0,Reprovado,1,0,0,1,1,1,2,2,1,2,2,2,1,1
2666,1639,GSI004,100,Aprovado,1,1,1,1,1,2,2,2,1,1,2,2,1,2
2671,2096,GSI004,73,Aprovado,1,1,1,1,1,1,2,2,1,2,2,2,1,1
2673,2096,GSI004,64,Aprovado,1,1,1,1,1,1,2,2,1,2,2,2,1,1
2674,2096,GSI004,17,Reprovado,1,0,1,0,0,1,2,2,1,2,2,2,1,1
2675,2096,GSI004,50,Reprovado,1,1,1,1,1,1,2,2,1,2,2,2,1,1
2676,2096,GSI004,37,Reprovado,1,1,1,1,1,1,2,2,1,2,2,2,1,1
2677,2096,GSI004,67,Aprovado,1,1,1,0,0,1,2,2,1,2,2,2,1,1
2678,2096,GSI004,87,Aprovado,1,1,1,0,0,1,2,2,1,2,2,2,1,1
2684,2096,GSI004,73,Aprovado,1,1,1,1,1,1,2,2,1,2,2,2,1,1
2685,2096,GSI004,62,Aprovado,1,1,1,1,1,1,2,2,1,2,2,2,1,1
2686,2096,GSI004,72,Aprovado,1,1,1,1,1,1,2,2,1,2,2,2,1,1
2687,2096,GSI004,60,Aprovado,1,1,1,1,1,1,2,2,1,2,2,2,1,1
2688,2096,GSI004,60,Aprovado,1,1,1,0,0,1,2,2,1,2,2,2,1,1
2689,2096,GSI004,62,Aprovado,1,1,1,0,0,1,2,2,1,2,2,2,1,1
2690,1639,GSI004,18,Reprovado,1,1,1,1,1,2,2,2,1,1,2,2,1,2
2698,2092,GSI004,41,Reprovado,1,1,1,1,1,1,2,2,1,2,2,2,1,1
2699,2092,GSI004,66,Aprovado,1,1,1,1,1,1,2,2,1,2,2,2,1,1
2700,2092,GSI004,61,Aprovado,1,1,0,1,1,1,2,2,1,2,2,2,1,1
2701,2092,GSI004,78,Aprovado,1,1,1,1,1,1,2,2,1,2,2,2,1,1
2702,2092,GSI004,82,Aprovado,1,1,0,1,1,1,2,2,1,2,2,2,1,1
2703,2092,GSI004,48,Reprovado,1,1,1,1,1,1,2,2,1,2,2,2,1,1
2704,2092,GSI004,62,Aprovado,1,1,1,1,1,1,2,2,1,2,2,2,1,1
2705,2092,GSI004,0,Reprovado,1,0,0,1,1,1,2,2,1,2,2,2,1,1
2706,2058,GSI004,60,Aprovado,1,1,1,1,2,1,2,2,1,2,2,2,1,1
2707,2092,GSI004,0,Reprovado,1,1,0,0,0,1,2,2,1,2,2,2,1,1
2710,2092,GSI004,17,Reprovado,1,1,1,1,1,1,2,2,1,2,2,2,1,1
2711,2096,GSI004,60,Aprovado,1,1,1,0,0,1,2,2,1,2,2,2,1,1
2725,2092,GSI004,60,Aprovado,1,1,1,1,1,1,2,2,1,2,2,2,1,1
2726,2096,GSI004,92,Aprovado,1,1,1,1,1,1,2,2,1,2,2,2,1,1
2727,1639,GSI004,0,Reprovado,1,1,1,1,1,2,2,2,1,1,2,2,1,2
2734,2006,GSI004,60,Aprovado,1,1,1,1,1,0,2,2,1,2,2,2,1,1
2736,1639,GSI004,69,Aprovado,1,1,1,1,1,2,2,2,1,1,2,2,1,2
2737,2058,GSI004,69,Aprovado,1,1,1,1,2,1,2,2,1,2,2,2,1,1
2738,2058,GSI004,60,Aprovado,1,0,1,1,2,1,2,2,1,2,2,2,1,1
2739,1639,GSI004,62,Aprovado,1,1,1,1,1,2,2,2,1,1,2,2,1,2
2740,2058,GSI004,63,Aprovado,1,0,1,1,2,1,2,2,0,2,2,2,1,1
2741,2058,GSI004,32,Reprovado,1,0,1,1,2,1,2,2,1,2,2,2,1,1
2742,2058,GSI004,0,Reprovado,1,0,1,1,2,0,2,2,0,2,2,2,0,0
2745,2006,GSI004,42,Reprovado,1,1,1,1,1,0,2,2,0,2,2,2,1,1
2746,2051,GSI004,75,Aprovado,1,1,1,1,1,1,2,2,1,2,2,2,1,1
2747,1901,GSI004,25,Reprovado,1,0,1,2,1,1,2,1,1,2,2,2,1,2
2748,2058,GSI004,17,Reprovado,0,0,0,0,2,0,2,2,0,2,2,2,0,0
2749,2058,GSI004,32,Reprovado,1,0,1,1,2,1,2,2,0,2,2,2,1,1
2750,2058,GSI004,24,Reprovado,1,0,1,1,2,1,2,2,0,2,2,2,0,0
2751,2058,GSI004,76,Aprovado,1,1,1,1,2,1,2,2,0,2,2,2,0,1
2752,2061,GSI004,73,Aprovado,1,1,1,1,2,1,2,2,1,2,2,2,1,1
2753,2061,GSI004,60,Aprovado,1,1,1,1,2,0,2,2,1,2,2,2,1,1
2754,1639,GSI004,87,Aprovado,1,1,1,1,1,2,2,2,1,1,2,2,1,2
2756,2061,GSI004,77,Aprovado,1,1,1,1,2,1,2,2,1,2,2,2,1,1
2757,2061,GSI004,68,Aprovado,1,1,1,1,2,1,2,2,1,2,2,2,1,1
2760,1639,GSI004,61,Aprovado,1,1,1,1,1,2,2,2,1,1,2,2,1,2
2766,2061,GSI004,66,Aprovado,1,1,1,1,2,1,2,2,1,2,2,2,1,1
2767,2061,GSI004,60,Aprovado,1,1,1,1,2,0,2,2,1,2,2,2,1,1
2768,2061,GSI004,0,Reprovado,1,1,1,1,2,0,2,2,0,2,2,2,0,1
2769,2061,GSI004,34,Reprovado,1,1,1,1,2,1,2,2,1,2,2,2,1,1
2770,2058,GSI004,9,Reprovado,1,0,1,1,2,1,2,2,0,2,2,2,0,0
2773,1960,GSI004,60,Aprovado,1,1,1,1,1,1,2,2,1,2,2,2,1,1
2776,2027,GSI004,10,Reprovado,1,1,1,1,1,1,2,2,0,2,2,2,1,0
2777,2061,GSI004,14,Reprovado,1,1,1,1,2,0,2,2,1,2,2,2,1,1
2786,2058,GSI004,50,Reprovado,1,0,1,1,2,1,2,2,1,2,2,2,1,1
2788,2061,GSI004,63,Aprovado,1,1,1,1,2,1,2,2,1,2,2,2,1,1
2789,2051,GSI004,78,Aprovado,1,1,1,1,1,1,2,2,1,2,2,2,1,1
2790,2051,GSI004,66,Aprovado,1,1,1,1,1,1,2,2,1,2,2,2,1,1
2791,2051,GSI004,81,Aprovado,1,1,1,1,1,1,2,2,1,2,2,2,1,1
2792,2051,GSI004,73,Aprovado,1,1,1,1,1,1,2,2,1,2,2,2,1,1
2799,2051,GSI004,20,Reprovado,1,1,1,1,1,1,2,2,1,2,2,2,1,0
2800,2051,GSI004,60,Aprovado,1,1,1,1,1,1,2,2,1,2,2,2,1,1
2801,2051,GSI004,77,Aprovado,1,1,1,1,1,1,2,2,1,2,2,2,1,1
2802,2051,GSI004,61,Aprovado,1,1,1,1,1,1,2,2,1,2,2,2,1,1
2803,2051,GSI004,62,Aprovado,1,0,1,1,1,1,2,2,1,2,2,2,1,1
2805,2051,GSI004,95,Aprovado,1,1,1,1,1,1,2,2,1,2,2,2,1,1
2806,2051,GSI004,74,Aprovado,1,1,1,1,1,1,2,2,1,2,2,2,1,1
2810,2027,GSI004,53,Reprovado,1,1,1,1,1,1,2,2,1,2,2,2,1,0
2811,2027,GSI004,0,Reprovado,1,1,1,1,1,1,2,2,0,2,2,2,1,0
2812,2027,GSI004,32,Reprovado,1,1,1,1,1,1,2,2,1,2,2,2,1,0
2813,2027,GSI004,75,Aprovado,1,1,1,1,1,1,2,2,1,2,2,2,1,1
2814,2027,GSI004,60,Aprovado,1,1,1,1,1,1,2,2,1,2,2,2,1,1
2815,2051,GSI004,79,Aprovado,1,1,1,1,1,1,2,2,1,2,2,2,1,1
2817,2027,GSI004,95,Aprovado,1,1,1,1,1,1,2,2,1,2,2,2,1,1
2818,2027,GSI004,73,Aprovado,1,1,1,1,1,1,2,2,1,2,2,2,1,1
2819,2027,GSI004,76,Aprovado,1,1,1,1,1,1,2,2,1,2,2,2,1,1
2826,2027,GSI004,74,Aprovado,1,1,1,1,1,1,2,2,1,2,2,2,1,1
2830,2027,GSI004,60,Aprovado,1,1,1,1,1,1,2,2,1,2,2,2,1,1
2831,2027,GSI004,91,Aprovado,1,1,1,1,1,1,2,2,1,2,2,2,1,1
2832,2027,GSI004,33,Reprovado,1,1,1,1,1,1,2,2,1,2,2,2,1,1
2833,2027,GSI004,71,Aprovado,1,1,1,1,1,1,2,2,1,2,2,2,1,1
2834,2027,GSI004,60,Aprovado,1,1,1,1,1,1,2,2,1,2,2,2,1,1
2836,2027,GSI004,78,Aprovado,1,1,1,1,1,1,2,2,1,2,2,2,1,1
2838,2027,GSI004,60,Aprovado,1,1,1,1,1,1,2,2,1,2,2,2,1,1
2839,2027,GSI004,66,Aprovado,1,1,1,1,1,1,2,2,1,2,2,2,1,1
2842,2027,GSI004,32,Reprovado,1,1,1,1,1,1,2,2,1,2,2,2,1,0
2848,2027,GSI004,60,Aprovado,1,1,1,1,1,1,2,2,1,2,2,2,1,1
2855,1639,GSI004,3,Reprovado,1,1,1,1,1,2,2,2,1,1,2,2,1,2
2856,1639,GSI004,60,Aprovado,1,1,1,1,1,2,2,2,1,1,2,2,1,2
2858,2006,GSI004,35,Reprovado,1,1,1,1,1,1,2,2,1,2,2,2,1,1
2859,1921,GSI004,43,Reprovado,1,1,1,2,1,1,2,2,1,2,2,2,1,2
2868,2006,GSI004,66,Aprovado,1,1,1,1,1,1,2,2,1,2,2,2,1,1
2869,2006,GSI004,29,Reprovado,1,1,1,0,1,1,2,2,0,2,2,2,0,0
2870,2006,GSI004,60,Aprovado,1,1,1,1,1,0,2,2,1,2,2,2,1,1
2871,2006,GSI004,3,Reprovado,1,0,0,1,1,0,2,2,0,2,2,2,0,0
2872,2006,GSI004,60,Aprovado,1,0,0,1,1,1,2,2,1,2,2,2,1,1
2873,2006,GSI004,65,Aprovado,1,1,1,1,1,0,2,2,1,2,2,2,1,1
2874,2006,GSI004,61,Aprovado,1,1,1,1,1,1,2,2,1,2,2,2,1,1
2875,2006,GSI004,60,Aprovado,1,1,1,1,1,1,2,2,1,2,2,2,1,1
2876,2006,GSI004,27,Reprovado,1,1,1,1,1,1,2,2,1,2,2,2,1,1
2877,1910,GSI004,53,Reprovado,0,1,1,2,0,1,2,2,1,2,2,2,0,2
2878,1898,GSI004,60,Aprovado,1,0,1,2,1,1,2,1,1,2,2,2,1,2
2879,2006,GSI004,12,Reprovado,1,0,0,0,1,0,2,2,0,2,2,2,0,0
2880,2006,GSI004,85,Aprovado,1,1,1,1,1,1,2,2,1,2,2,2,1,1
2881,1921,GSI004,29,Reprovado,0,1,1,2,0,1,2,2,1,2,2,2,1,2
2882,2006,GSI004,70,Aprovado,1,1,1,1,1,1,2,2,1,2,2,2,1,1
2883,2006,GSI004,0,Reprovado,1,1,0,0,1,1,2,2,1,2,2,2,1,1
2884,2006,GSI004,25,Reprovado,1,1,1,1,1,1,2,2,1,2,2,2,1,1
2885,2006,GSI004,60,Aprovado,1,0,1,1,1,1,2,2,1,2,2,2,1,1
2886,2006,GSI004,80,Aprovado,1,1,1,1,1,1,2,2,1,2,2,2,1,1
2888,1995,GSI004,5,Reprovado,1,1,1,1,1,1,2,2,1,2,2,2,1,0
2889,1995,GSI004,62,Aprovado,1,1,1,1,1,1,2,2,1,2,2,2,1,1
2890,1995,GSI004,29,Reprovado,1,1,1,1,1,1,2,2,1,2,2,2,1,1
2891,1995,GSI004,40,Reprovado,1,1,1,1,1,1,2,2,1,2,2,2,1,1
2893,1995,GSI004,36,Reprovado,1,1,1,1,1,1,2,2,1,2,2,2,1,1
2894,1995,GSI004,31,Reprovado,1,1,1,1,1,1,2,2,1,2,2,2,1,0
2895,1906,GSI004,71,Aprovado,1,1,1,2,1,1,2,2,1,2,2,2,1,2
2896,1995,GSI004,60,Aprovado,1,1,1,1,1,1,2,2,1,2,2,2,1,1
2897,1995,GSI004,23,Reprovado,1,1,1,1,1,1,2,2,1,2,2,2,1,0
2898,1910,GSI004,54,Reprovado,0,1,1,2,1,1,2,2,1,2,2,2,0,2
2900,1995,GSI004,40,Reprovado,1,1,1,1,1,1,2,2,1,2,2,2,1,0
2901,1901,GSI004,60,Aprovado,1,0,1,2,1,1,2,1,1,2,2,2,1,2
2903,1960,GSI004,39,Reprovado,1,1,1,1,1,1,2,2,1,2,2,2,1,1
2913,1995,GSI004,15,Reprovado,1,1,1,1,1,1,2,2,1,2,2,2,1,0
2914,1967,GSI004,78,Aprovado,1,1,1,1,1,1,2,2,1,2,2,2,1,1
2915,1967,GSI004,68,Aprovado,1,1,1,1,1,1,2,2,1,2,2,2,1,1
2916,1967,GSI004,79,Aprovado,1,1,1,1,1,1,2,2,1,2,2,2,1,1
2917,1967,GSI004,77,Aprovado,1,1,1,1,1,1,2,2,1,2,2,2,1,1
2918,1967,GSI004,85,Aprovado,1,1,1,1,1,1,2,2,1,2,2,2,1,1
2919,1967,GSI004,77,Aprovado,1,1,1,1,1,1,2,2,1,2,2,2,1,1
2920,1955,GSI004,66,Aprovado,1,1,1,2,1,1,2,2,1,2,2,2,1,2
2921,1967,GSI004,0,Reprovado,1,0,0,1,1,0,2,2,0,2,2,2,0,0
2926,1960,GSI004,62,Aprovado,1,1,1,1,1,1,2,2,1,2,2,2,1,1
2927,1898,GSI004,9,Reprovado,1,0,1,2,0,1,2,0,1,2,2,2,0,2
2928,1967,GSI004,60,Aprovado,1,1,1,1,1,1,2,2,1,2,2,2,1,1
2929,1967,GSI004,74,Aprovado,1,1,1,1,1,1,2,2,1,2,2,2,1,1
2930,1906,GSI004,50,Reprovado,1,1,1,2,1,1,2,2,1,2,2,2,1,2
2931,1967,GSI004,78,Aprovado,1,1,1,1,1,0,2,2,1,2,2,2,1,1
2932,1967,GSI004,83,Aprovado,1,1,1,1,1,1,2,2,1,2,2,2,1,1
2934,1960,GSI004,68,Aprovado,1,1,1,1,1,1,2,2,1,2,2,2,1,1
2935,1960,GSI004,37,Reprovado,1,1,1,1,1,1,2,2,1,2,2,2,1,1
2936,1960,GSI004,60,Aprovado,1,1,1,1,1,1,2,2,1,2,2,2,1,1
2944,1960,GSI004,60,Aprovado,1,1,1,1,1,1,2,2,1,2,2,2,1,1
2948,1960,GSI004,81,Aprovado,1,1,1,1,1,1,2,2,1,2,2,2,1,1
2949,1960,GSI004,98,Aprovado,1,1,1,1,1,1,2,2,1,2,2,2,1,1
2951,1898,GSI004,0,Reprovado,0,0,0,2,0,0,2,0,0,2,2,2,0,2
2952,1960,GSI004,75,Aprovado,1,1,1,1,1,1,2,2,1,2,2,2,1,1
2954,1955,GSI004,63,Aprovado,1,1,1,2,1,1,2,2,1,2,2,2,1,2
2964,1906,GSI004,72,Aprovado,1,1,1,2,1,1,2,2,1,2,2,2,1,2
2965,1955,GSI004,74,Aprovado,1,1,1,2,1,1,2,2,1,2,2,2,1,2
2968,1898,GSI004,7,Reprovado,0,1,1,2,1,1,2,1,1,2,2,2,0,2
2972,1960,GSI004,52,Reprovado,1,1,1,1,1,1,2,2,1,2,2,2,1,1
2973,1960,GSI004,0,Reprovado,1,1,1,1,1,1,2,2,0,2,2,2,1,0
2974,1960,GSI004,0,Reprovado,1,1,1,1,1,1,2,2,0,2,2,2,1,0
2975,1960,GSI004,80,Aprovado,1,1,1,1,1,1,2,2,1,2,2,2,1,1
2976,1906,GSI004,41,Reprovado,1,1,1,2,1,1,2,2,1,2,2,2,1,2
2977,1960,GSI004,0,Reprovado,1,1,1,1,1,1,2,2,0,2,2,2,1,0
2978,1898,GSI004,60,Aprovado,1,0,1,2,1,1,2,1,1,2,2,2,1,2
2980,1967,GSI004,85,Aprovado,1,1,1,1,1,1,2,2,1,2,2,2,1,1
2987,1960,GSI004,0,Reprovado,1,1,1,1,1,1,2,2,0,2,2,2,1,1
2990,1967,GSI004,6,Reprovado,1,1,1,1,1,1,2,2,1,2,2,2,0,1
2991,1955,GSI004,73,Aprovado,1,0,1,2,0,1,2,2,1,2,2,2,1,2
2992,1955,GSI004,82,Aprovado,1,1,1,2,1,1,2,2,1,2,2,2,1,2
2993,1901,GSI004,87,Aprovado,1,1,1,2,1,1,2,1,1,2,2,2,1,2
2994,1955,GSI004,61,Aprovado,1,1,1,2,1,1,2,2,1,2,2,2,0,2
2995,1955,GSI004,41,Reprovado,1,0,1,2,1,1,2,2,1,2,2,2,1,2
2996,1955,GSI004,60,Aprovado,1,1,1,2,0,1,2,2,1,2,2,2,1,2
2997,1955,GSI004,67,Aprovado,1,1,1,2,1,1,2,2,1,2,2,2,0,2
3001,1955,GSI004,60,Aprovado,1,0,1,2,1,1,2,2,1,2,2,2,1,2
3002,1898,GSI004,1,Reprovado,0,0,1,2,0,0,2,0,0,2,2,2,0,2
3003,1955,GSI004,0,Reprovado,1,0,0,2,1,0,2,2,0,2,2,2,0,2
3004,1955,GSI004,62,Aprovado,1,1,1,2,1,1,2,2,1,2,2,2,1,2
3005,1955,GSI004,29,Reprovado,1,0,1,2,1,1,2,2,1,2,2,2,1,2
3006,1955,GSI004,17,Reprovado,1,0,1,2,1,1,2,2,1,2,2,2,1,2
3007,1955,GSI004,89,Aprovado,1,0,1,2,1,1,2,2,1,2,2,2,1,2
3009,1955,GSI004,64,Aprovado,1,1,1,2,1,1,2,2,1,2,2,2,1,2
3010,1906,GSI004,15,Reprovado,1,0,1,2,1,1,2,2,1,2,2,2,0,2
3011,1906,GSI004,17,Reprovado,1,1,1,2,1,1,2,2,1,2,2,2,1,2
3012,1906,GSI004,60,Aprovado,1,1,1,2,1,1,2,2,1,2,2,2,1,2
3013,1901,GSI004,53,Reprovado,1,0,1,2,1,1,2,1,1,2,2,2,1,2
3014,1906,GSI004,63,Aprovado,1,1,1,2,1,1,2,2,1,2,2,2,1,2
3015,1906,GSI004,18,Reprovado,1,1,1,2,1,1,2,2,1,2,2,2,1,2
3016,1955,GSI004,74,Aprovado,1,1,1,2,1,1,2,2,1,2,2,2,1,2
3017,1955,GSI004,64,Aprovado,1,1,1,2,0,1,2,2,1,2,2,2,1,2
3018,1955,GSI004,62,Aprovado,1,0,1,2,1,1,2,2,1,2,2,2,1,2
3019,1955,GSI004,64,Aprovado,1,1,1,2,0,1,2,2,1,2,2,2,0,2
3022,1906,GSI004,78,Aprovado,1,1,1,2,1,1,2,2,1,2,2,2,1,2
3023,1906,GSI004,49,Reprovado,1,1,1,2,1,1,2,2,1,2,2,2,1,2
3024,1906,GSI004,67,Aprovado,1,1,1,2,1,1,2,2,1,2,2,2,1,2
3025,1906,GSI004,91,Aprovado,1,1,1,2,1,1,2,2,1,2,2,2,1,2
3026,1906,GSI004,19,Reprovado,1,1,1,2,1,1,2,2,1,2,2,2,1,2
3027,1906,GSI004,24,Reprovado,1,1,1,2,1,1,2,2,1,2,2,2,1,2
3028,1906,GSI004,32,Reprovado,1,1,1,2,1,1,2,2,1,2,2,2,1,2
3030,1906,GSI004,0,Reprovado,1,0,1,2,1,1,2,2,0,2,2,2,0,2
3032,1906,GSI004,0,Reprovado,1,0,1,2,1,1,2,2,0,2,2,2,0,2
3033,1906,GSI004,60,Aprovado,1,1,1,2,1,1,2,2,1,2,2,2,1,2
3036,1906,GSI004,60,Aprovado,1,1,1,2,1,1,2,2,1,2,2,2,1,2
3037,1906,GSI004,84,Aprovado,1,1,1,2,1,1,2,2,1,2,2,2,1,2
3038,1898,GSI004,60,Aprovado,1,1,1,2,1,1,2,1,1,2,2,2,1,2
3039,1921,GSI004,60,Aprovado,1,1,1,2,0,1,2,2,1,2,2,2,1,2
3046,1910,GSI004,11,Reprovado,1,0,1,2,0,1,2,2,0,2,2,2,0,2
3047,1910,GSI004,67,Aprovado,1,1,1,2,1,1,2,2,1,2,2,2,1,2
3048,1910,GSI004,6,Reprovado,1,0,1,2,0,1,2,2,0,2,2,2,0,2
3049,1910,GSI004,77,Aprovado,1,1,1,2,1,1,2,2,1,2,2,2,1,2
3050,1921,GSI004,25,Reprovado,1,0,1,2,0,1,2,2,0,2,2,2,1,2
3051,1898,GSI004,65,Aprovado,1,0,1,2,1,1,2,1,1,2,2,2,1,2
3052,1921,GSI004,14,Reprovado,1,1,1,2,1,1,2,2,0,2,2,2,1,2
3053,1921,GSI004,77,Aprovado,1,1,1,2,1,1,2,2,1,2,2,2,1,2
3054,1921,GSI004,77,Aprovado,1,1,1,2,1,1,2,2,1,2,2,2,1,2
3057,1910,GSI004,75,Aprovado,1,1,1,2,0,1,2,2,1,2,2,2,0,2
3066,1898,GSI004,69,Aprovado,1,1,1,2,1,1,2,1,1,2,2,2,1,2
3069,1898,GSI004,10,Reprovado,1,0,1,2,1,1,2,1,1,2,2,2,0,2
3071,1910,GSI004,56,Reprovado,1,1,1,2,1,1,2,2,1,2,2,2,1,2
3072,1910,GSI004,74,Aprovado,0,1,1,2,1,1,2,2,1,2,2,2,1,2
3073,1901,GSI004,8,Reprovado,1,0,0,2,1,0,2,0,0,2,2,2,0,2
3074,1910,GSI004,32,Reprovado,1,1,1,2,0,1,2,2,1,2,2,2,1,2
3075,1910,GSI004,40,Reprovado,1,1,1,2,1,1,2,2,1,2,2,2,0,2
3076,1910,GSI004,88,Aprovado,1,1,1,2,0,1,2,2,1,2,2,2,0,2
3077,1910,GSI004,20,Reprovado,1,0,1,2,0,1,2,2,1,2,2,2,1,2
3078,1910,GSI004,60,Aprovado,1,1,1,2,1,1,2,2,1,2,2,2,1,2
3081,1910,GSI004,22,Reprovado,1,1,1,2,1,1,2,2,1,2,2,2,1,2
3082,1898,GSI004,0,Reprovado,1,0,1,2,0,0,2,0,0,2,2,2,0,2
3084,1901,GSI004,60,Aprovado,1,0,1,2,1,1,2,1,1,2,2,2,1,2
3086,1901,GSI004,65,Aprovado,1,0,1,2,1,1,2,1,1,2,2,2,1,2
3099,1898,GSI004,44,Reprovado,1,1,1,2,1,1,2,1,1,2,2,2,1,2
3101,1898,GSI004,60,Aprovado,1,1,1,2,1,1,2,1,1,2,2,2,1,2
3102,1898,GSI004,7,Reprovado,1,0,1,2,1,0,2,1,1,2,2,2,0,2
3103,1898,GSI004,76,Aprovado,1,0,1,2,1,1,2,1,1,2,2,2,1,2
3104,1898,GSI004,20,Reprovado,1,0,1,2,1,0,2,0,0,2,2,2,0,2
3105,1898,GSI004,7,Reprovado,1,0,1,2,1,1,2,0,1,2,2,2,0,2
3106,1898,GSI004,83,Aprovado,1,0,1,2,1,0,2,1,1,2,2,2,1,2
3108,1898,GSI004,60,Aprovado,1,0,1,2,1,1,2,1,1,2,2,2,1,2
3109,1901,GSI004,14,Reprovado,1,0,1,2,1,1,2,1,1,2,2,2,1,2
3110,1898,GSI004,80,Aprovado,1,1,1,2,1,1,2,1,1,2,2,2,1,2
3111,1898,GSI004,75,Aprovado,1,0,1,2,1,1,2,1,1,2,2,2,1,2
3112,1898,GSI004,73,Aprovado,1,0,1,2,1,1,2,1,1,2,2,2,1,2
3115,1901,GSI004,30,Reprovado,1,0,1,2,1,1,2,1,1,2,2,2,1,2
3116,1901,GSI004,0,Reprovado,1,0,0,2,1,0,2,0,0,2,2,2,0,2
3118,1901,GSI004,9,Reprovado,1,1,0,2,1,1,2,1,1,2,2,2,1,2
3119,1901,GSI004,73,Aprovado,1,0,1,2,1,1,2,1,1,2,2,2,1,2
3120,1901,GSI004,0,Reprovado,1,1,1,2,1,1,2,1,1,2,2,2,1,2
3121,1901,GSI004,10,Reprovado,1,0,0,2,1,1,2,1,1,2,2,2,1,2
3122,1901,GSI004,85,Aprovado,1,1,1,2,1,1,2,1,1,2,2,2,1,2
3123,1898,GSI004,47,Reprovado,1,1,1,2,1,1,2,1,1,2,2,2,1,2
3127,2193,GSI004,74,Aprovado,1,1,1,1,1,1,2,2,1,2,2,2,1,1
3130,1960,GSI004,7,Reprovado,1,1,1,1,1,1,2,2,1,2,2,2,1,1
3136,2364,GSI004,100,Aprovado,1,1,1,1,1,2,2,2,1,1,2,2,1,1
3137,2333,GSI004,7,Reprovado,1,0,2,1,0,2,0,2,0,0,2,2,0,0
3140,2027,GSI004,41,Reprovado,1,1,1,1,1,1,2,2,1,2,2,2,1,1
3147,2364,GSI004,6,Reprovado,1,1,1,1,1,2,2,2,0,1,2,2,1,0
3149,2703,GSI004,87,Aprovado,1,1,1,2,1,1,2,2,1,2,2,2,2,2
3150,2723,GSI004,64,Aprovado,1,1,1,2,1,1,2,2,1,2,2,2,2,2
3154,2061,GSI004,9,Reprovado,1,1,1,1,2,0,2,2,0,2,2,2,0,1
3156,2660,GSI004,67,Aprovado,1,1,1,2,1,1,2,2,1,2,2,2,2,2
3158,1960,GSI004,23,Reprovado,1,1,1,1,1,1,2,2,1,2,2,2,1,1
3160,2723,GSI004,60,Aprovado,1,1,1,2,1,1,2,2,1,2,2,2,2,2
3162,2027,GSI004,63,Aprovado,1,1,1,1,1,1,2,2,1,2,2,2,1,0
3163,2723,GSI004,70,Aprovado,1,1,1,2,1,1,2,2,1,2,2,2,2,2
3164,1921,GSI004,90,Aprovado,1,1,1,2,0,1,2,2,1,2,2,2,1,2
3166,2660,GSI004,95,Aprovado,1,1,1,2,1,1,2,2,1,2,2,2,2,2
3167,2703,GSI004,60,Aprovado,1,1,1,2,1,1,2,2,1,2,2,2,2,2
3168,2188,GSI004,86,Aprovado,1,1,1,1,1,2,2,2,1,2,2,2,1,1
3169,1639,GSI004,24,Reprovado,1,1,1,1,1,2,2,2,1,1,2,2,1,2
3170,1639,GSI004,9,Reprovado,1,1,1,1,1,2,2,2,1,1,2,2,1,2
3180,2703,GSI004,60,Aprovado,1,1,1,2,1,1,2,2,1,2,2,2,2,2
3181,2193,GSI004,67,Aprovado,1,1,0,1,1,1,2,2,1,2,2,2,1,0
3182,2330,GSI004,69,Aprovado,1,1,2,1,1,2,1,2,1,1,2,2,1,1
3185,2051,GSI004,0,Reprovado,0,0,0,0,0,0,2,2,0,2,2,2,0,0
3190,1639,GSI004,10,Reprovado,1,1,1,1,1,2,2,2,1,1,2,2,1,2
3191,1901,GSI004,75,Aprovado,1,0,1,2,1,1,2,1,1,2,2,2,1,2
3192,2592,GSI004,71,Aprovado,1,1,1,2,1,1,2,2,1,2,2,2,2,2
