"ID_MATRICULA";"datamatricula";"qtdhorasdia";"modalidadeidmodalidade";"datafinalizacao"
670;"2021-05-04";"06:00:00";"3";
1180;"2021-05-04";"06:00:00";"3";
543;"2021-05-04";"06:00:00";"3";
2718;"2021-04-27";"08:00:00";"2";
2752;"2021-04-27";"08:00:00";"2";
2859;"2021-04-25";"06:00:00";"3";
2282;"2021-04-20";"08:00:00";"2";
2692;"2021-04-20";"08:00:00";"2";
3042;"2021-04-19";"04:00:00";"3";
1383;"2021-04-12";"06:00:00";"3";
2441;"2021-04-05";"06:00:00";"3";
1315;"2021-03-30";"06:00:00";"3";
1392;"2021-03-29";"06:00:00";"3";
570;"2021-03-25";"06:00:00";"3";
2817;"2021-03-24";"08:00:00";"2";
1110;"2021-03-16";"06:00:00";"3";
1326;"2021-03-10";"06:00:00";"3";
3062;"2021-03-10";"06:00:00";"3";
138;"2021-03-08";"06:00:00";"3";
2691;"2021-03-08";"06:00:00";"3";
3061;"2021-03-08";"06:00:00";"3";
1154;"2021-03-08";"08:00:00";"2";
42;"2021-03-05";"08:00:00";"2";
1463;"2021-03-03";"08:00:00";"2";
1513;"2021-03-03";"06:00:00";"3";
429;"2021-03-03";"06:00:00";"3";
2850;"2021-03-03";"06:00:00";"3";
2889;"2021-03-03";"06:00:00";"3";
3063;"2021-03-03";"06:00:00";"3";
25;"2021-03-02";"06:00:00";"3";
1277;"2021-03-01";"06:00:00";"3";
1390;"2021-02-25";"06:00:00";"3";
2896;"2021-02-22";"06:00:00";"3";
3094;"2021-02-04";"06:00:00";"3";
2743;"2021-01-04";"06:00:00";"3";"2021-04-20"
3101;"2020-12-20";"06:00:00";"3";
2735;"2020-12-15";"06:00:00";"3";
2775;"2020-12-14";"06:00:00";"3";
2985;"2020-12-12";"06:00:00";"3";
2999;"2020-12-11";"06:00:00";"3";
345;"2020-12-07";"06:00:00";"3";
440;"2020-12-07";"06:00:00";"3";"2021-04-08"
2983;"2020-12-07";"06:00:00";"3";
3062;"2020-12-07";"06:00:00";"3";"2021-03-17"
1554;"2020-12-07";"06:00:00";"3";
3128;"2020-12-03";"06:00:00";"3";"2021-03-29"
2924;"2020-11-26";"06:00:00";"3";
2630;"2020-11-25";"08:00:00";"2";"2021-03-17"
2760;"2020-11-18";"06:00:00";"3";
2932;"2020-11-17";"06:00:00";"3";
79;"2020-11-11";"06:00:00";"3";
352;"2020-10-16";"06:00:00";"3";
2813;"2020-10-15";"08:00:00";"2";
1277;"2020-10-13";"06:00:00";"3";"2021-03-10"
3017;"2020-10-02";"06:00:00";"3";
3051;"2020-10-02";"06:00:00";"3";
2820;"2020-10-01";"06:00:00";"3";
1240;"2020-09-22";"06:00:00";"3";
2666;"2020-09-17";"08:00:00";"2";"2020-12-11"
3083;"2020-09-15";"06:00:00";"3";
1149;"2020-09-02";"06:00:00";"3";
2785;"2020-08-27";"08:00:00";"3";
2808;"2020-08-26";"06:00:00";"3";
305;"2020-08-26";"06:00:00";"3";
3128;"2020-08-17";"06:00:00";"3";"2020-11-04"
2994;"2020-08-14";"06:00:00";"3";
2116;"2020-08-13";"06:00:00";"3";"2020-12-28"
3035;"2020-08-04";"06:00:00";"3";
785;"2020-08-02";"06:00:00";"3";
2870;"2020-07-29";"06:00:00";"3";
2930;"2020-07-28";"06:00:00";"3";
82;"2020-07-27";"06:00:00";"3";
2691;"2020-07-20";"06:00:00";"3";"2020-11-04"
2695;"2020-07-17";"06:00:00";"3";
2820;"2020-07-15";"06:00:00";"1";"2020-10-01"
747;"2020-07-10";"06:00:00";"3";"2021-04-27"
2945;"2020-07-03";"06:00:00";"3";
2588;"2020-06-30";"06:00:00";"3";
2833;"2020-06-29";"06:00:00";"3";
889;"2020-06-25";"06:00:00";"3";
2555;"2020-06-18";"06:00:00";"3";
2908;"2020-06-18";"06:00:00";"3";
564;"2020-06-17";"08:00:00";"2";
2870;"2020-06-16";"06:00:00";"3";"2020-07-14"
3007;"2020-05-11";"06:00:00";"3";
2734;"2020-05-06";"06:00:00";"3";
2451;"2020-03-18";"08:00:00";"2";"2020-06-05"
559;"2020-03-17";"06:00:00";"3";"2020-08-11"
2763;"2020-03-12";"06:00:00";"3";"2021-04-27"
1687;"2020-03-12";"06:00:00";"3";"2021-04-20"
2399;"2020-03-11";"06:00:00";"3";
2915;"2020-03-11";"06:00:00";"3";
1548;"2020-03-11";"06:00:00";"3";
1272;"2020-03-10";"08:00:00";"2";"2020-05-20"
566;"2020-03-06";"06:00:00";"3";
2840;"2020-03-03";"06:00:00";"3";
1430;"2020-03-03";"06:00:00";"3";
1565;"2020-03-03";"06:00:00";"1";"2020-03-03"
2619;"2020-03-03";"06:00:00";"3";"2020-09-16"
2916;"2020-03-03";"06:00:00";"3";
2760;"2020-03-03";"06:00:00";"3";"2020-11-16"
1276;"2020-02-27";"08:00:00";"2";"2021-03-24"
2773;"2020-02-27";"06:00:00";"3";"2020-09-22"
785;"2020-02-27";"06:00:00";"3";"2020-08-11"
2172;"2020-02-20";"06:00:00";"3";
2695;"2020-02-20";"06:00:00";"3";"2020-06-16"
2853;"2020-02-19";"06:00:00";"3";
2738;"2020-02-19";"06:00:00";"3";"2020-07-15"
2429;"2020-02-17";"08:00:00";"2";
2489;"2020-02-10";"06:00:00";"2";"2020-04-29"
311;"2020-01-28";"06:00:00";"3";"2020-11-24"
824;"2020-01-24";"06:00:00";"3";
390;"2020-01-16";"06:00:00";"3";
498;"2020-01-14";"08:00:00";"3";
2863;"2020-01-09";"06:00:00";"3";
2961;"2020-01-07";"06:00:00";"3";
631;"2020-01-07";"06:00:00";"3";
2213;"2019-12-19";"06:00:00";"3";
82;"2019-12-19";"06:00:00";"3";"2020-06-04"
2527;"2019-12-18";"06:00:00";"3";"2020-11-30"
2740;"2019-12-18";"06:00:00";"3";
2947;"2019-12-18";"06:00:00";"3";
2266;"2019-12-17";"08:00:00";"2";"2020-04-06"
393;"2019-12-17";"06:00:00";"3";
2860;"2019-12-17";"06:00:00";"3";"2020-07-29"
735;"2019-12-17";"06:00:00";"3";
1285;"2019-12-17";"06:00:00";"3";"2021-03-29"
2937;"2019-12-11";"06:00:00";"3";
319;"2019-12-10";"06:00:00";"3";
2487;"2019-12-10";"08:00:00";"2";"2020-07-20"
423;"2019-12-05";"06:00:00";"3";
2784;"2019-12-05";"06:00:00";"3";
1697;"2019-12-05";"06:00:00";"3";
2846;"2019-12-04";"06:00:00";"3";
1222;"2019-11-28";"08:00:00";"2";
2868;"2019-11-25";"04:00:00";"3";"2021-03-24"
2306;"2019-11-21";"08:00:00";"2";
2639;"2019-11-21";"08:00:00";"2";
2523;"2019-11-20";"08:00:00";"2";"2020-03-24"
1508;"2019-11-19";"06:00:00";"3";
2902;"2019-11-14";"06:00:00";"3";"2021-04-16"
2632;"2019-11-14";"08:00:00";"2";"2020-07-02"
1229;"2019-11-05";"08:00:00";"2";"2019-12-12"
1418;"2019-11-05";"08:00:00";"2";
3181;"2019-10-31";"06:00:00";"3";
1141;"2019-10-31";"08:00:00";"2";
2880;"2019-10-29";"06:00:00";"3";
675;"2019-10-24";"06:00:00";"3";
2797;"2019-10-23";"06:00:00";"3";"2020-03-11"
1585;"2019-10-22";"06:00:00";"3";
1691;"2019-10-22";"06:00:00";"3";
2818;"2019-10-22";"06:00:00";"3";
487;"2019-10-21";"06:00:00";"1";"2020-05-08"
1128;"2019-10-17";"06:00:00";"3";
2662;"2019-10-16";"06:00:00";"3";"2020-01-08"
2722;"2019-10-15";"04:00:00";"3";
2604;"2019-10-15";"06:00:00";"3";
2874;"2019-10-14";"06:00:00";"3";"2020-09-21"
274;"2019-10-10";"06:00:00";"3";"2020-05-05"
2283;"2019-10-09";"08:00:00";"2";"2019-12-18"
2696;"2019-09-24";"08:00:00";"3";"2020-04-24"
1171;"2019-09-20";"08:00:00";"2";"2020-02-19"
529;"2019-09-19";"06:00:00";"3";
721;"2019-09-19";"08:00:00";"2";"2020-02-20"
503;"2019-09-17";"06:00:00";"3";
1630;"2019-09-12";"06:00:00";"3";
1283;"2019-09-12";"06:00:00";"3";"2020-09-16"
1378;"2019-09-12";"06:00:00";"3";"2021-05-05"
321;"2019-09-12";"06:00:00";"3";"2020-02-20"
581;"2019-09-10";"08:00:00";"2";"2020-01-17"
1371;"2019-09-10";"08:00:00";"2";"2020-01-17"
2961;"2019-09-10";"06:00:00";"3";
2213;"2019-09-10";"06:00:00";"3";"2019-12-12"
2665;"2019-09-05";"06:00:00";"3";"2021-03-10"
1434;"2019-09-05";"06:00:00";"3";
820;"2019-09-04";"08:00:00";"2";"2020-01-16"
23;"2019-09-04";"08:00:00";"2";"2019-12-19"
631;"2019-09-03";"06:00:00";"3";"2020-01-09"
1430;"2019-09-03";"06:00:00";"3";"2020-02-18"
2281;"2019-09-03";"08:00:00";"2";"2020-01-16"
558;"2019-09-03";"06:00:00";"3";"2020-01-16"
1209;"2019-09-02";"06:00:00";"3";
1209;"2019-09-02";"06:00:00";"3";
2403;"2019-08-28";"06:00:00";"2";
2713;"2019-08-27";"06:00:00";"3";
1628;"2019-08-21";"08:00:00";"2";"2019-12-17"
2694;"2019-08-20";"06:00:00";"3";
2963;"2019-08-14";"06:00:00";"3";
1229;"2019-07-23";"08:00:00";"2";"2019-12-12"
305;"2019-07-22";"06:00:00";"3";"2020-02-18"
1688;"2019-07-10";"06:00:00";"3";"2019-10-09"
2524;"2019-07-10";"06:00:00";"3";
531;"2019-07-09";"08:00:00";"2";"2019-12-10"
2726;"2019-07-02";"08:00:00";"2";"2020-02-20"
2846;"2019-07-02";"06:00:00";"3";"2019-12-03"
2421;"2019-06-26";"05:00:00";"3";
103;"2019-06-13";"08:00:00";"2";"2019-10-15"
390;"2019-06-06";"06:00:00";"3";"2020-01-14"
409;"2019-06-05";"04:00:00";"3";
2704;"2019-05-30";"06:00:00";"3";
739;"2019-05-16";"06:00:00";"3";
321;"2019-05-14";"06:00:00";"3";"2019-09-12"
2792;"2019-05-07";"04:00:00";"3";
2638;"2019-05-07";"04:00:00";"3";
2792;"2019-05-02";"04:00:00";"3";
1689;"2019-04-25";"06:00:00";"3";"2019-08-14"
2738;"2019-04-24";"06:00:00";"3";"2019-12-03"
1154;"2019-04-23";"04:00:00";"3";"2020-12-01"
628;"2019-04-23";"06:00:00";"3";
392;"2019-04-23";"06:00:00";"3";
488;"2019-04-23";"06:00:00";"3";
631;"2019-04-23";"06:00:00";"3";"2020-01-09"
2170;"2019-04-16";"08:00:00";"2";"2019-08-22"
729;"2019-04-11";"08:00:00";"2";"2019-07-09"
2177;"2019-04-11";"08:00:00";"2";"2019-07-02"
2505;"2019-04-10";"06:00:00";"3";"2019-11-07"
319;"2019-04-09";"06:00:00";"3";"2019-10-03"
63;"2019-04-09";"08:00:00";"2";"2019-11-07"
2937;"2019-04-09";"06:00:00";"3";"2019-11-13"
2766;"2019-04-09";"06:00:00";"3";"2019-10-10"
1571;"2019-04-09";"08:00:00";"2";"2019-06-26"
2620;"2019-04-01";"06:00:00";"3";"2019-07-05"
2421;"2019-03-28";"05:00:00";"3";"2019-09-24"
2782;"2019-03-28";"06:00:00";"3";
2486;"2019-03-26";"06:00:00";"3";
2874;"2019-03-26";"06:00:00";"3";"2020-01-08"
2678;"2019-03-26";"06:00:00";"3";"2019-09-05"
534;"2019-03-26";"06:00:00";"3";"2019-11-12"
386;"2019-03-26";"06:00:00";"3";
2653;"2019-03-13";"06:00:00";"3";
485;"2019-03-12";"06:00:00";"3";
2590;"2019-03-12";"05:00:00";"3";"2019-12-03"
326;"2019-03-07";"06:00:00";"3";"2019-09-19"
1630;"2019-03-07";"06:00:00";"3";
880;"2019-03-07";"06:00:00";"3";
2740;"2019-03-01";"06:00:00";"3";
64;"2019-02-27";"06:00:00";"3";
808;"2019-02-05";"06:00:00";"3";"2019-12-10"
2638;"2019-01-30";"06:00:00";"3";
2790;"2019-01-17";"06:00:00";"3";"2019-08-27"
2980;"2019-01-16";"06:00:00";"3";
2962;"2019-01-16";"05:00:00";"3";
608;"2019-01-16";"06:00:00";"3";"2019-05-09"
2844;"2019-01-15";"06:00:00";"3";
1375;"2019-01-14";"06:00:00";"3";"2019-04-23"
2480;"2019-01-07";"06:00:00";"3";"2019-05-28"
1688;"2018-12-20";"06:00:00";"3";"2019-10-09"
2694;"2018-12-20";"06:00:00";"3";
2441;"2018-12-13";"06:00:00";"3";"2019-06-13"
2646;"2018-12-11";"06:00:00";"3";
2213;"2018-11-14";"06:00:00";"3";"2019-09-05"
392;"2018-11-08";"06:00:00";"3";
735;"2018-11-08";"06:00:00";"3";
1229;"2018-11-07";"06:00:00";"3";
92;"2018-11-07";"08:00:00";"2";"2019-03-28"
1492;"2018-11-01";"06:00:00";"3";"2019-12-12"
488;"2018-11-01";"06:00:00";"3";"2019-10-24"
80;"2018-10-31";"08:00:00";"2";"2019-03-19"
2552;"2018-10-31";"06:00:00";"3";"2019-06-13"
2801;"2018-10-30";"06:00:00";"3";
2863;"2018-10-30";"06:00:00";"3";
297;"2018-10-24";"06:00:00";"3";
2329;"2018-10-18";"06:00:00";"3";
447;"2018-10-17";"06:00:00";"3";
1507;"2018-10-14";"06:00:00";"3";"2019-04-11"
1539;"2018-10-11";"06:00:00";"3";
1449;"2018-10-10";"08:00:00";"2";
2521;"2018-10-10";"06:00:00";"3";
1401;"2018-10-10";"06:00:00";"3";"2019-04-10"
2089;"2018-10-09";"06:00:00";"3";"2019-04-30"
2492;"2018-10-04";"04:00:00";"1";"2018-12-19"
2535;"2018-10-02";"06:00:00";"3";"2018-12-18"
791;"2018-09-27";"06:00:00";"3";"2019-03-07"
2839;"2018-09-27";"06:00:00";"3";
439;"2018-09-25";"04:00:00";"3";
386;"2018-09-13";"06:00:00";"3";
2660;"2018-09-12";"08:00:00";"2";"2019-07-11"
534;"2018-09-12";"06:00:00";"3";"2019-03-13"
1163;"2018-09-12";"08:00:00";"2";"2019-02-28"
2416;"2018-09-12";"08:00:00";"2";"2019-02-01"
1303;"2018-09-12";"06:00:00";"3";"2019-04-30"
780;"2018-09-11";"08:00:00";"2";"2019-08-14"
311;"2018-09-06";"06:00:00";"3";
3149;"2018-09-06";"08:00:00";"2";"2019-01-17"
2678;"2018-09-05";"06:00:00";"3";"2019-03-19"
2088;"2018-08-30";"08:00:00";"2";"2018-12-20"
2797;"2018-08-30";"06:00:00";"3";
1325;"2018-08-29";"04:00:00";"1";"2019-05-30"
405;"2018-08-29";"08:00:00";"2";"2018-12-20"
135;"2018-08-29";"08:00:00";"2";"2018-12-19"
583;"2018-08-29";"05:00:00";"3";"2018-12-19"
2686;"2018-08-28";"06:00:00";"3";
2761;"2018-08-28";"06:00:00";"3";
582;"2018-08-28";"08:00:00";"2";"2018-11-13"
1191;"2018-08-23";"08:00:00";"2";"2018-12-19"
719;"2018-08-22";"08:00:00";"2";"2018-12-12"
2497;"2018-08-22";"08:00:00";"2";"2018-12-19"
2817;"2018-08-21";"06:00:00";"3";"2019-03-26"
631;"2018-08-21";"06:00:00";"3";"2018-10-24"
2269;"2018-08-16";"06:00:00";"3";"2018-12-11"
2589;"2018-08-09";"06:00:00";"3";"2019-01-29"
64;"2018-08-09";"06:00:00";"3";"2019-01-30"
2638;"2018-08-09";"06:00:00";"3";"2019-01-29"
102;"2018-08-08";"06:00:00";"3";
2653;"2018-08-06";"06:00:00";"3";
113;"2018-08-01";"06:00:00";"3";"2018-12-19"
2443;"2018-07-30";"06:00:00";"3";"2019-05-15"
485;"2018-07-26";"06:00:00";"3";"2018-12-14"
1506;"2018-07-23";"06:00:00";"3";"2019-07-02"
1083;"2018-07-20";"06:00:00";"3";"2019-02-28"
736;"2018-07-19";"06:00:00";"3";
1279;"2018-07-19";"06:00:00";"3";
3141;"2018-07-19";"06:00:00";"3";
1680;"2018-07-19";"06:00:00";"3";
1158;"2018-07-19";"06:00:00";"3";
1226;"2018-07-19";"06:00:00";"3";
2806;"2018-07-19";"06:00:00";"3";
1126;"2018-07-19";"06:00:00";"3";
2583;"2018-07-19";"06:00:00";"3";"2018-12-08"
383;"2018-07-18";"05:00:00";"3";"2018-12-05"
293;"2018-07-17";"06:00:00";"3";
1419;"2018-07-12";"06:00:00";"3";
566;"2018-07-11";"04:00:00";"3";
1672;"2018-07-05";"06:00:00";"3";"2019-01-15"
2688;"2018-06-28";"06:00:00";"3";
2306;"2018-06-27";"06:00:00";"3";
2553;"2018-06-20";"06:00:00";"3";
274;"2018-06-15";"06:00:00";"3";"2019-10-03"
2136;"2018-06-14";"08:00:00";"2";
2527;"2018-06-14";"06:00:00";"3";"2020-11-16"
1686;"2018-06-13";"06:00:00";"3";"2019-08-13"
285;"2018-06-13";"08:00:00";"2";"2018-10-11"
1168;"2018-06-08";"06:00:00";"3";
3127;"2018-06-06";"06:00:00";"3";"2018-12-13"
2367;"2018-06-06";"06:00:00";"3";
2716;"2018-05-24";"06:00:00";"3";"2018-12-04"
286;"2018-05-23";"06:00:00";"3";"2018-12-13"
2771;"2018-05-22";"06:00:00";"3";
461;"2018-05-17";"06:00:00";"3";
627;"2018-05-16";"06:00:00";"3";
2331;"2018-05-16";"08:00:00";"2";"2019-08-22"
2422;"2018-05-16";"06:00:00";"3";
2615;"2018-05-10";"06:00:00";"3";"2020-09-24"
579;"2018-05-09";"06:00:00";"3";
127;"2018-05-08";"04:00:00";"3";"2018-10-11"
2519;"2018-04-27";"06:00:00";"3";
2355;"2018-04-27";"06:00:00";"3";"2018-10-04"
1213;"2018-04-26";"08:00:00";"2";
2146;"2018-04-26";"08:00:00";"2";
180;"2018-04-26";"08:00:00";"2";"2018-07-18"
179;"2018-04-26";"08:00:00";"2";"2018-07-18"
1686;"2018-04-26";"06:00:00";"3";
123;"2018-04-24";"06:00:00";"3";
1475;"2018-04-12";"08:00:00";"2";"2018-10-03"
2726;"2018-04-11";"06:00:00";"3";
2567;"2018-04-10";"06:00:00";"3";"2018-09-25"
2441;"2018-04-10";"06:00:00";"3";"2019-06-13"
386;"2018-04-10";"06:00:00";"3";"2018-08-29"
2495;"2018-04-05";"06:00:00";"3";"2018-11-21"
555;"2018-04-05";"06:00:00";"3";
2552;"2018-04-04";"06:00:00";"3";
1667;"2018-04-04";"08:00:00";"2";"2018-08-22"
2582;"2018-04-04";"05:00:00";"3";
1154;"2018-04-04";"04:00:00";"3";"2019-06-05"
2025;"2018-03-29";"08:00:00";"2";
272;"2018-03-29";"06:00:00";"3";"2018-12-12"
2557;"2018-03-28";"06:00:00";"3";"2018-08-23"
519;"2018-03-28";"06:00:00";"3";
1506;"2018-03-28";"06:00:00";"3";"2018-07-05"
667;"2018-03-28";"08:00:00";"3";"2018-07-18"
1212;"2018-03-28";"06:00:00";"3";
167;"2018-03-28";"06:00:00";"3";
2661;"2018-03-27";"06:00:00";"3";
557;"2018-03-27";"06:00:00";"3";"2018-10-31"
2620;"2018-03-27";"06:00:00";"3";"2018-12-12"
2011;"2018-03-23";"08:00:00";"2";"2018-09-26"
508;"2018-03-21";"06:00:00";"3";
2526;"2018-03-21";"06:00:00";"3";
2489;"2018-03-20";"06:00:00";"3";
782;"2018-03-20";"08:00:00";"2";"2018-12-19"
2531;"2018-03-20";"06:00:00";"3";
2761;"2018-03-14";"06:00:00";"3";
534;"2018-03-14";"06:00:00";"3";"2018-06-20"
2542;"2018-03-14";"06:00:00";"3";"2018-08-21"
2844;"2018-03-13";"06:00:00";"3";
116;"2018-03-13";"06:00:00";"3";"2018-07-19"
2782;"2018-03-08";"06:00:00";"3";
2370;"2018-03-08";"06:00:00";"2";"2018-08-22"
1346;"2018-03-07";"06:00:00";"3";"2018-09-25"
2767;"2018-03-01";"06:00:00";"3";
2440;"2018-03-01";"06:00:00";"3";
2692;"2018-02-28";"06:00:00";"3";"2021-04-23"
2678;"2018-02-28";"06:00:00";"3";"2018-09-05"
2437;"2018-02-28";"06:00:00";"3";"2018-07-19"
293;"2018-02-27";"06:00:00";"3";
2427;"2018-02-27";"06:00:00";"3";
2480;"2018-02-27";"06:00:00";"3";
2321;"2018-02-27";"06:00:00";"3";"2018-09-05"
2590;"2018-02-21";"06:00:00";"3";
1935;"2018-02-21";"06:00:00";"3";
1320;"2018-02-20";"06:00:00";"3";
1276;"2018-02-16";"06:00:00";"3";"2020-02-20"
2463;"2018-02-14";"06:00:00";"3";"2018-06-20"
2605;"2018-02-02";"06:00:00";"3";
1434;"2018-01-30";"06:00:00";"3";
735;"2018-01-26";"06:00:00";"3";"2018-07-19"
2329;"2018-01-25";"06:00:00";"3";
2437;"2018-01-25";"06:00:00";"1";"2018-07-19"
286;"2018-01-24";"06:00:00";"3";
1321;"2018-01-17";"06:00:00";"3";
2341;"2018-01-17";"06:00:00";"3";"2018-09-12"
2415;"2018-01-11";"06:00:00";"3";"2018-07-11"
2624;"2018-01-10";"06:00:00";"3";"2018-06-28"
1319;"2018-01-09";"06:00:00";"3";
2210;"2018-01-09";"06:00:00";"3";"2018-03-22"
1282;"2018-01-08";"06:00:00";"3";
2409;"2017-12-21";"06:00:00";"3";"2018-10-04"
1222;"2017-12-21";"06:00:00";"3";
1437;"2017-12-20";"06:00:00";"3";
289;"2017-12-20";"05:00:00";"3";
2017;"2017-12-20";"08:00:00";"2";"2018-10-10"
1430;"2017-12-19";"04:00:00";"3";
149;"2017-12-19";"06:00:00";"3";
3168;"2017-12-13";"06:00:00";"3";
2400;"2017-12-13";"06:00:00";"3";
253;"2017-12-07";"06:00:00";"3";
2415;"2017-12-07";"06:00:00";"3";
2594;"2017-12-05";"06:00:00";"3";
2557;"2017-12-05";"04:00:00";"3";
3192;"2017-11-30";"06:00:00";"3";
277;"2017-11-28";"06:00:00";"3";"2018-07-11"
2543;"2017-11-28";"06:00:00";"3";"2018-12-04"
2236;"2017-11-23";"06:00:00";"3";
1272;"2017-11-16";"06:00:00";"3";"2018-03-06"
2418;"2017-11-14";"06:00:00";"3";
2169;"2017-11-14";"08:00:00";"2";"2018-01-24"
1229;"2017-11-14";"06:00:00";"3";"2019-11-05"
1579;"2017-11-14";"06:00:00";"3";"2018-02-15"
110;"2017-11-14";"08:00:00";"2";"2018-01-24"
2846;"2017-11-09";"06:00:00";"3";"2019-10-11"
1275;"2017-11-09";"08:00:00";"2";"2018-04-10"
2224;"2017-11-09";"08:00:00";"2";"2018-01-18"
583;"2017-11-09";"06:00:00";"3";"2018-06-07"
2567;"2017-11-08";"06:00:00";"3";
1454;"2017-11-08";"08:00:00";"2";"2018-03-27"
2845;"2017-11-08";"06:00:00";"3";"2018-05-16"
1214;"2017-11-07";"06:00:00";"3";"2018-01-17"
579;"2017-11-07";"06:00:00";"3";"2019-04-23"
292;"2017-11-07";"06:00:00";"3";
444;"2017-11-01";"06:00:00";"3";"2019-09-04"
735;"2017-11-01";"06:00:00";"3";"2018-05-17"
2696;"2017-11-01";"06:00:00";"3";
648;"2017-10-31";"06:00:00";"3";"2018-01-11"
2311;"2017-10-31";"06:00:00";"3";
1410;"2017-10-31";"06:00:00";"3";
1664;"2017-10-19";"05:00:00";"3";"2018-04-17"
1145;"2017-10-19";"06:00:00";"3";
284;"2017-10-18";"06:00:00";"3";
297;"2017-10-17";"06:00:00";"3";
2596;"2017-10-11";"06:00:00";"3";
2256;"2017-10-11";"06:00:00";"3";"2018-02-14"
691;"2017-10-11";"08:00:00";"2";
2521;"2017-10-10";"06:00:00";"3";
2343;"2017-10-10";"06:00:00";"3";
263;"2017-09-28";"06:00:00";"3";"2018-02-15"
293;"2017-09-27";"06:00:00";"3";
1935;"2017-09-26";"06:00:00";"3";"2018-02-20"
2308;"2017-09-26";"08:00:00";"2";"2017-12-20"
1121;"2017-09-26";"06:00:00";"3";
2519;"2017-09-21";"06:00:00";"3";"2018-04-11"
534;"2017-09-20";"06:00:00";"3";
630;"2017-09-20";"06:00:00";"3";
710;"2017-09-20";"08:00:00";"2";"2018-03-06"
2527;"2017-09-14";"06:00:00";"3";
2132;"2017-09-14";"08:00:00";"2";"2018-01-04"
2878;"2017-09-13";"08:00:00";"2";"2018-04-12"
566;"2017-09-13";"06:00:00";"3";
2480;"2017-09-11";"06:00:00";"3";
2230;"2017-09-11";"06:00:00";"3";"2018-01-04"
1492;"2017-09-06";"06:00:00";"3";
288;"2017-09-06";"08:00:00";"2";"2018-01-18"
2371;"2017-09-06";"06:00:00";"3";
742;"2017-09-06";"06:00:00";"3";
2355;"2017-09-06";"06:00:00";"3";
2590;"2017-08-30";"06:00:00";"3";
2759;"2017-08-30";"06:00:00";"3";
2469;"2017-08-23";"08:00:00";"2";"2018-05-09"
2572;"2017-08-23";"06:00:00";"3";"2018-01-25"
1267;"2017-08-17";"06:00:00";"3";"2017-12-20"
96;"2017-08-17";"06:00:00";"3";
2781;"2017-08-07";"06:00:00";"3";
1523;"2017-08-03";"06:00:00";"2";"2017-11-09"
2131;"2017-08-02";"08:00:00";"2";"2017-12-14"
3150;"2017-08-02";"08:00:00";"2";"2017-12-13"
1658;"2017-07-28";"08:00:00";"2";"2017-11-30"
2458;"2017-07-27";"06:00:00";"3";
272;"2017-07-27";"06:00:00";"3";"2017-12-20"
2326;"2017-07-27";"06:00:00";"3";"2018-04-26"
2023;"2017-07-27";"08:00:00";"2";"2017-11-30"
289;"2017-07-26";"06:00:00";"3";
1465;"2017-07-26";"06:00:00";"3";
2353;"2017-07-24";"06:00:00";"3";
2543;"2017-07-24";"06:00:00";"3";
1408;"2017-07-20";"06:00:00";"3";
102;"2017-07-19";"06:00:00";"3";"2018-02-28"
1321;"2017-07-19";"06:00:00";"3";"2018-02-27"
801;"2017-07-13";"06:00:00";"3";"2018-01-16"
1320;"2017-07-13";"06:00:00";"3";
1152;"2017-07-12";"06:00:00";"3";
1319;"2017-07-03";"06:00:00";"3";"2018-02-14"
149;"2017-06-28";"06:00:00";"3";"2017-12-19"
1427;"2017-06-22";"06:00:00";"2";"2017-11-28"
723;"2017-06-22";"06:00:00";"3";"2018-02-14"
2553;"2017-06-21";"06:00:00";"3";"2018-01-26"
2457;"2017-06-14";"06:00:00";"3";
1644;"2017-06-14";"06:00:00";"3";
2678;"2017-06-09";"06:00:00";"3";"2018-02-20"
2311;"2017-06-07";"05:00:00";"3";
2708;"2017-06-05";"05:00:00";"3";
730;"2017-06-01";"06:00:00";"3";"2018-01-11"
167;"2017-06-01";"04:00:00";"3";
151;"2017-05-31";"06:00:00";"3";
2258;"2017-05-25";"06:00:00";"3";"2017-08-03"
1998;"2017-05-25";"08:00:00";"2";"2017-08-23"
2175;"2017-05-24";"06:00:00";"3";"2017-10-11"
71;"2017-05-22";"06:00:00";"3";"2017-11-22"
1536;"2017-05-17";"06:00:00";"3";
1999;"2017-05-17";"08:00:00";"2";"2017-07-26"
720;"2017-05-17";"06:00:00";"3";"2017-07-26"
2542;"2017-05-15";"04:00:00";"3";
1437;"2017-05-11";"04:00:00";"3";"2017-12-07"
2405;"2017-05-08";"04:00:00";"1";"2017-09-13"
1623;"2017-05-03";"05:00:00";"3";
2310;"2017-05-03";"05:00:00";"3";"2017-07-27"
669;"2017-05-03";"06:00:00";"3";
1434;"2017-05-03";"04:00:00";"3";
387;"2017-05-03";"04:00:00";"3";"2017-12-13"
729;"2017-05-02";"06:00:00";"3";"2019-02-28"
2138;"2017-04-28";"06:00:00";"3";"2017-08-17"
2243;"2017-04-27";"08:00:00";"2";"2017-12-06"
2290;"2017-04-26";"08:00:00";"2";"2017-08-30"
1465;"2017-04-26";"06:00:00";"3";"2017-07-20"
714;"2017-04-24";"06:00:00";"2";"2017-09-11"
2680;"2017-04-24";"06:00:00";"3";
2279;"2017-04-24";"06:00:00";"3";"2017-11-22"
620;"2017-04-20";"06:00:00";"3";"2017-08-03"
2624;"2017-04-20";"06:00:00";"3";"2018-03-01"
2125;"2017-04-20";"08:00:00";"2";"2017-09-21"
2282;"2017-04-19";"06:00:00";"3";
1581;"2017-04-19";"06:00:00";"3";"2017-07-26"
175;"2017-04-13";"06:00:00";"3";
2440;"2017-04-13";"06:00:00";"3";"2017-09-14"
2726;"2017-04-11";"06:00:00";"3";"2018-04-26"
1686;"2017-04-11";"06:00:00";"3";"2018-04-26"
2413;"2017-04-07";"06:00:00";"3";
2136;"2017-04-05";"06:00:00";"3";
1267;"2017-04-04";"06:00:00";"3";"2017-11-01"
2174;"2017-04-04";"04:00:00";"3";
2330;"2017-04-03";"06:00:00";"3";
2575;"2017-04-03";"06:00:00";"3";"2017-09-14"
2173;"2017-03-30";"08:00:00";"3";"2017-07-13"
2416;"2017-03-30";"06:00:00";"3";
2393;"2017-03-29";"08:00:00";"2";"2017-08-24"
2306;"2017-03-27";"05:00:00";"3";
2353;"2017-03-27";"04:00:00";"3";
2451;"2017-03-27";"06:00:00";"3";
558;"2017-03-22";"04:00:00";"3";"2018-10-04"
1933;"2017-03-20";"06:00:00";"3";"2017-07-27"
18;"2017-03-17";"06:00:00";"3";"2018-01-02"
2184;"2017-03-16";"06:00:00";"3";
2596;"2017-03-16";"06:00:00";"3";"2017-08-24"
41;"2017-03-08";"06:00:00";"3";"2017-06-07"
2257;"2017-03-02";"06:00:00";"3";"2017-06-14"
2496;"2017-03-01";"06:00:00";"3";"2017-09-14"
2759;"2017-02-23";"06:00:00";"3";
2045;"2017-02-20";"04:00:00";"3";"2017-06-01"
379;"2017-02-20";"08:00:00";"2";"2017-05-10"
1997;"2017-02-17";"06:00:00";"3";"2017-06-29"
608;"2017-02-16";"04:00:00";"3";
508;"2017-02-16";"06:00:00";"3";
2567;"2017-02-16";"06:00:00";"3";
583;"2017-02-16";"06:00:00";"3";"2018-06-06"
2605;"2017-02-13";"06:00:00";"3";"2018-05-22"
1260;"2017-02-07";"06:00:00";"3";"2018-05-16"
136;"2017-01-22";"06:00:00";"3";"2017-03-29"
3136;"2017-01-11";"06:00:00";"3";"2017-07-13"
43;"2017-01-11";"06:00:00";"3";
951;"2017-01-04";"06:00:00";"3";
2137;"2017-01-03";"06:00:00";"3";
474;"2016-12-15";"06:00:00";"3";"2017-07-13"
990;"2016-12-14";"06:00:00";"3";
62;"2016-12-14";"06:00:00";"3";
2311;"2016-12-14";"05:00:00";"3";
2487;"2016-12-12";"06:00:00";"3";
1944;"2016-12-08";"06:00:00";"3";
2210;"2016-12-07";"06:00:00";"3";"2018-03-15"
1213;"2016-12-05";"06:00:00";"3";
1412;"2016-12-01";"06:00:00";"3";"2017-02-23"
2594;"2016-12-01";"04:00:00";"3";
256;"2016-12-01";"06:00:00";"3";"2017-03-08"
1419;"2016-12-01";"06:00:00";"3";
3142;"2016-11-24";"06:00:00";"3";"2017-05-17"
2256;"2016-11-24";"06:00:00";"3";
2504;"2016-11-24";"06:00:00";"3";
2523;"2016-11-17";"06:00:00";"3";
2596;"2016-11-17";"06:00:00";"3";"2017-03-02"
2153;"2016-11-10";"06:00:00";"3";"2017-06-14"
2184;"2016-11-10";"06:00:00";"3";"2017-03-02"
2402;"2016-11-10";"06:00:00";"3";
720;"2016-11-03";"06:00:00";"3";"2017-05-18"
1938;"2016-10-27";"06:00:00";"3";"2017-08-14"
299;"2016-10-26";"06:00:00";"3";
2615;"2016-10-26";"06:00:00";"3";"2018-05-10"
3192;"2016-10-24";"06:00:00";"3";"2017-06-09"
1152;"2016-10-20";"06:00:00";"3";
2600;"2016-10-19";"06:00:00";"3";
2136;"2016-10-17";"06:00:00";"3";
2028;"2016-10-13";"06:00:00";"3";"2017-05-04"
2311;"2016-09-29";"05:00:00";"3";
2283;"2016-09-28";"05:00:00";"3";"2017-09-13"
2041;"2016-09-26";"08:00:00";"2";"2017-01-20"
1654;"2016-09-19";"08:00:00";"2";"2017-03-31"
1341;"2016-09-16";"06:00:00";"1";"2017-01-27"
2645;"2016-09-15";"06:00:00";"2";"2017-03-08"
2142;"2016-09-15";"06:00:00";"3";
550;"2016-09-15";"05:00:00";"3";"2017-09-14"
2429;"2016-09-15";"06:00:00";"3";"2017-12-07"
2353;"2016-09-15";"04:00:00";"3";
2177;"2016-09-14";"06:00:00";"3";
41;"2016-09-14";"06:00:00";"3";"2017-05-18"
2171;"2016-09-12";"08:00:00";"2";
691;"2016-09-12";"06:00:00";"3";
1169;"2016-09-12";"06:00:00";"3";"2018-05-17"
2037;"2016-09-12";"06:00:00";"3";"2017-05-10"
2257;"2016-09-08";"06:00:00";"3";
136;"2016-09-08";"06:00:00";"3";
709;"2016-09-08";"08:00:00";"2";"2017-03-29"
2207;"2016-09-08";"06:00:00";"3";
2121;"2016-09-05";"06:00:00";"3";"2017-01-04"
1446;"2016-09-05";"08:00:00";"2";"2017-01-05"
1581;"2016-09-05";"06:00:00";"3";"2017-04-19"
2330;"2016-09-01";"06:00:00";"3";"2017-03-30"
2214;"2016-09-01";"06:00:00";"3";"2017-03-30"
523;"2016-09-01";"06:00:00";"3";"2017-03-30"
2759;"2016-08-25";"06:00:00";"3";"2017-01-05"
951;"2016-08-25";"06:00:00";"3";
1918;"2016-08-25";"08:00:00";"2";"2017-03-15"
1449;"2016-08-24";"06:00:00";"3";
2208;"2016-08-24";"06:00:00";"3";"2017-10-05"
2527;"2016-08-24";"06:00:00";"3";"2017-04-20"
2457;"2016-08-24";"06:00:00";"3";"2017-02-23"
2572;"2016-08-24";"06:00:00";"3";"2017-09-13"
539;"2016-08-22";"06:00:00";"3";"2016-12-15"
455;"2016-08-22";"06:00:00";"3";"2017-03-09"
2642;"2016-08-18";"06:00:00";"3";"2017-04-16"
2529;"2016-08-17";"06:00:00";"3";
2260;"2016-08-12";"06:00:00";"3";
2486;"2016-08-12";"06:00:00";"3";
2047;"2016-08-11";"06:00:00";"3";
2329;"2016-08-11";"06:00:00";"3";"2018-01-24"
844;"2016-08-10";"06:00:00";"3";
1418;"2016-08-03";"06:00:00";"3";
1369;"2016-08-03";"06:00:00";"3";"2016-11-10"
1209;"2016-08-02";"06:00:00";"3";
1652;"2016-08-01";"08:00:00";"2";"2016-10-21"
233;"2016-08-01";"06:00:00";"3";"2016-11-24"
384;"2016-07-27";"06:00:00";"3";"2017-03-09"
43;"2016-07-25";"06:00:00";"3";"2017-01-05"
373;"2016-07-20";"06:00:00";"3";
96;"2016-07-05";"08:00:00";"2";
2371;"2016-07-05";"06:00:00";"3";
2258;"2016-07-01";"06:00:00";"3";"2017-05-24"
801;"2016-06-30";"04:00:00";"3";"2017-07-13"
149;"2016-06-30";"06:00:00";"3";"2017-06-28"
725;"2016-06-30";"06:00:00";"3";"2017-02-23"
2125;"2016-06-30";"06:00:00";"3";
861;"2016-06-30";"06:00:00";"3";"2017-03-01"
990;"2016-06-29";"06:00:00";"3";"2016-12-15"
455;"2016-06-29";"06:00:00";"3";"2016-08-21"
252;"2016-06-27";"06:00:00";"2";"2016-11-17"
2009;"2016-06-27";"06:00:00";"3";
2282;"2016-06-27";"06:00:00";"3";
2523;"2016-06-27";"06:00:00";"3";"2016-11-03"
2085;"2016-06-27";"06:00:00";"3";"2016-10-26"
145;"2016-06-27";"06:00:00";"3";
62;"2016-06-27";"06:00:00";"3";
2493;"2016-06-27";"06:00:00";"3";
2145;"2016-06-15";"06:00:00";"3";"2017-01-19"
2238;"2016-06-02";"06:00:00";"3";
1666;"2016-06-02";"06:00:00";"3";
430;"2016-06-01";"06:00:00";"3";"2016-11-29"
2297;"2016-06-01";"06:00:00";"3";
3151;"2016-06-01";"06:00:00";"3";
582;"2016-06-01";"06:00:00";"3";
2224;"2016-06-01";"06:00:00";"3";
2137;"2016-05-31";"06:00:00";"3";"2016-12-15"
1465;"2016-05-23";"06:00:00";"3";"2016-11-17"
1320;"2016-05-23";"04:00:00";"3";
2259;"2016-05-19";"06:00:00";"3";
2321;"2016-05-19";"06:00:00";"3";
309;"2016-05-19";"06:00:00";"3";
1344;"2016-05-12";"08:00:00";"2";"2016-11-17"
1998;"2016-05-11";"06:00:00";"3";
3182;"2016-05-09";"06:00:00";"3";
433;"2016-05-05";"08:00:00";"2";"2016-10-19"
2240;"2016-05-05";"06:00:00";"3";
2126;"2016-05-04";"06:00:00";"3";"2016-09-01"
2495;"2016-05-03";"04:00:00";"3";
1000;"2016-04-29";"06:00:00";"3";"2016-10-03"
2659;"2016-04-28";"06:00:00";"3";"2016-09-08"
1840;"2016-04-28";"08:00:00";"2";"2016-08-25"
1270;"2016-04-28";"08:00:00";"2";"2016-08-03"
1579;"2016-04-25";"04:00:00";"3";
1412;"2016-04-25";"06:00:00";"3";"2017-01-23"
1977;"2016-04-20";"04:00:00";"3";
2125;"2016-04-20";"04:00:00";"3";
1207;"2016-04-18";"06:00:00";"3";"2016-10-17"
256;"2016-04-14";"05:00:00";"3";"2016-10-20"
1600;"2016-04-13";"08:00:00";"2";
726;"2016-04-13";"08:00:00";"2";"2016-09-29"
1531;"2016-04-11";"06:00:00";"3";
2543;"2016-04-11";"04:00:00";"3";
1855;"2016-04-07";"08:00:00";"2";"2016-08-18"
2661;"2016-04-06";"04:00:00";"3";
254;"2016-04-01";"05:00:00";"3";"2016-10-17"
2288;"2016-04-01";"05:00:00";"3";"2016-10-27"
1562;"2016-03-31";"08:00:00";"2";
289;"2016-03-31";"05:00:00";"3";
2037;"2016-03-23";"04:00:00";"3";"2016-09-29"
691;"2016-03-22";"06:00:00";"3";
1401;"2016-03-21";"06:00:00";"3";"2018-05-16"
35;"2016-03-21";"06:00:00";"3";"2016-09-01"
911;"2016-03-17";"06:00:00";"3";"2016-09-15"
1275;"2016-03-17";"06:00:00";"3";
621;"2016-03-17";"08:00:00";"2";"2016-08-04"
2142;"2016-03-17";"06:00:00";"3";
2328;"2016-03-14";"06:00:00";"3";
2010;"2016-03-14";"08:00:00";"2";"2016-07-07"
2286;"2016-03-14";"04:00:00";"1";"2016-08-11"
1248;"2016-03-09";"06:00:00";"3";"2016-06-16"
710;"2016-03-08";"06:00:00";"3";
2363;"2016-03-03";"06:00:00";"3";
2193;"2016-03-02";"08:00:00";"2";"2016-09-29"
1993;"2016-03-02";"06:00:00";"3";
2269;"2016-03-01";"06:00:00";"3";"2018-12-11"
539;"2016-02-29";"06:00:00";"3";
2092;"2016-02-29";"06:00:00";"3";"2017-06-21"
2255;"2016-02-25";"06:00:00";"3";"2016-09-05"
1944;"2016-02-25";"06:00:00";"3";
1171;"2016-02-24";"06:00:00";"3";
181;"2016-02-18";"08:00:00";"2";"2016-06-29"
2183;"2016-02-17";"06:00:00";"3";"2018-05-16"
2112;"2016-02-16";"06:00:00";"3";"2017-08-02"
1656;"2016-02-08";"06:00:00";"3";"2016-08-25"
1209;"2016-02-01";"06:00:00";"3";"2016-08-02"
120;"2016-01-25";"06:00:00";"3";"2016-08-01"
1651;"2016-01-21";"06:00:00";"3";"2016-04-06"
166;"2016-01-21";"06:00:00";"3";"2016-06-15"
2277;"2016-01-21";"06:00:00";"3";
2320;"2016-01-14";"06:00:00";"3";
1997;"2016-01-11";"06:00:00";"3";
700;"2016-01-04";"08:00:00";"2";"2016-04-25"
242;"2015-12-17";"08:00:00";"2";"2016-06-29"
3159;"2015-12-15";"06:00:00";"3";
222;"2015-12-15";"06:00:00";"3";"2016-02-26"
1814;"2015-12-14";"08:00:00";"2";"2016-06-13"
2238;"2015-11-26";"06:00:00";"3";"2016-06-20"
1464;"2015-11-26";"06:00:00";"3";"2016-03-23"
1306;"2015-11-26";"06:00:00";"3";
1497;"2015-11-26";"06:00:00";"3";
417;"2015-11-23";"06:00:00";"3";"2016-03-09"
603;"2015-11-20";"06:00:00";"3";"2017-08-11"
3151;"2015-11-16";"06:00:00";"3";"2016-03-30"
2060;"2015-11-16";"08:00:00";"2";"2016-03-17"
1666;"2015-11-13";"06:00:00";"3";"2016-06-02"
431;"2015-11-05";"06:00:00";"3";"2016-05-09"
708;"2015-11-03";"06:00:00";"3";"2016-03-07"
1919;"2015-11-03";"06:00:00";"3";"2016-03-03"
766;"2015-10-29";"06:00:00";"3";"2016-05-05"
2202;"2015-10-26";"08:00:00";"2";"2016-05-12"
1207;"2015-10-26";"06:00:00";"3";
897;"2015-10-20";"06:00:00";"3";"2016-03-07"
1933;"2015-10-19";"06:00:00";"3";
1996;"2015-10-19";"06:00:00";"3";"2016-01-07"
1503;"2015-10-19";"06:00:00";"3";"2016-03-03"
1444;"2015-10-15";"06:00:00";"3";"2016-03-30"
2027;"2015-10-13";"04:00:00";"3";"2016-02-18"
2149;"2015-10-09";"06:00:00";"3";"2017-06-21"
1258;"2015-10-09";"06:00:00";"3";"2015-12-15"
2294;"2015-10-09";"06:00:00";"3";"2016-05-09"
2321;"2015-10-08";"06:00:00";"3";"2016-03-21"
2344;"2015-10-08";"08:00:00";"2";"2016-02-17"
796;"2015-10-08";"06:00:00";"1";"2016-01-06"
2028;"2015-09-24";"06:00:00";"3";"2016-02-19"
2497;"2015-09-24";"06:00:00";"3";
2242;"2015-09-24";"08:00:00";"2";"2016-02-03"
1659;"2015-09-11";"06:00:00";"3";"2016-01-04"
1355;"2015-09-11";"06:00:00";"3";
1371;"2015-09-10";"06:00:00";"3";
2039;"2015-09-04";"04:00:00";"1";"2016-03-02"
523;"2015-09-04";"04:00:00";"1";"2016-03-14"
2071;"2015-09-04";"08:00:00";"2";"2016-03-20"
2019;"2015-09-04";"08:00:00";"2";"2016-06-08"
2005;"2015-09-01";"06:00:00";"3";"2016-04-07"
1647;"2015-08-27";"08:00:00";"2";"2016-02-26"
1367;"2015-08-27";"06:00:00";"3";
1978;"2015-08-20";"08:00:00";"2";"2015-12-21"
181;"2015-08-17";"06:00:00";"3";
1644;"2015-08-17";"06:00:00";"3";
1967;"2015-08-13";"06:00:00";"3";"2015-12-14"
2112;"2015-08-12";"06:00:00";"3";"2016-01-18"
2442;"2015-08-10";"06:00:00";"3";"2016-06-29"
1667;"2015-08-06";"06:00:00";"3";
1932;"2015-08-06";"06:00:00";"3";"2016-02-22"
1533;"2015-08-05";"06:00:00";"3";"2016-06-28"
635;"2015-08-03";"06:00:00";"3";
2286;"2015-07-30";"06:00:00";"3";"2015-09-01"
2258;"2015-07-30";"06:00:00";"3";"2016-11-09"
864;"2015-07-30";"06:00:00";"3";
2183;"2015-07-23";"06:00:00";"3";"2016-02-16"
2418;"2015-07-23";"04:00:00";"3";
888;"2015-07-20";"06:00:00";"3";
2303;"2015-07-20";"06:00:00";"3";"2016-01-21"
2277;"2015-07-15";"06:00:00";"3";"2016-01-21"
2320;"2015-07-13";"06:00:00";"3";"2016-02-18"
1208;"2015-07-13";"06:00:00";"3";"2015-11-17"
2031;"2015-07-10";"08:00:00";"2";"2015-11-19"
1345;"2015-07-10";"06:00:00";"7";"2016-02-24"
164;"2015-07-10";"06:00:00";"3";
1159;"2015-07-09";"08:00:00";"3";"2016-01-07"
1996;"2015-07-09";"04:00:00";"3";"2015-10-18"
2207;"2015-07-09";"06:00:00";"3";
2209;"2015-07-09";"06:00:00";"3";
1919;"2015-07-09";"04:00:00";"3";"2016-02-26"
2185;"2015-07-03";"06:00:00";"3";"2016-08-17"
221;"2015-07-02";"06:00:00";"3";
166;"2015-07-01";"06:00:00";"3";
2331;"2015-06-23";"06:00:00";"3";
2504;"2015-06-18";"06:00:00";"3";
726;"2015-06-17";"06:00:00";"3";
2143;"2015-06-16";"06:00:00";"3";
1258;"2015-06-15";"06:00:00";"3";"2015-09-28"
2145;"2015-06-15";"06:00:00";"3";"2016-06-14"
2277;"2015-06-15";"06:00:00";"3";"2015-07-15"
502;"2015-06-15";"06:00:00";"3";
2360;"2015-06-15";"06:00:00";"3";
1814;"2015-05-18";"06:00:00";"3";
1937;"2015-05-18";"06:00:00";"3";"2015-11-13"
1998;"2015-05-18";"06:00:00";"3";"2017-07-05"
476;"2015-04-23";"06:00:00";"3";"2015-08-24"
1860;"2015-04-23";"06:00:00";"3";"2015-10-22"
476;"2015-04-23";"06:00:00";"3";"2015-10-22"
1860;"2015-04-20";"06:00:00";"3";"2015-07-23"
1258;"2015-04-17";"06:00:00";"3";"2015-10-16"
1258;"2015-04-17";"06:00:00";"3";"2015-10-16"
1331;"2015-04-16";"06:00:00";"3";"2015-10-15"
1331;"2015-04-16";"06:00:00";"3";"2015-10-19"
1207;"2015-04-16";"06:00:00";"3";
1207;"2015-04-16";"06:00:00";"3";"2015-10-15"
2338;"2015-04-15";"06:00:00";"3";"2015-11-25"
248;"2015-04-13";"06:00:00";"3";"2015-10-12"
3153;"2015-04-13";"06:00:00";"3";"2015-10-12"
3153;"2015-04-13";"06:00:00";"3";"2015-10-12"
248;"2015-04-13";"06:00:00";"3";
2338;"2015-04-09";"06:00:00";"3";"2015-10-08"
2355;"2015-04-02";"06:00:00";"3";"2015-10-01"
2355;"2015-04-02";"06:00:00";"3";"2018-12-19"
1965;"2015-03-27";"06:00:00";"3";"2015-09-25"
1965;"2015-03-27";"06:00:00";"3";"2016-01-27"
1444;"2015-03-19";"06:00:00";"3";"2015-09-17"
1444;"2015-03-19";"06:00:00";"3";"2015-09-24"
1647;"2015-02-24";"06:00:00";"3";
1647;"2015-02-24";"06:00:00";"3";"2015-08-25"
2143;"2015-02-24";"06:00:00";"3";"2015-08-25"
2143;"2015-02-24";"06:00:00";"3";"2015-06-16"
1971;"2015-02-23";"06:00:00";"3";"2015-09-25"
1971;"2015-02-23";"06:00:00";"3";"2015-08-24"
52;"2015-02-13";"06:00:00";"3";"2015-08-27"
1660;"2015-02-13";"06:00:00";"3";"2015-08-14"
1660;"2015-02-13";"06:00:00";"3";"2015-08-11"
52;"2015-02-13";"06:00:00";"3";"2015-08-14"
516;"2015-02-12";"06:00:00";"3";"2015-08-13"
516;"2015-02-12";"06:00:00";"3";"2015-07-27"
2143;"2015-02-10";"06:00:00";"3";"2015-09-15"
294;"2015-02-09";"06:00:00";"3";"2015-08-10"
294;"2015-02-09";"06:00:00";"3";"2015-08-10"
592;"2015-02-05";"06:00:00";"3";"2015-06-16"
592;"2015-02-05";"06:00:00";"3";"2015-08-06"
1881;"2015-02-02";"06:00:00";"3";"2015-07-22"
1881;"2015-01-29";"06:00:00";"3";"2015-07-30"
241;"2015-01-26";"06:00:00";"3";"2015-08-27"
241;"2015-01-26";"06:00:00";"3";"2015-07-27"
1659;"2015-01-23";"06:00:00";"3";"2015-09-10"
1659;"2015-01-23";"06:00:00";"3";"2015-07-24"
2037;"2015-01-22";"06:00:00";"3";"2015-07-23"
2006;"2015-01-19";"06:00:00";"3";"2015-06-18"
2365;"2015-01-19";"06:00:00";"3";"2015-07-20"
2006;"2015-01-19";"06:00:00";"3";"2015-07-20"
2365;"2015-01-19";"06:00:00";"3";"2015-07-20"
112;"2015-01-15";"06:00:00";"3";"2015-07-16"
112;"2015-01-15";"06:00:00";"3";
2173;"2015-01-14";"06:00:00";"3";
1979;"2015-01-13";"06:00:00";"3";"2015-07-14"
1979;"2015-01-13";"06:00:00";"3";
1893;"2015-01-12";"06:00:00";"3";"2015-07-13"
1893;"2015-01-12";"06:00:00";"3";"2015-06-03"
1882;"2015-01-09";"06:00:00";"3";
1882;"2015-01-09";"06:00:00";"3";"2015-07-10"
171;"2015-01-08";"06:00:00";"3";"2015-05-19"
171;"2015-01-08";"06:00:00";"3";"2015-07-21"
2286;"2015-01-08";"06:00:00";"3";"2015-07-09"
2286;"2015-01-08";"06:00:00";"3";"2015-07-17"
2149;"2015-01-01";"06:00:00";"3";"2015-08-31"
1204;"2014-12-18";"06:00:00";"3";"2015-06-18"
1204;"2014-12-18";"06:00:00";"3";"2015-06-17"
637;"2014-12-16";"06:00:00";"3";"2015-06-16"
637;"2014-12-16";"06:00:00";"3";"2015-06-23"
1562;"2014-12-16";"06:00:00";"3";"2015-06-16"
1562;"2014-12-16";"06:00:00";"3";"2015-06-16"
1988;"2014-12-08";"06:00:00";"3";
1988;"2014-12-08";"06:00:00";"3";"2015-06-08"
1150;"2014-12-08";"06:00:00";"3";"2015-07-09"
2045;"2014-12-03";"06:00:00";"3";"2015-06-03"
2045;"2014-12-03";"06:00:00";"1";
1210;"2014-12-02";"06:00:00";"3";"2015-06-01"
415;"2014-11-27";"06:00:00";"3";"2015-05-28"
415;"2014-11-27";"06:00:00";"3";"2015-05-28"
548;"2014-11-24";"06:00:00";"3";"2015-05-25"
1811;"2014-11-24";"06:00:00";"3";"2015-03-09"
1811;"2014-11-24";"06:00:00";"3";"2015-03-09"
548;"2014-11-24";"06:00:00";"3";
110;"2014-11-24";"06:00:00";"3";"2015-05-25"
110;"2014-11-24";"06:00:00";"3";"2015-04-13"
620;"2014-11-20";"06:00:00";"3";"2017-04-20"
2338;"2014-11-20";"06:00:00";"3";"2015-04-15"
603;"2014-11-20";"06:00:00";"3";
603;"2014-11-20";"06:00:00";"3";"2015-05-21"
2338;"2014-11-20";"06:00:00";"3";"2015-05-21"
620;"2014-11-20";"06:00:00";"3";"2015-05-21"
1990;"2014-11-17";"06:00:00";"3";"2015-05-18"
1753;"2014-11-17";"06:00:00";"3";"2015-05-27"
2366;"2014-11-17";"06:00:00";"3";"2015-05-18"
2366;"2014-11-17";"06:00:00";"3";"2015-05-18"
1990;"2014-11-17";"06:00:00";"3";"2015-05-18"
231;"2014-11-17";"06:00:00";"3";"2015-05-18"
231;"2014-11-17";"06:00:00";"3";"2015-05-18"
1753;"2014-11-17";"06:00:00";"3";"2015-05-18"
1593;"2014-11-06";"06:00:00";"3";"2015-04-15"
1875;"2014-11-06";"06:00:00";"3";"2015-05-07"
1593;"2014-11-06";"06:00:00";"3";"2015-04-15"
1875;"2014-11-06";"06:00:00";"3";"2015-05-07"
227;"2014-11-05";"06:00:00";"3";"2015-04-15"
1270;"2014-11-05";"06:00:00";"3";"2015-05-04"
2130;"2014-11-05";"06:00:00";"3";"2015-05-06"
2130;"2014-11-05";"06:00:00";"3";"2015-05-06"
2170;"2014-11-05";"06:00:00";"3";
1270;"2014-11-05";"06:00:00";"3";"2015-05-06"
227;"2014-11-05";"06:00:00";"3";"2015-04-15"
2170;"2014-11-05";"06:00:00";"3";"2015-05-06"
35;"2014-11-03";"06:00:00";"1";
35;"2014-11-03";"06:00:00";"3";"2015-05-04"
654;"2014-10-31";"06:00:00";"3";
897;"2014-10-31";"06:00:00";"3";"2015-05-01"
2120;"2014-10-29";"06:00:00";"3";"2015-04-29"
2120;"2014-10-29";"06:00:00";"3";
1215;"2014-10-23";"06:00:00";"3";"2015-04-23"
2126;"2014-10-23";"06:00:00";"3";"2016-04-25"
1215;"2014-10-23";"06:00:00";"3";
243;"2014-10-23";"06:00:00";"3";"2015-04-23"
243;"2014-10-23";"06:00:00";"3";"2015-04-23"
444;"2014-10-13";"06:00:00";"3";"2019-09-04"
1656;"2014-10-13";"06:00:00";"3";"2015-06-08"
1656;"2014-10-13";"06:00:00";"3";"2015-04-13"
444;"2014-10-13";"06:00:00";"3";"2015-04-13"
219;"2014-10-09";"06:00:00";"3";"2015-04-09"
219;"2014-10-09";"06:00:00";"3";"2015-04-09"
1373;"2014-10-09";"06:00:00";"3";"2015-04-09"
125;"2014-10-01";"06:00:00";"3";"2015-04-01"
125;"2014-10-01";"06:00:00";"3";"2015-07-02"
470;"2014-09-30";"06:00:00";"3";"2015-03-31"
470;"2014-09-30";"06:00:00";"3";"2015-03-31"
1806;"2014-09-29";"06:00:00";"3";"2015-03-30"
708;"2014-09-29";"06:00:00";"3";"2015-03-30"
1806;"2014-09-29";"06:00:00";"3";"2015-03-30"
708;"2014-09-29";"06:00:00";"3";"2015-03-30"
1427;"2014-09-22";"06:00:00";"3";"2015-03-23"
1427;"2014-09-22";"06:00:00";"3";"2016-03-30"
1813;"2014-09-04";"06:00:00";"3";"2015-02-20"
1813;"2014-09-04";"06:00:00";"3";"2015-02-20"
1415;"2014-08-28";"06:00:00";"3";"2015-02-26"
1132;"2014-08-28";"06:00:00";"3";"2015-02-20"
1415;"2014-08-28";"06:00:00";"3";"2016-08-28"
1132;"2014-08-28";"06:00:00";"3";"2015-02-20"
1909;"2014-08-25";"06:00:00";"3";"2015-02-23"
1909;"2014-08-25";"06:00:00";"3";"2015-02-23"
1963;"2014-08-11";"06:00:00";"3";"2015-02-09"
1963;"2014-08-11";"06:00:00";"3";"2015-02-09"
763;"2014-08-11";"06:00:00";"3";"2015-02-13"
763;"2014-08-11";"06:00:00";"3";"2015-02-13"
780;"2014-08-06";"06:00:00";"3";"2015-01-26"
381;"2014-08-06";"06:00:00";"3";"2015-01-26"
3150;"2014-07-24";"06:00:00";"3";
1931;"2014-07-24";"06:00:00";"3";"2015-01-09"
3150;"2014-07-24";"06:00:00";"3";"2015-01-22"
1886;"2014-07-24";"06:00:00";"3";"2015-01-22"
1931;"2014-07-24";"06:00:00";"3";"2015-01-09"
1824;"2014-07-24";"06:00:00";"3";"2015-01-22"
1824;"2014-07-24";"06:00:00";"3";"2015-01-22"
1886;"2014-07-24";"06:00:00";"3";"2015-01-22"
2308;"2014-07-21";"06:00:00";"3";
1855;"2014-07-21";"06:00:00";"3";"2015-01-19"
2308;"2014-07-21";"06:00:00";"3";"2015-01-19"
1855;"2014-07-21";"06:00:00";"3";"2014-07-24"
2180;"2014-07-17";"06:00:00";"3";"2015-01-15"
2180;"2014-07-17";"06:00:00";"3";"2015-01-15"
718;"2014-07-15";"06:00:00";"3";"2015-01-13"
718;"2014-07-15";"06:00:00";"3";"2015-01-13"
1814;"2014-07-09";"06:00:00";"3";
1814;"2014-07-09";"06:00:00";"3";"2015-01-07"
1905;"2014-07-07";"06:00:00";"3";"2015-01-05"
1905;"2014-07-07";"06:00:00";"3";"2015-01-05"
213;"2014-07-07";"06:00:00";"3";"2014-12-04"
213;"2014-07-07";"06:00:00";"3";"2014-12-04"
3184;"2014-07-03";"06:00:00";"3";"2014-11-27"
3184;"2014-07-03";"06:00:00";"3";"2014-11-27"
664;"2014-07-02";"06:00:00";"3";"2014-12-31"
664;"2014-07-02";"06:00:00";"3";"2014-12-31"
2016;"2014-06-30";"06:00:00";"3";"2016-06-30"
2016;"2014-06-30";"06:00:00";"3";"2014-12-29"
1464;"2014-06-26";"06:00:00";"3";"2014-12-25"
1464;"2014-06-26";"06:00:00";"3";
1659;"2014-06-26";"06:00:00";"3";"2014-12-25"
1659;"2014-06-26";"06:00:00";"3";"2014-12-25"
1985;"2014-06-25";"06:00:00";"3";
1985;"2014-06-25";"06:00:00";"3";"2014-12-24"
1979;"2014-06-25";"06:00:00";"3";"2015-01-22"
355;"2014-06-25";"06:00:00";"3";"2014-11-28"
355;"2014-06-25";"06:00:00";"3";"2014-11-28"
1979;"2014-06-25";"06:00:00";"3";"2015-01-22"
1986;"2014-06-24";"06:00:00";"3";"2014-12-23"
1882;"2014-06-24";"06:00:00";"3";"2014-12-12"
1882;"2014-06-24";"06:00:00";"3";"2014-12-12"
1986;"2014-06-24";"06:00:00";"3";"2014-12-23"
2136;"2014-06-18";"06:00:00";"3";"2016-06-18"
2136;"2014-06-18";"06:00:00";"3";"2014-12-17"
1939;"2014-06-16";"06:00:00";"3";"2014-12-15"
1939;"2014-06-16";"06:00:00";"3";"2014-12-15"
1881;"2014-06-11";"06:00:00";"3";"2014-12-10"
1881;"2014-06-11";"06:00:00";"3";"2014-12-10"
2076;"2014-06-09";"06:00:00";"3";"2014-12-08"
2061;"2014-06-09";"06:00:00";"3";"2014-12-08"
2061;"2014-06-09";"06:00:00";"3";"2014-12-08"
2076;"2014-06-09";"06:00:00";"3";"2014-12-08"
1253;"2014-06-09";"06:00:00";"3";"2014-12-04"
1253;"2014-06-09";"06:00:00";"3";"2014-12-04"
2365;"2014-06-05";"06:00:00";"3";"2014-12-04"
3172;"2014-06-05";"06:00:00";"3";"2014-10-07"
3172;"2014-06-05";"06:00:00";"3";"2014-10-07"
2365;"2014-06-05";"06:00:00";"3";"2014-12-04"
1892;"2014-06-02";"06:00:00";"3";"2014-12-01"
2240;"2014-06-02";"06:00:00";"3";"2014-12-01"
2240;"2014-06-02";"06:00:00";"3";"2014-12-01"
3159;"2014-06-02";"06:00:00";"3";"2014-12-01"
3159;"2014-06-02";"06:00:00";"3";"2014-12-01"
1892;"2014-06-02";"06:00:00";"3";"2014-12-01"
2149;"2014-06-01";"06:00:00";"3";"2014-11-30"
2149;"2014-06-01";"06:00:00";"3";"2014-11-30"
1562;"2014-05-29";"06:00:00";"3";
1562;"2014-05-29";"06:00:00";"3";"2014-11-27"
685;"2014-05-28";"06:00:00";"3";
1604;"2014-05-28";"06:00:00";"3";"2014-11-26"
1604;"2014-05-28";"06:00:00";"3";"2015-06-01"
1210;"2014-05-28";"06:00:00";"3";"2014-11-26"
1210;"2014-05-28";"06:00:00";"3";"2014-11-26"
685;"2014-05-28";"06:00:00";"3";"2014-11-26"
89;"2014-05-27";"06:00:00";"3";"2014-11-25"
89;"2014-05-27";"06:00:00";"3";"2014-11-25"
2077;"2014-05-26";"06:00:00";"3";"2014-11-24"
2077;"2014-05-26";"06:00:00";"3";
2009;"2014-05-26";"06:00:00";"3";"2014-11-24"
2009;"2014-05-26";"06:00:00";"3";"2014-11-24"
1317;"2014-05-26";"06:00:00";"3";"2014-11-24"
1317;"2014-05-26";"06:00:00";"3";"2014-11-24"
766;"2014-05-22";"06:00:00";"3";"2014-11-20"
822;"2014-05-22";"06:00:00";"3";"2016-05-22"
822;"2014-05-22";"06:00:00";"3";"2014-11-20"
766;"2014-05-22";"06:00:00";"3";
2036;"2014-05-19";"06:00:00";"3";"2014-11-17"
2036;"2014-05-19";"06:00:00";"3";"2014-11-17"
1304;"2014-05-19";"06:00:00";"3";"2014-08-29"
1304;"2014-05-16";"06:00:00";"3";"2014-11-14"
1850;"2014-05-15";"06:00:00";"3";"2014-11-13"
1850;"2014-05-15";"06:00:00";"3";"2014-11-13"
1991;"2014-05-14";"06:00:00";"3";"2014-11-12"
1991;"2014-05-14";"06:00:00";"3";"2014-11-12"
1844;"2014-05-13";"06:00:00";"3";"2014-11-11"
1844;"2014-05-13";"06:00:00";"3";"2014-11-11"
1966;"2014-05-12";"06:00:00";"3";"2016-05-12"
1821;"2014-05-12";"06:00:00";"3";"2014-11-10"
1821;"2014-05-12";"06:00:00";"3";"2014-11-10"
1966;"2014-05-12";"06:00:00";"3";"2014-11-05"
1966;"2014-05-12";"06:00:00";"3";"2014-11-10"
1966;"2014-05-12";"06:00:00";"3";"2014-11-05"
1656;"2014-05-05";"06:00:00";"3";"2014-11-03"
1656;"2014-05-05";"06:00:00";"3";"2014-11-03"
1879;"2014-04-30";"06:00:00";"3";"2014-10-29"
1879;"2014-04-30";"06:00:00";"3";
1518;"2014-04-30";"06:00:00";"3";"2014-08-29"
1518;"2014-04-30";"06:00:00";"3";"2014-08-29"
1801;"2014-04-28";"06:00:00";"3";"2014-08-27"
1639;"2014-04-28";"06:00:00";"3";"2014-08-27"
1639;"2014-04-28";"06:00:00";"3";"2014-08-27"
1801;"2014-04-28";"06:00:00";"3";"2014-08-27"
549;"2014-04-24";"06:00:00";"3";"2015-04-23"
549;"2014-04-24";"06:00:00";"3";"2014-10-23"
1247;"2014-04-24";"06:00:00";"3";"2014-10-13"
1247;"2014-04-24";"06:00:00";"3";"2014-10-13"
778;"2014-04-01";"06:00:00";"3";"2014-07-25"
778;"2014-04-01";"06:00:00";"3";"2014-07-25"
575;"2014-03-31";"06:00:00";"3";
575;"2014-03-31";"06:00:00";"3";"2014-09-29"
2084;"2014-03-27";"06:00:00";"3";"2014-09-25"
2084;"2014-03-27";"06:00:00";"3";"2014-09-25"
1897;"2014-03-26";"06:00:00";"3";"2014-09-24"
48;"2014-03-26";"06:00:00";"3";"2014-07-28"
48;"2014-03-26";"06:00:00";"3";"2014-07-28"
1897;"2014-03-26";"06:00:00";"3";
1650;"2014-03-21";"06:00:00";"3";"2014-07-29"
1650;"2014-03-21";"06:00:00";"3";"2014-07-29"
1832;"2014-03-13";"06:00:00";"3";"2014-10-08"
1832;"2014-03-13";"06:00:00";"3";"2014-10-08"
862;"2014-03-13";"06:00:00";"3";"2014-08-28"
862;"2014-03-13";"06:00:00";"3";"2014-08-28"
587;"2014-03-12";"06:00:00";"3";"2014-09-10"
702;"2014-03-12";"04:00:00";"3";"2014-08-19"
587;"2014-03-12";"06:00:00";"3";"2014-09-10"
2101;"2014-03-10";"06:00:00";"3";"2014-09-08"
1826;"2014-03-10";"06:00:00";"3";"2014-09-08"
2101;"2014-03-10";"06:00:00";"3";"2018-04-11"
1826;"2014-03-10";"06:00:00";"3";"2014-09-08"
1924;"2014-03-06";"06:00:00";"3";"2014-08-27"
1924;"2014-03-06";"06:00:00";"3";"2014-08-27"
1827;"2014-03-01";"06:00:00";"3";"2014-08-26"
3143;"2014-03-01";"06:00:00";"3";"2014-08-27"
1827;"2014-03-01";"06:00:00";"3";"2014-08-26"
3143;"2014-03-01";"06:00:00";"3";"2014-08-27"
1461;"2014-02-24";"06:00:00";"3";"2014-08-25"
1461;"2014-02-24";"06:00:00";"3";"2014-08-25"
676;"2014-02-19";"06:00:00";"3";"2014-08-20"
676;"2014-02-19";"06:00:00";"3";"2014-08-20"
1474;"2014-02-17";"06:00:00";"3";"2014-08-14"
48;"2014-02-17";"06:00:00";"3";"2014-08-18"
1474;"2014-02-17";"06:00:00";"3";"2014-08-14"
48;"2014-02-17";"06:00:00";"3";"2016-02-17"
1824;"2014-02-10";"06:00:00";"3";"2016-02-11"
1824;"2014-02-10";"06:00:00";"3";"2014-08-11"
2180;"2014-01-30";"06:00:00";"3";"2014-07-31"
2180;"2014-01-30";"06:00:00";"3";"2014-07-31"
1785;"2014-01-24";"06:00:00";"3";
1886;"2014-01-24";"06:00:00";"3";"2014-07-25"
1785;"2014-01-24";"06:00:00";"3";"2014-07-25"
1886;"2014-01-24";"06:00:00";"3";"2014-07-25"
1904;"2014-01-23";"06:00:00";"3";"2014-07-24"
1904;"2014-01-23";"06:00:00";"3";"2014-07-24"
759;"2014-01-23";"06:00:00";"3";"2014-07-15"
759;"2014-01-23";"06:00:00";"3";"2014-07-15"
1854;"2014-01-22";"06:00:00";"3";"2014-07-23"
1854;"2014-01-22";"06:00:00";"3";"2014-07-23"
1833;"2014-01-13";"06:00:00";"3";"2014-07-09"
718;"2014-01-13";"06:00:00";"3";"2016-01-13"
718;"2014-01-13";"06:00:00";"3";"2014-07-14"
1833;"2014-01-13";"06:00:00";"3";"2014-07-09"
1993;"2014-01-09";"06:00:00";"3";"2014-07-10"
141;"2014-01-09";"06:00:00";"3";
141;"2014-01-09";"06:00:00";"3";"2014-07-10"
866;"2014-01-06";"06:00:00";"3";"2014-07-07"
866;"2014-01-06";"06:00:00";"3";"2014-07-07"
1163;"2014-01-06";"06:00:00";"3";
1163;"2014-01-06";"06:00:00";"3";"2014-07-07"
1134;"2013-12-16";"06:00:00";"3";"2014-06-16"
353;"2013-12-16";"06:00:00";"3";"2014-06-13"
1134;"2013-12-16";"06:00:00";"3";"2015-12-16"
353;"2013-12-16";"06:00:00";"3";"2014-06-13"
2005;"2013-12-11";"06:00:00";"3";"2014-06-11"
2005;"2013-12-11";"06:00:00";"3";"2015-08-31"
1895;"2013-11-28";"06:00:00";"3";"2014-05-30"
1895;"2013-11-28";"06:00:00";"3";"2014-05-29"
214;"2013-11-26";"06:00:00";"3";"2014-05-27"
214;"2013-11-26";"06:00:00";"3";"2014-05-27"
1930;"2013-11-25";"06:00:00";"3";"2014-05-30"
1930;"2013-11-25";"06:00:00";"3";"2014-05-30"
895;"2013-11-25";"06:00:00";"3";
895;"2013-11-25";"06:00:00";"3";"2014-05-26"
795;"2013-11-18";"06:00:00";"3";"2014-05-19"
795;"2013-11-18";"06:00:00";"3";"2014-05-19"
1937;"2013-11-11";"06:00:00";"3";"2014-05-12"
1821;"2013-11-11";"06:00:00";"3";"2014-03-14"
1937;"2013-11-11";"06:00:00";"3";"2014-05-12"
1443;"2013-11-11";"06:00:00";"3";
1443;"2013-11-11";"06:00:00";"3";"2014-05-12"
1821;"2013-11-11";"06:00:00";"3";"2014-03-14"
1253;"2013-11-08";"06:00:00";"3";
1253;"2013-11-08";"06:00:00";"3";"2014-05-09"
213;"2013-11-07";"06:00:00";"3";"2014-05-08"
213;"2013-11-07";"06:00:00";"3";
3165;"2013-11-04";"06:00:00";"3";"2014-04-01"
3165;"2013-11-04";"06:00:00";"3";"2014-04-01"
1988;"2013-10-31";"06:00:00";"3";"2014-05-01"
1988;"2013-10-31";"06:00:00";"3";"2014-05-01"
712;"2013-10-24";"06:00:00";"3";"2015-10-24"
712;"2013-10-24";"06:00:00";"3";"2014-04-24"
1831;"2013-10-10";"06:00:00";"3";"2014-02-17"
1831;"2013-10-10";"06:00:00";"3";"2014-02-17"
651;"2013-09-19";"06:00:00";"3";"2014-03-17"
651;"2013-09-19";"06:00:00";"3";"2014-03-17"
1879;"2013-08-26";"06:00:00";"3";
1879;"2013-08-26";"06:00:00";"3";"2014-02-24"
679;"2013-08-22";"06:00:00";"3";"2014-02-20"
679;"2013-08-22";"06:00:00";"3";"2014-02-20"
679;"2013-08-22";"06:00:00";"3";"2014-02-20"
679;"2013-08-22";"06:00:00";"3";"2014-02-20"
1648;"2013-08-14";"06:00:00";"3";"2013-08-23"
1648;"2013-08-14";"06:00:00";"3";"2013-08-23"
1367;"2013-08-12";"06:00:00";"3";"2014-02-10"
1648;"2013-08-12";"06:00:00";"3";"2014-02-10"
1648;"2013-08-12";"06:00:00";"3";"2015-08-12"
901;"2013-08-12";"06:00:00";"3";"2014-03-14"
1367;"2013-08-12";"06:00:00";"3";"2014-02-10"
901;"2013-08-12";"06:00:00";"3";"2014-03-14"
1826;"2013-08-06";"06:00:00";"3";"2014-02-03"
1826;"2013-08-06";"06:00:00";"3";"2014-02-03"
1638;"2013-08-01";"06:00:00";"3";"2014-01-30"
1957;"2013-08-01";"06:00:00";"3";"2014-01-30"
1957;"2013-08-01";"06:00:00";"3";"2014-01-30"
1638;"2013-08-01";"06:00:00";"3";"2014-01-30"
1885;"2013-07-29";"06:00:00";"3";"2014-01-24"
1885;"2013-07-29";"06:00:00";"3";"2014-01-24"
1645;"2013-07-29";"06:00:00";"3";"2013-12-19"
1645;"2013-07-29";"06:00:00";"3";"2013-12-19"
2260;"2013-07-22";"06:00:00";"3";"2014-01-20"
1886;"2013-07-22";"06:00:00";"3";"2014-01-20"
1886;"2013-07-22";"06:00:00";"3";"2014-01-20"
1619;"2013-07-16";"06:00:00";"3";"2014-01-14"
1619;"2013-07-16";"06:00:00";"3";"2015-07-16"
1867;"2013-07-15";"06:00:00";"3";"2014-01-20"
1867;"2013-07-15";"06:00:00";"3";"2014-01-20"
209;"2013-07-11";"06:00:00";"3";"2014-01-09"
209;"2013-07-11";"06:00:00";"3";
1818;"2013-07-09";"06:00:00";"3";"2013-11-18"
1818;"2013-07-09";"06:00:00";"3";"2013-11-18"
1650;"2013-07-04";"06:00:00";"3";
2072;"2013-07-04";"06:00:00";"3";"2014-01-02"
1827;"2013-07-04";"06:00:00";"3";"2014-01-13"
1650;"2013-07-04";"06:00:00";"3";"2014-01-10"
1827;"2013-07-04";"06:00:00";"3";
1650;"2013-07-04";"06:00:00";"3";"2015-07-04"
2072;"2013-07-04";"06:00:00";"3";"2014-01-02"
1650;"2013-07-04";"06:00:00";"3";"2014-01-10"
1945;"2013-07-03";"06:00:00";"3";"2014-01-01"
1945;"2013-07-03";"06:00:00";"3";"2014-01-01"
632;"2013-07-01";"06:00:00";"3";"2015-07-01"
632;"2013-07-01";"06:00:00";"3";"2013-12-30"
1797;"2013-06-27";"06:00:00";"3";"2014-01-13"
1797;"2013-06-27";"06:00:00";"3";"2014-01-13"
1789;"2013-06-24";"06:00:00";"3";"2013-11-28"
1789;"2013-06-24";"06:00:00";"3";"2013-11-28"
1399;"2013-06-21";"06:00:00";"3";"2013-10-08"
1399;"2013-06-21";"06:00:00";"3";"2013-10-08"
1888;"2013-06-18";"06:00:00";"3";"2013-12-17"
862;"2013-06-18";"06:00:00";"3";"2013-12-17"
862;"2013-06-18";"06:00:00";"3";
1888;"2013-06-18";"06:00:00";"3";"2013-12-17"
794;"2013-06-17";"06:00:00";"3";"2013-10-25"
794;"2013-06-17";"06:00:00";"3";"2013-10-25"
141;"2013-06-13";"06:00:00";"3";"2013-12-12"
141;"2013-06-13";"06:00:00";"3";"2013-09-27"
759;"2013-06-06";"06:00:00";"3";"2013-12-05"
759;"2013-06-06";"06:00:00";"3";
1134;"2013-05-29";"06:00:00";"3";"2013-10-09"
1134;"2013-05-29";"06:00:00";"3";"2013-10-09"
368;"2013-05-23";"06:00:00";"3";"2013-11-21"
368;"2013-05-23";"06:00:00";"3";"2013-11-21"
764;"2013-05-21";"06:00:00";"3";
764;"2013-05-21";"06:00:00";"3";"2013-11-19"
1932;"2013-05-20";"06:00:00";"3";"2013-11-18"
110;"2013-05-20";"06:00:00";"3";"2013-11-18"
1658;"2013-05-20";"06:00:00";"3";"2015-05-20"
1878;"2013-05-20";"06:00:00";"3";"2013-11-18"
1932;"2013-05-20";"06:00:00";"3";
796;"2013-05-20";"06:00:00";"3";"2013-11-18"
1878;"2013-05-20";"06:00:00";"3";"2013-11-18"
1932;"2013-05-20";"06:00:00";"3";"2013-11-18"
1932;"2013-05-20";"06:00:00";"3";"2013-11-18"
1658;"2013-05-20";"06:00:00";"3";"2014-05-20"
110;"2013-05-20";"06:00:00";"3";"2013-11-18"
1878;"2013-05-20";"06:00:00";"3";"2013-11-18"
796;"2013-05-20";"06:00:00";"3";"2013-11-18"
1878;"2013-05-20";"06:00:00";"3";"2013-11-18"
1474;"2013-05-15";"06:00:00";"3";"2013-11-13"
1474;"2013-05-15";"06:00:00";"3";
1444;"2013-05-10";"06:00:00";"3";"2013-11-08"
1444;"2013-05-10";"06:00:00";"3";"2013-11-08"
897;"2013-05-06";"06:00:00";"3";"2013-10-25"
654;"2013-05-06";"06:00:00";"3";"2013-10-25"
370;"2013-05-06";"06:00:00";"3";"2013-11-04"
1802;"2013-05-06";"06:00:00";"3";"2013-11-04"
1802;"2013-05-06";"06:00:00";"3";"2013-11-04"
370;"2013-05-06";"06:00:00";"3";"2013-11-04"
215;"2013-04-10";"06:00:00";"3";"2013-10-09"
678;"2013-04-10";"06:00:00";"3";"2013-10-02"
678;"2013-04-10";"06:00:00";"3";"2013-10-02"
215;"2013-04-10";"06:00:00";"3";"2013-08-26"
847;"2013-04-08";"06:00:00";"3";"2013-10-11"
847;"2013-04-08";"06:00:00";"3";"2013-10-07"
1763;"2013-04-08";"06:00:00";"3";"2013-09-23"
1763;"2013-04-08";"06:00:00";"3";"2013-09-23"
89;"2013-04-02";"06:00:00";"3";"2013-09-30"
89;"2013-04-02";"06:00:00";"3";"2013-09-30"
214;"2013-03-21";"06:00:00";"3";"2013-09-19"
214;"2013-03-21";"06:00:00";"3";"2015-03-21"
353;"2013-03-14";"06:00:00";"3";
353;"2013-03-14";"06:00:00";"3";"2013-09-12"
465;"2013-03-11";"06:00:00";"3";"2013-09-05"
465;"2013-03-11";"06:00:00";"3";"2013-09-05"
1195;"2013-03-11";"06:00:00";"3";"2013-09-09"
1195;"2013-03-11";"06:00:00";"3";"2013-09-13"
50;"2013-03-06";"06:00:00";"3";"2013-09-04"
50;"2013-03-06";"06:00:00";"3";"2013-09-04"
1846;"2013-03-01";"06:00:00";"3";"2013-08-30"
1846;"2013-03-01";"06:00:00";"3";"2013-08-30"
166;"2013-02-22";"06:00:00";"3";"2013-08-23"
166;"2013-02-22";"06:00:00";"3";"2013-08-23"
520;"2013-02-20";"06:00:00";"3";"2013-08-23"
520;"2013-02-20";"06:00:00";"3";"2013-08-23"
3172;"2013-02-05";"06:00:00";"3";"2013-08-06"
3172;"2013-02-05";"06:00:00";"3";"2013-08-06"
1801;"2013-02-05";"06:00:00";"3";
1801;"2013-02-05";"06:00:00";"3";"2013-08-06"
2005;"2013-01-30";"06:00:00";"3";"2013-07-31"
2005;"2013-01-30";"06:00:00";"3";"2013-07-31"
195;"2013-01-24";"06:00:00";"3";"2013-07-25"
195;"2013-01-24";"06:00:00";"3";"2013-07-25"
549;"2013-01-23";"06:00:00";"3";"2013-07-24"
1817;"2013-01-23";"06:00:00";"3";"2013-06-12"
549;"2013-01-23";"06:00:00";"3";"2013-07-24"
3188;"2013-01-15";"06:00:00";"3";"2013-07-12"
3188;"2013-01-15";"06:00:00";"3";"2013-07-12"
1784;"2013-01-10";"06:00:00";"3";"2013-07-11"
1784;"2013-01-10";"06:00:00";"3";"2013-07-11"
1339;"2012-12-21";"06:00:00";"3";"2013-04-18"
1339;"2012-12-21";"06:00:00";"3";"2013-04-18"
1339;"2012-12-21";"06:00:00";"3";"2013-06-21"
1339;"2012-12-21";"06:00:00";"3";"2013-06-21"
896;"2012-12-20";"06:00:00";"3";"2013-06-11"
896;"2012-12-20";"06:00:00";"3";"2013-06-11"
1793;"2012-12-17";"06:00:00";"3";"2013-11-21"
1793;"2012-12-17";"06:00:00";"3";"2013-11-21"
1775;"2012-12-13";"06:00:00";"3";"2013-05-29"
1775;"2012-12-13";"06:00:00";"3";"2013-05-29"
1461;"2012-12-03";"06:00:00";"3";"2013-06-03"
1461;"2012-12-03";"06:00:00";"3";"2013-06-03"
689;"2012-11-27";"06:00:00";"3";"2013-04-15"
689;"2012-11-27";"06:00:00";"3";"2013-04-15"
1817;"2012-11-19";"06:00:00";"3";"2013-03-01"
685;"2012-11-13";"06:00:00";"3";"2013-05-14"
685;"2012-11-13";"06:00:00";"3";"2014-11-13"
1819;"2012-11-05";"06:00:00";"3";"2013-06-24"
1819;"2012-11-05";"06:00:00";"3";"2013-06-24"
1244;"2012-10-25";"06:00:00";"3";"2013-03-27"
1244;"2012-10-25";"06:00:00";"3";"2013-03-27"
1950;"2012-10-22";"06:00:00";"3";"2013-04-22"
1950;"2012-10-22";"06:00:00";"3";"2013-02-28"
679;"2012-09-24";"06:00:00";"3";"2013-03-25"
181;"2012-09-24";"06:00:00";"3";
679;"2012-09-24";"06:00:00";"3";"2013-03-25"
181;"2012-09-24";"06:00:00";"3";"2013-03-25"
1948;"2012-09-21";"06:00:00";"3";"2013-05-22"
1948;"2012-09-21";"06:00:00";"3";"2013-03-22"
1503;"2012-09-18";"06:00:00";"3";"2014-09-17"
1503;"2012-09-18";"06:00:00";"3";"2013-03-19"
426;"2012-09-14";"06:00:00";"3";"2013-03-11"
426;"2012-09-14";"06:00:00";"3";"2013-03-11"
1833;"2012-09-14";"06:00:00";"3";"2014-09-14"
690;"2012-09-14";"06:00:00";"3";"2014-09-14"
1833;"2012-09-14";"06:00:00";"3";"2013-03-15"
690;"2012-09-14";"06:00:00";"3";"2013-03-15"
795;"2012-09-11";"06:00:00";"3";"2013-03-12"
795;"2012-09-11";"06:00:00";"3";"2014-09-11"
1832;"2012-09-10";"06:00:00";"3";"2013-03-11"
1832;"2012-09-10";"06:00:00";"3";"2013-03-11"
690;"2012-09-10";"06:00:00";"3";"2013-03-11"
690;"2012-09-10";"06:00:00";"3";"2013-03-11"
1994;"2012-09-04";"06:00:00";"3";"2013-03-05"
1994;"2012-09-04";"06:00:00";"3";"2014-09-04"
1924;"2012-09-03";"06:00:00";"3";"2014-09-03"
1924;"2012-09-03";"06:00:00";"3";"2013-03-04"
454;"2012-08-29";"06:00:00";"3";"2013-02-28"
454;"2012-08-29";"06:00:00";"3";"2013-02-28"
1808;"2012-08-29";"06:00:00";"3";"2012-12-14"
1808;"2012-08-29";"06:00:00";"3";"2012-12-14"
1600;"2012-08-07";"06:00:00";"3";"2013-02-05"
1600;"2012-08-07";"06:00:00";"3";"2013-02-05"
243;"2012-08-06";"06:00:00";"3";"2014-08-06"
243;"2012-08-06";"06:00:00";"3";"2013-02-04"
88;"2012-05-22";"06:00:00";"3";"2012-10-30"
88;"2012-05-22";"06:00:00";"3";"2012-11-20"
1769;"2012-05-21";"06:00:00";"3";"2013-02-26"
1769;"2012-05-21";"06:00:00";"3";"2013-02-26"
1771;"2012-05-14";"06:00:00";"3";"2013-03-01"
1771;"2012-05-14";"06:00:00";"3";"2012-11-12"
1771;"2012-05-14";"06:00:00";"3";"2013-03-01"
1771;"2012-05-14";"06:00:00";"3";"2012-11-12"
825;"2012-05-09";"06:00:00";"3";"2013-02-14"
825;"2012-05-09";"06:00:00";"3";"2013-02-14"
1519;"2012-05-08";"06:00:00";"3";"2012-11-06"
1922;"2012-05-08";"06:00:00";"3";"2012-11-06"
1922;"2012-05-08";"06:00:00";"3";"2012-11-09"
3194;"2012-05-03";"06:00:00";"3";"2013-08-07"
3194;"2012-05-03";"06:00:00";"3";"2013-08-07"
1789;"2012-04-24";"06:00:00";"3";"2012-10-23"
1816;"2012-04-24";"06:00:00";"3";"2013-02-22"
1816;"2012-04-24";"06:00:00";"3";"2013-02-22"
1789;"2012-04-24";"06:00:00";"3";"2012-10-23"
1165;"2012-04-23";"06:00:00";"3";"2012-10-22"
1165;"2012-04-23";"06:00:00";"3";"2012-10-22"
1351;"2012-04-17";"06:00:00";"3";"2012-12-14"
6;"2012-04-17";"06:00:00";"3";"2012-11-27"
643;"2012-04-17";"06:00:00";"3";"2012-12-17"
643;"2012-04-17";"06:00:00";"3";"2012-10-16"
220;"2012-04-17";"06:00:00";"3";"2014-02-13"
220;"2012-04-17";"06:00:00";"3";"2012-10-16"
220;"2012-04-17";"06:00:00";"3";"2012-10-16"
1351;"2012-04-17";"06:00:00";"3";"2012-12-14"
6;"2012-04-17";"06:00:00";"3";"2012-11-27"
1649;"2012-04-10";"06:00:00";"3";"2012-10-09"
1649;"2012-04-10";"06:00:00";"3";"2012-10-09"
1973;"2012-04-04";"06:00:00";"3";"2012-10-03"
1973;"2012-04-04";"06:00:00";"3";"2012-09-18"
1761;"2012-04-02";"06:00:00";"3";"2012-09-28"
1761;"2012-04-02";"06:00:00";"3";"2012-09-28"
1758;"2012-03-27";"06:00:00";"3";"2013-01-22"
1758;"2012-03-27";"06:00:00";"3";"2013-01-22"
86;"2012-03-26";"06:00:00";"3";"2013-01-23"
678;"2012-03-26";"06:00:00";"3";"2012-09-24"
86;"2012-03-26";"06:00:00";"3";"2013-01-23"
678;"2012-03-26";"06:00:00";"3";"2012-09-24"
1767;"2012-03-19";"06:00:00";"3";"2012-10-08"
1817;"2012-03-19";"06:00:00";"3";"2012-09-17"
1767;"2012-03-19";"06:00:00";"3";"2012-10-08"
1817;"2012-03-19";"06:00:00";"3";"2012-09-17"
1366;"2012-03-19";"06:00:00";"3";"2012-10-22"
1366;"2012-03-19";"06:00:00";"3";"2012-10-22"
142;"2012-03-13";"06:00:00";"3";"2012-12-10"
644;"2012-03-13";"06:00:00";"3";"2012-10-31"
142;"2012-03-13";"06:00:00";"3";"2012-11-26"
1164;"2012-03-13";"06:00:00";"3";"2012-12-21"
1615;"2012-03-13";"06:00:00";"3";"2012-09-25"
1164;"2012-03-13";"06:00:00";"3";"2012-12-21"
1615;"2012-03-13";"06:00:00";"3";"2012-09-11"
644;"2012-03-13";"06:00:00";"3";"2012-10-31"
201;"2012-03-08";"06:00:00";"3";"2013-04-11"
1812;"2012-03-08";"06:00:00";"3";"2012-12-21"
1812;"2012-03-08";"06:00:00";"3";"2012-12-21"
201;"2012-03-08";"06:00:00";"3";"2013-04-11"
3145;"2012-03-06";"06:00:00";"3";"2012-12-21"
1864;"2012-03-06";"06:00:00";"3";"2012-09-04"
3145;"2012-03-06";"06:00:00";"3";"2012-12-21"
1864;"2012-03-06";"06:00:00";"3";"2012-09-18"
1807;"2012-03-05";"06:00:00";"3";"2012-10-23"
1881;"2012-03-05";"06:00:00";"3";"2012-09-03"
1807;"2012-03-05";"06:00:00";"3";"2012-10-23"
210;"2012-03-05";"06:00:00";"3";"2012-09-18"
1881;"2012-03-05";"06:00:00";"3";"2012-09-03"
210;"2012-03-05";"06:00:00";"3";"2012-09-03"
895;"2012-03-02";"06:00:00";"3";"2012-08-31"
895;"2012-03-02";"06:00:00";"3";"2012-11-09"
3178;"2012-02-28";"06:00:00";"3";"2012-09-20"
3178;"2012-02-28";"06:00:00";"3";"2012-09-20"
1836;"2012-02-27";"06:00:00";"3";"2012-11-14"
1436;"2012-02-27";"06:00:00";"3";"2012-10-11"
1836;"2012-02-27";"06:00:00";"3";"2012-11-14"
39;"2012-02-15";"06:00:00";"3";"2012-12-14"
39;"2012-02-15";"06:00:00";"3";"2012-12-14"
760;"2012-02-07";"06:00:00";"3";"2012-12-11"
1770;"2012-02-07";"06:00:00";"3";"2012-11-22"
1770;"2012-02-07";"06:00:00";"3";"2012-11-22"
760;"2012-02-07";"06:00:00";"3";"2012-12-11"
1782;"2012-01-17";"06:00:00";"3";"2012-11-13"
1782;"2012-01-17";"06:00:00";"3";"2012-11-13"
657;"2012-01-10";"06:00:00";"3";"2013-01-18"
657;"2012-01-10";"06:00:00";"3";"2012-07-10"
657;"2012-01-10";"06:00:00";"3";"2012-07-10"
761;"2012-01-04";"06:00:00";"3";"2012-05-09"
761;"2012-01-04";"06:00:00";"3";"2012-05-09"
1436;"2011-12-22";"06:00:00";"3";"2012-03-15"
758;"2011-12-22";"06:00:00";"3";"2012-11-09"
758;"2011-12-22";"06:00:00";"3";"2012-06-21"
1436;"2011-12-22";"06:00:00";"3";"2012-10-11"
1843;"2011-12-15";"06:00:00";"3";"2012-04-30"
1843;"2011-12-15";"06:00:00";"3";"2012-06-15"
1783;"2011-12-13";"06:00:00";"3";"2012-06-12"
1783;"2011-12-13";"06:00:00";"3";"2012-10-05"
1783;"2011-12-13";"06:00:00";"3";"2012-10-05"
1783;"2011-12-13";"06:00:00";"3";"2012-06-12"
1483;"2011-12-01";"06:00:00";"3";"2012-04-20"
1483;"2011-12-01";"06:00:00";"3";"2012-04-20"
759;"2011-11-17";"06:00:00";"3";"2012-05-17"
759;"2011-11-17";"06:00:00";"3";"2012-05-17"
1244;"2011-11-03";"06:00:00";"3";"2012-05-03"
1244;"2011-11-03";"06:00:00";"3";"2012-05-03"
2;"2011-10-25";"06:00:00";"3";"2012-04-30"
1764;"2011-10-25";"06:00:00";"3";"2012-03-20"
1764;"2011-10-25";"06:00:00";"3";"2012-03-20"
2;"2011-10-25";"06:00:00";"3";"2012-04-30"
1815;"2011-10-24";"06:00:00";"3";"2012-04-25"
1815;"2011-10-24";"06:00:00";"3";"2012-04-25"
1788;"2011-10-17";"06:00:00";"3";"2012-04-19"
1788;"2011-10-17";"06:00:00";"3";"2012-04-19"
1775;"2011-10-11";"06:00:00";"3";"2012-04-10"
1775;"2011-10-11";"06:00:00";"3";"2012-04-10"
1842;"2011-10-10";"06:00:00";"3";"2012-03-30"
1842;"2011-10-10";"06:00:00";"3";"2012-04-09"
1794;"2011-10-05";"06:00:00";"3";"2012-03-12"
1641;"2011-10-05";"06:00:00";"3";"2012-03-09"
1794;"2011-10-05";"06:00:00";"3";"2012-03-12"
1641;"2011-10-05";"06:00:00";"3";"2012-03-09"
1786;"2011-10-03";"06:00:00";"3";"2013-10-03"
1786;"2011-10-03";"06:00:00";"3";"2012-04-02"
1786;"2011-10-03";"06:00:00";"3";"2012-03-22"
3187;"2011-10-03";"06:00:00";"3";"2013-06-20"
1786;"2011-10-03";"06:00:00";"3";"2012-03-22"
3187;"2011-10-03";"06:00:00";"3";"2013-06-20"
1634;"2011-09-30";"06:00:00";"3";"2012-04-09"
1634;"2011-09-30";"06:00:00";"3";"2012-04-09"
1800;"2011-09-28";"06:00:00";"3";"2012-03-22"
1800;"2011-09-28";"06:00:00";"3";"2012-03-22"
1779;"2011-09-27";"06:00:00";"3";"2012-03-15"
1779;"2011-09-27";"06:00:00";"3";"2012-03-15"
1558;"2011-09-27";"06:00:00";"3";"2012-03-21"
1558;"2011-09-27";"06:00:00";"3";"2012-03-21"
1873;"2011-09-26";"06:00:00";"3";"2012-02-24"
1873;"2011-09-26";"06:00:00";"3";"2012-03-26"
1809;"2011-09-23";"06:00:00";"3";"2012-03-21"
1809;"2011-09-23";"06:00:00";"3";"2012-03-21"
1642;"2011-09-15";"06:00:00";"3";"2012-03-15"
641;"2011-09-15";"06:00:00";"3";"2012-02-03"
641;"2011-09-15";"06:00:00";"3";"2012-02-03"
1642;"2011-09-15";"06:00:00";"3";"2012-03-15"
1780;"2011-09-14";"06:00:00";"3";"2012-01-31"
1780;"2011-09-14";"06:00:00";"3";"2012-01-31"
90;"2011-09-09";"06:00:00";"3";"2012-03-09"
90;"2011-09-09";"06:00:00";"3";"2012-03-09"
206;"2011-09-07";"06:00:00";"3";"2012-03-16"
206;"2011-09-07";"06:00:00";"3";"2012-03-16"
1791;"2011-09-05";"06:00:00";"3";"2013-01-17"
1791;"2011-09-05";"06:00:00";"3";"2012-03-05"
1791;"2011-09-05";"06:00:00";"3";"2013-01-17"
1791;"2011-09-05";"06:00:00";"3";"2012-03-05"
3;"2011-08-30";"06:00:00";"3";"2012-02-23"
3;"2011-08-30";"06:00:00";"3";"2012-02-23"
1822;"2011-08-19";"06:00:00";"3";"2012-01-17"
1822;"2011-08-19";"06:00:00";"3";"2012-01-17"
198;"2011-07-19";"06:00:00";"3";"2011-12-08"
198;"2011-07-19";"06:00:00";"3";"2011-12-08"
1828;"2011-07-15";"06:00:00";"3";"2011-12-21"
1828;"2011-07-15";"06:00:00";"3";"2011-12-21"
1762;"2011-07-11";"06:00:00";"3";"2012-01-06"
1762;"2011-07-11";"06:00:00";"3";"2012-01-06"
1796;"2011-05-06";"06:00:00";"3";"2011-11-10"
1796;"2011-05-06";"06:00:00";"3";"2011-11-10"
196;"2011-04-26";"06:00:00";"3";"2011-10-21"
196;"2011-04-26";"06:00:00";"3";"2011-10-21"
367;"2011-04-20";"06:00:00";"3";"2011-10-10"
367;"2011-04-20";"06:00:00";"3";"2011-10-10"
665;"2011-04-05";"06:00:00";"3";"2011-09-29"
1439;"2011-04-05";"06:00:00";"3";"2011-09-28"
665;"2011-04-05";"06:00:00";"3";"2011-09-29"
1439;"2011-04-05";"06:00:00";"3";"2011-09-28"
4;"2011-03-29";"06:00:00";"3";"2012-01-19"
4;"2011-03-29";"06:00:00";"3";"2012-01-19"
537;"2011-02-25";"06:00:00";"3";"2011-09-02"
537;"2011-02-25";"06:00:00";"3";"2011-09-02"
1805;"2011-02-22";"06:00:00";"3";"2011-08-23"
1805;"2011-02-22";"06:00:00";"3";"2011-08-23"
1790;"2011-02-14";"06:00:00";"3";"2012-03-21"
1790;"2011-02-14";"06:00:00";"3";"2012-03-21"
517;"2011-02-14";"06:00:00";"3";"2011-08-15"
1592;"2011-02-14";"06:00:00";"3";"2011-08-19"
517;"2011-02-14";"06:00:00";"3";
1592;"2011-02-14";"06:00:00";"3";"2011-08-19"
5;"2011-02-07";"06:00:00";"3";"2011-07-14"
5;"2011-02-07";"06:00:00";"3";"2011-07-14"
1197;"2011-01-31";"06:00:00";"3";"2011-08-03"
1197;"2011-01-31";"06:00:00";"3";"2011-08-03"
1731;"2011-01-28";"06:00:00";"3";"2011-08-09"
1731;"2011-01-28";"06:00:00";"3";"2011-08-09"
1633;"2011-01-11";"06:00:00";"3";"2011-07-05"
1633;"2011-01-11";"06:00:00";"3";"2011-07-05"
1768;"2011-01-03";"06:00:00";"3";"2011-07-08"
1768;"2011-01-03";"06:00:00";"3";"2011-07-08"
894;"2010-12-15";"06:00:00";"3";"2012-02-13"
1486;"2010-12-15";"06:00:00";"3";"2011-06-09"
894;"2010-12-15";"06:00:00";"3";"2012-02-13"
1486;"2010-12-15";"06:00:00";"3";"2011-06-09"
46;"2010-11-11";"06:00:00";"3";"2011-03-24"
46;"2010-11-11";"06:00:00";"3";"2011-03-24"
197;"2010-10-27";"06:00:00";"3";"2011-03-18"
197;"2010-10-27";"06:00:00";"3";"2011-03-18"
1795;"2010-10-26";"06:00:00";"3";"2011-04-18"
1795;"2010-10-26";"06:00:00";"3";"2011-05-26"
1776;"2010-10-21";"06:00:00";"3";"2011-05-06"
1776;"2010-10-21";"06:00:00";"3";"2011-05-12"
1781;"2010-10-20";"06:00:00";"3";"2011-02-16"
1781;"2010-10-20";"06:00:00";"3";"2011-02-16"
682;"2010-10-19";"06:00:00";"3";"2011-03-17"
877;"2010-10-19";"06:00:00";"3";"2011-02-16"
682;"2010-10-19";"06:00:00";"3";"2011-03-17"
877;"2010-10-19";"06:00:00";"3";"2011-02-16"
192;"2010-10-13";"06:00:00";"3";"2011-03-24"
192;"2010-10-13";"06:00:00";"3";"2011-03-24"
1755;"2010-10-13";"06:00:00";"3";"2011-04-08"
841;"2010-10-13";"06:00:00";"3";"2011-07-08"
1756;"2010-10-13";"06:00:00";"3";"2012-03-19"
1756;"2010-10-13";"06:00:00";"3";"2012-03-19"
841;"2010-10-13";"06:00:00";"3";"2011-04-08"
1755;"2010-10-13";"06:00:00";"3";"2011-04-08"
898;"2010-10-05";"06:00:00";"3";"2011-02-15"
898;"2010-10-05";"06:00:00";"3";"2011-02-15"
1364;"2010-09-21";"06:00:00";"3";"2011-01-11"
1364;"2010-09-21";"06:00:00";"3";"2011-01-11"
504;"2010-09-10";"06:00:00";"3";"2011-03-04"
504;"2010-09-10";"06:00:00";"3";"2011-03-04"
1363;"2010-09-10";"06:00:00";"3";"2011-03-11"
1363;"2010-09-10";"06:00:00";"3";"2011-02-17"
1778;"2010-09-06";"06:00:00";"3";"2011-03-04"
1778;"2010-09-06";"06:00:00";"3";"2011-03-04"
1760;"2010-08-25";"06:00:00";"3";"2010-12-14"
1760;"2010-08-25";"06:00:00";"3";"2010-12-14"
3134;"2010-08-24";"06:00:00";"3";"2011-02-18"
3134;"2010-08-24";"06:00:00";"3";"2011-02-18"
1799;"2010-08-24";"06:00:00";"3";"2011-02-18"
1799;"2010-08-24";"06:00:00";"3";"2011-02-18"
1731;"2010-06-09";"06:00:00";"3";"2010-12-08"
1731;"2010-06-09";"06:00:00";"3";"2010-12-08"
189;"2010-05-20";"06:00:00";"3";"2010-11-19"
189;"2010-05-20";"06:00:00";"3";"2010-11-19"
1704;"2010-05-19";"06:00:00";"3";"2010-08-27"
1704;"2010-05-19";"06:00:00";"3";"2010-08-27"
1738;"2010-04-22";"06:00:00";"3";"2010-09-15"
1738;"2010-04-22";"06:00:00";"3";"2010-09-15"
1774;"2010-04-15";"06:00:00";"3";"2010-09-02"
1774;"2010-04-15";"06:00:00";"3";"2010-09-02"
6;"2010-03-30";"06:00:00";"3";"2010-09-28"
6;"2010-03-30";"06:00:00";"3";"2010-09-28"
1766;"2010-03-25";"06:00:00";"3";"2011-03-21"
1766;"2010-03-25";"06:00:00";"3";"2011-03-22"
199;"2010-03-22";"06:00:00";"3";"2010-09-06"
199;"2010-03-22";"06:00:00";"3";"2010-09-06"
87;"2010-03-18";"06:00:00";"3";"2010-09-15"
87;"2010-03-18";"06:00:00";"3";"2010-09-15"
1250;"2010-03-11";"06:00:00";"3";"2010-06-24"
1250;"2010-03-11";"06:00:00";"3";"2010-06-24"
1114;"2010-03-11";"06:00:00";"3";"2010-09-03"
1114;"2010-03-11";"06:00:00";"3";"2010-09-03"
1360;"2010-03-10";"06:00:00";"3";"2010-07-26"
1360;"2010-03-10";"06:00:00";"3";"2010-07-26"
1480;"2009-11-05";"06:00:00";"3";"2010-02-08"
1480;"2009-11-05";"06:00:00";"3";"2010-02-08"
1632;"2009-10-29";"06:00:00";"3";"2010-04-30"
1632;"2009-10-29";"06:00:00";"3";"2010-04-30"
680;"2009-10-15";"06:00:00";"3";"2010-02-04"
680;"2009-10-15";"06:00:00";"3";"2010-02-04"
1752;"2009-10-14";"06:00:00";"3";"2010-04-07"
1752;"2009-10-14";"06:00:00";"3";"2010-04-07"
546;"2009-10-08";"06:00:00";"3";"2010-03-31"
546;"2009-10-08";"06:00:00";"3";"2010-03-31"
7;"2009-10-07";"06:00:00";"3";"2010-01-20"
1757;"2009-10-07";"06:00:00";"3";"2010-02-02"
1757;"2009-10-07";"06:00:00";"3";"2010-02-05"
7;"2009-10-07";"06:00:00";"3";"2010-01-20"
671;"2009-09-16";"06:00:00";"3";"2010-01-13"
671;"2009-09-16";"06:00:00";"3";"2010-01-13"
524;"2009-09-14";"06:00:00";"3";"2010-01-13"
524;"2009-09-14";"06:00:00";"3";"2010-01-13"
542;"2009-09-10";"06:00:00";"3";"2010-03-11"
542;"2009-09-10";"06:00:00";"3";"2010-03-11"
873;"2009-09-03";"06:00:00";"3";"2010-03-15"
873;"2009-09-03";"06:00:00";"3";"2010-03-15"
1742;"2009-09-01";"06:00:00";"3";"2009-10-22"
1742;"2009-09-01";"06:00:00";"3";"2009-10-22"
1754;"2009-08-24";"06:00:00";"3";"2009-12-17"
1754;"2009-08-24";"06:00:00";"3";"2009-12-17"
1245;"2009-08-20";"06:00:00";"3";"2010-01-14"
1245;"2009-08-20";"06:00:00";"3";"2010-01-14"
369;"2009-06-15";"06:00:00";"3";"2009-11-03"
369;"2009-06-15";"06:00:00";"3";"2009-11-03"
45;"2009-06-01";"06:00:00";"3";"2009-10-23"
45;"2009-06-01";"06:00:00";"3";"2009-10-23"
137;"2009-05-12";"06:00:00";"3";"2009-11-17"
137;"2009-05-12";"06:00:00";"3";"2009-11-17"
1201;"2001-09-12";"06:00:00";"3";"2012-03-09"
1201;"2001-09-12";"06:00:00";"3";"2012-03-09"
